[State Cleaner Thread] Started.
2026/10/08 07:48:03 Starting Parent Chain Node...
[nomt_ffi] Detected existing HT file for path '/tmp/gate_4val_p06/parent/parentchain_db/nomt' with 64000 pages (requested 64000). Overriding.
2026/10/08 07:48:03 🔍 [PARENT-CHAIN-STARTUP] NOMT state root verified with block #84: 0x7570d0a370e0b03336f7fd82fbc3edaa5e8a85acd6162235a2afde1b66b14e00
⚠️ Warning: Genesis has 1 validators (< 4). Minimum 4 required for BFT quorum in production.
2026/10/08 07:48:03 Loaded genesis from /tmp/gate_4val_p06/parent/parent_genesis.json: chain_id=991, validators=1
2026/10/08 07:48:03 ⚠️ open_cluster_registration=true: ANY key may register as a cluster and certify deposits (devnet only)
2026/10/08 07:48:03 Genesis float: 2 account(s) will be created in block 1
2026/10/08 07:48:03 ⚠️ allow_deposit_to_float=true: clusters can MINT float (devnet only)
2026/10/08 07:48:03 Parent Chain: Recovered at block #84 (GEI 84), stateRoot=0x7570d0a370e0b03336f7fd82fbc3edaa5e8a85acd6162235a2afde1b66b14e00
2026/10/08 07:48:03 Initializing FFI Bridge...
2026/10/08 07:48:03 Loaded last block #84 from DBStore (state_root=0x7570d0a370e0b03336f7fd82fbc3edaa5e8a85acd6162235a2afde1b66b14e00, commit_index=63705)
[32m[INFO][Oct  8 07:48:03]  ✅ [INIT-DEBUG] SetBlockchainInitDone() CALLED! flag=1 (should be 1), lastBlockNumber=84[0m
2026/10/08 07:48:03 Starting Parent Chain RPC server on :31601
Starting MetaNode Consensus Engine via CGo FFI. Config: /tmp/gate_4val_p06/parent/node_parent.toml
[32m[INFO][Oct  8 07:48:03]  [FFI Bridge] Starting MetaNode Consensus Engine via CGo FFI[0m
[33m[WARN][Oct  8 07:48:03]  [FFI Bridge] MetaNode Consensus Engine exited[0m
[32m[INFO][Oct  8 07:48:03]  [RUST] 2026-10-08T07:48:03.676138Z  INFO metanode::ffi: Starting MetaNode Consensus Engine (FFI Thread)...[0m
[32m[INFO][Oct  8 07:48:03]  [RUST] 2026-10-08T07:48:03.676401Z  INFO metanode::liveness_watchdog: 🐕 [LIVENESS WATCHDOG] started (timeout=30s) -- see liveness_watchdog.rs doc comment / project memory Phuong an A mục 21[0m
[32m[INFO][Oct  8 07:48:03]  [RUST] 2026-10-08T07:48:03.689085Z  INFO metanode::ffi: Storage path unified to Go data dir: "/tmp/gate_4val_p06/parent/consensus/rust_consensus"[0m
[32m[INFO][Oct  8 07:48:03]  [RUST] 2026-10-08T07:48:03.689133Z  INFO metanode::ffi: Node ID: 0[0m
[32m[INFO][Oct  8 07:48:03]  [RUST] 2026-10-08T07:48:03.689156Z  INFO metanode::ffi: Network address: 127.0.0.1:31001[0m
[32m[INFO][Oct  8 07:48:03]  [RUST] 2026-10-08T07:48:03.689248Z  INFO metanode::node::startup: 🔌 [STARTUP] Early FFI Transaction Channel initialized to prevent Go deadlocks.[0m
[32m[INFO][Oct  8 07:48:03]  [RUST] 2026-10-08T07:48:03.689450Z  INFO metanode::node::startup: Metrics server started at http://127.0.0.1:31901/metrics[0m
[32m[INFO][Oct  8 07:48:03]  [RUST] 2026-10-08T07:48:03.689564Z  INFO metanode::node::consensus_node: Initializing consensus node 0...[0m
[32m[INFO][Oct  8 07:48:03]  [RUST] 2026-10-08T07:48:03.689658Z  INFO metanode::node::setup_storage: 🚀 [STARTUP] Loading latest block, epoch and committee from Go state...[0m
[32m[INFO][Oct  8 07:48:03]  [RUST] 2026-10-08T07:48:03.689701Z  INFO metanode::node::executor_client: 🔧 [EXECUTOR CLIENT] Creating executor client: initial_next_expected=1, storage_path=Some("/tmp/gate_4val_p06/parent/consensus/rust_consensus")[0m
[32m[INFO][Oct  8 07:48:03]  [RUST] 2026-10-08T07:48:03.689727Z  INFO metanode::node::executor_client::connection_pool: 🏊 [CONN POOL] Created NO-OP pool (FFI mode — connections bypassed)[0m
[32m[INFO][Oct  8 07:48:03]  [RUST] 2026-10-08T07:48:03.691021Z  INFO metanode::node::setup_storage: ✅ [STARTUP] Got block number 84 from Go (is_ready=true) (attempt 1)[0m
[32m[INFO][Oct  8 07:48:03]  [RUST] 2026-10-08T07:48:03.691101Z  INFO metanode::node::setup_storage: ✅ [STARTUP] Got epoch 0 from Go (block=84)[0m
[32m[INFO][Oct  8 07:48:03]  [RUST] 2026-10-08T07:48:03.691123Z  INFO metanode::node::setup_storage: 📋 [STARTUP] Using LOCAL Go epoch 0 (skipping peer discovery to prevent deadlock)[0m
[32m[INFO][Oct  8 07:48:03]  [RUST] 2026-10-08T07:48:03.691131Z  INFO metanode::node::setup_storage: 📊 [STARTUP] Go State: Block 84, Epoch 0 (peer_block=84)[0m
[32m[INFO][Oct  8 07:48:03]  [RUST] 2026-10-08T07:48:03.691180Z  INFO metanode::node::setup_storage: 📊 [STARTUP] Using epoch 0 (synced with Go)[0m
[32m[INFO][Oct  8 07:48:03]  [Go Server] Received GetEpochBoundaryDataRequest (unified epoch boundary) for epoch 0[0m
[32m[INFO][Oct  8 07:48:03]  📊 [EPOCH BOUNDARY] Handling GetEpochBoundaryDataRequest%!(EXTRA string=epoch, uint64=0)[0m
[32m[INFO][Oct  8 07:48:03]  [Go Server] GetEpochBoundaryDataRequest handled, sending EpochBoundaryData with epoch=0, timestamp_ms=1700000000000, boundary_block=0, validator_count=1[0m
[32m[INFO][Oct  8 07:48:03]  [RUST] 2026-10-08T07:48:03.691486Z  INFO metanode::node::executor_client::rpc_queries_epoch: 📥 [EXECUTOR-REQ] Received 282 bytes from Go FFI (GetEpochBoundaryData), decoding...[0m
[32m[INFO][Oct  8 07:48:03]  [RUST] 2026-10-08T07:48:03.691505Z  INFO metanode::node::executor_client::rpc_queries_epoch: ✅ [EPOCH BOUNDARY] Received unified epoch boundary data from Go FFI: epoch=0, timestamp_ms=1700000000000, boundary_block=0, validator_count=1[0m
[32m[INFO][Oct  8 07:48:03]  [RUST] 2026-10-08T07:48:03.691524Z  INFO metanode::node::executor_client::rpc_queries_epoch: 📥 [RUST←GO] EpochBoundaryData Validator[0]: address=0x7e615e4a500AB42b7Bb3FdBb62Fbb8Bd10385fC5, stake=1000000000000000000, name=node-0, authority_key=91462b62f7ff7c3532805f3e9c874d013000967414dc16520f...[0m
[32m[INFO][Oct  8 07:48:03]  [RUST] 2026-10-08T07:48:03.691536Z  INFO metanode::node::setup_storage: ✅ [STARTUP] Got epoch boundary data for epoch 0 from Go (epoch_duration=86400s, boundary_gei=0)[0m
[32m[INFO][Oct  8 07:48:03]  [RUST] 2026-10-08T07:48:03.691545Z  INFO metanode::node::setup_storage: 📊 [STARTUP] Using epoch boundary data: epoch=0, boundary_block=0, epoch_timestamp=1700000000000ms, validators=1, boundary_gei=0[0m
[32m[INFO][Oct  8 07:48:03]  [RUST] 2026-10-08T07:48:03.691711Z  INFO metanode::node::committee: 📊 Built committee with 1 authorities and 1 eth_addresses for epoch 0[0m
[32m[INFO][Oct  8 07:48:03]  [RUST] 2026-10-08T07:48:03.691727Z  INFO metanode::node::setup_storage: ✅ Loaded committee with 1 authorities and 1 eth_addresses (from epoch boundary). Committee hash=355ccff787b55d59... (epoch 0)[0m
[32m[INFO][Oct  8 07:48:03]  [RUST] 2026-10-08T07:48:03.691736Z  INFO metanode::node::setup_storage:   📋 [COMMITTEE] Validator 0: ETH=0x7e615e4a500ab42b7bb3fdbb62fbb8bd10385fc5, Protocol=7cdfc1340f0f1728c4de1725ca3c6791882316547a336ee3a5ba1cabb5fce3b6, Network=8d9fe40cd34f06c657503dbc15cc4c2cb67ebc26426c426852f741f33811bee8[0m
[32m[INFO][Oct  8 07:48:03]  [Go Server] 📥 Received GetLastHandledCommitIndexRequest (GO-AUTH GEI recovery)[0m
[33m[WARN][Oct  8 07:48:03]  BlockChain instance has not been initialized. Call InitBlockChain() first.[0m
[32m[INFO][Oct  8 07:48:03]  🔑 [GO-AUTH GEI] Recovery query: last_commit=63705 (epoch=0), last_gei=84, last_block=84, current_epoch=0, authoritative=true, ts=0, state_root=[0m
[32m[INFO][Oct  8 07:48:03]  [Go Server] ✅ GetLastHandledCommitIndexRequest: last_commit=63705, last_gei=84, block=84, epoch=0[0m
[32m[INFO][Oct  8 07:48:03]  [RUST] 2026-10-08T07:48:03.692070Z  INFO metanode::node::executor_client::rpc_queries: 🔑 [GO-AUTH GEI] Recovery state received: last_commit=63705, last_gei=84, block=84, epoch=0, authoritative=true, timestamp=0, state_root=0 bytes[0m
[32m[INFO][Oct  8 07:48:03]  [RUST] 2026-10-08T07:48:03.692086Z  INFO metanode::node::setup_storage::index_sync: 🔑 [GO-AUTH GEI] Post-init query: state_root=0x, go_epoch=0, rust_epoch=0[0m
[32m[INFO][Oct  8 07:48:03]  [RUST] 2026-10-08T07:48:03.692105Z  INFO metanode::node::setup_storage::index_sync: 📊 [STARTUP] No peer reference, using Local Go Last GEI: 84 (Block: 84)[0m
[32m[INFO][Oct  8 07:48:03]  [RUST] 2026-10-08T07:48:03.692142Z  INFO metanode::node::setup_storage: ✅ [STARTUP] Using epoch_base=0 from Go boundary_gei (epoch=0, boundary_block=0)[0m
[32m[INFO][Oct  8 07:48:03]  [RUST] 2026-10-08T07:48:03.692150Z  INFO metanode::node::setup_storage: 📊 [STARTUP] Synchronizing executor client memory state from Go Master prior to recovery check...[0m
[32m[INFO][Oct  8 07:48:03]  [RUST] 2026-10-08T07:48:03.692193Z  INFO metanode::node::executor_client: 📊 [INIT] Fetched current epoch from Go: 0[0m
[32m[INFO][Oct  8 07:48:03]  [RUST] 2026-10-08T07:48:03.692275Z  INFO metanode::node::executor_client: 📊 [INIT] Connected to Go Master. Last block=84, GEI=84, Epoch=0[0m
[32m[INFO][Oct  8 07:48:03]  [RUST] 2026-10-08T07:48:03.692286Z  INFO metanode::node::executor_client: 📊 [INIT] Initialized next_block_number to 85 (from Go last_block_number=84, old=0)[0m
[32m[INFO][Oct  8 07:48:03]  [RUST] 2026-10-08T07:48:03.692294Z  INFO metanode::node::executor_client: 📊 [INIT] Initialized last_processed_epoch to 0[0m
[32m[INFO][Oct  8 07:48:03]  [RUST] 2026-10-08T07:48:03.692300Z  INFO metanode::node::executor_client: 📊 [INIT] Updating next_expected_index from 1 to 85 (last_global_exec_index=84, go_next_expected=85)[0m
[32m[INFO][Oct  8 07:48:03]  [RUST] 2026-10-08T07:48:03.692309Z  INFO metanode::node::executor_client: ✅ [READY] Rust executor: go_connection=connected, next_expected=85, go_last_block=84[0m
[32m[INFO][Oct  8 07:48:03]  [RUST] 2026-10-08T07:48:03.692316Z  INFO metanode::node::setup_storage: ✅ [STARTUP] Executor client memory state synchronized successfully (block/GEI guards updated).[0m
[32m[INFO][Oct  8 07:48:03]  [RUST] 2026-10-08T07:48:03.692488Z  INFO metanode::node::setup_storage: 🔑 [STARTUP] Rust Protocol PubKey (hex): 7cdfc1340f0f1728c4de1725ca3c6791882316547a336ee3a5ba1cabb5fce3b6[0m
[32m[INFO][Oct  8 07:48:03]  [RUST] 2026-10-08T07:48:03.692500Z  INFO metanode::node::setup_storage: 🔑 [STARTUP] Rust Network PubKey (hex): 8d9fe40cd34f06c657503dbc15cc4c2cb67ebc26426c426852f741f33811bee8[0m
[32m[INFO][Oct  8 07:48:03]  [RUST] 2026-10-08T07:48:03.692511Z  INFO metanode::node::setup_storage: ✅ [IDENTITY] Found self in committee at index [0] using protocol_key match[0m
[33m[WARN][Oct  8 07:48:03]  [RUST] 2026-10-08T07:48:03.692601Z  WARN consensus_core::recovery_barrier: 🛡️ [RECOVERY-BARRIER] ACTIVATED: Inactive → GoSyncing. Snapshot recovery detected. ALL proposals blocked until recovery completes.[0m
[32m[INFO][Oct  8 07:48:03]  [RUST] 2026-10-08T07:48:03.692626Z  INFO consensus_core::coordination_hub: 🛡️ [SPARSE-DAG-BOUNDARY] Recovery session activated. Sparse DAG Evaluation Prevention will be enabled when transitioning to Healthy.[0m
[32m[INFO][Oct  8 07:48:03]  [RUST] 2026-10-08T07:48:03.692633Z  INFO metanode::node::setup_consensus: 🛡️ [RECOVERY-BARRIER] Go has prior state (block=84, last_handled=Some(63705), dag_has_history=true). Activating unified recovery barrier. ALL proposals blocked until GoSyncing → DagCatchingUp → ScheduleVerifying → Ready.[0m
[32m[INFO][Oct  8 07:48:03]  [RUST] 2026-10-08T07:48:03.692643Z  INFO metanode::node::setup_consensus: 🔑 [GO-AUTH GEI] Setting go_replay_after=63705 based on Go Authoritative LastHandledCommitIndex.[0m
[32m[INFO][Oct  8 07:48:03]  [RUST] 2026-10-08T07:48:03.692650Z  INFO metanode::node::setup_consensus: 📊 [STARTUP] CommitConsumerArgs: go_replay_after=63705 (from authoritative Go/fallback)[0m
[32m[INFO][Oct  8 07:48:03]  [RUST] 2026-10-08T07:48:03.692657Z  INFO metanode::node::setup_consensus: 🤝 [HANDSHAKE] Passing last_executed_commit_hash from Go to Rust DAG: "b527c570ce75ae1e781c0fc062d4e91afd75fc665afef48c4ea40449ea71369b"[0m
[32m[INFO][Oct  8 07:48:03]  [RUST] 2026-10-08T07:48:03.693030Z  INFO metanode::node::transition::tx_recovery: 📋 [TX HASH REGISTRY] Loaded 148 committed transaction hashes from epoch 0[0m
[32m[INFO][Oct  8 07:48:03]  [RUST] 2026-10-08T07:48:03.693044Z  INFO metanode::node::setup_consensus: 💾 Loaded 148 committed transaction hashes from epoch 0[0m
[32m[INFO][Oct  8 07:48:03]  [RUST] 2026-10-08T07:48:03.693122Z  INFO metanode::node::setup_consensus: 📊 [COMMIT PROCESSOR INIT] Startup: next_expected_commit_index=63706, from go_replay_after=63705[0m
[32m[INFO][Oct  8 07:48:03]  [RUST] 2026-10-08T07:48:03.693150Z  INFO consensus_core::system_transaction_provider: 📅 SystemTransactionProvider initialized: epoch=0, epoch_start=1700000000000ms, now=1791445683693ms, elapsed=91445683s, duration=86400s, time_based_enabled=false[0m
[32m[INFO][Oct  8 07:48:03]  [RUST] 2026-10-08T07:48:03.693160Z  INFO metanode::node::executor_client: 🔧 [EXECUTOR CLIENT] Creating executor client: initial_next_expected=85, storage_path=Some("/tmp/gate_4val_p06/parent/consensus/rust_consensus")[0m
[32m[INFO][Oct  8 07:48:03]  [RUST] 2026-10-08T07:48:03.693168Z  INFO metanode::node::executor_client::connection_pool: 🏊 [CONN POOL] Created NO-OP pool (FFI mode — connections bypassed)[0m
[32m[INFO][Oct  8 07:48:03]  [RUST] 2026-10-08T07:48:03.693194Z  INFO consensus_core::coordination_hub: 🔒 [STARTUP-SYNC] Proposals LOCKED until sync completes[0m
[32m[INFO][Oct  8 07:48:04]  [RUST] 2026-10-08T07:48:04.194036Z  INFO metanode::node::setup_consensus::startup_sync: 📡 [PEER RPC] Starting EARLY server on 0.0.0.0:31501 to prevent STARTUP-SYNC deadlock[0m
[32m[INFO][Oct  8 07:48:04]  [RUST] 2026-10-08T07:48:04.194332Z  INFO metanode::node::setup_consensus::startup_sync: 📡 [PEER RPC] EARLY server confirmed bound on 0.0.0.0:31501[0m
[32m[INFO][Oct  8 07:48:04]  [RUST] 2026-10-08T07:48:04.194394Z  INFO metanode::node::setup_consensus::startup_sync: 📊 [STARTUP-SYNC] Barrier using verified block=84 from setup_storage()[0m
[32m[INFO][Oct  8 07:48:04]  [RUST] 2026-10-08T07:48:04.194333Z  INFO metanode::network::peer_rpc::server: 🌐 [PEER RPC] Started on 0.0.0.0:31501 (node_id=0, network_address=127.0.0.1:31001)[0m
[32m[INFO][Oct  8 07:48:04]  [RUST] 2026-10-08T07:48:04.194688Z  INFO metanode::node::setup_consensus::startup_sync: ✅ [STARTUP-SYNC] No peers configured (single-node or seed). Skipping startup sync.[0m
[32m[INFO][Oct  8 07:48:04]  [RUST] 2026-10-08T07:48:04.194707Z  INFO metanode::node::setup_consensus::startup_sync: 📡 [PEER RPC] Stopping early server. Handing over to full server in startup.rs...[0m
[32m[INFO][Oct  8 07:48:04]  [Go Server] 📥 Received GetLastHandledCommitIndexRequest (GO-AUTH GEI recovery)[0m
[33m[WARN][Oct  8 07:48:04]  BlockChain instance has not been initialized. Call InitBlockChain() first.[0m
[32m[INFO][Oct  8 07:48:04]  🔑 [GO-AUTH GEI] Recovery query: last_commit=63705 (epoch=0), last_gei=84, last_block=84, current_epoch=0, authoritative=true, ts=0, state_root=[0m
[32m[INFO][Oct  8 07:48:04]  [Go Server] ✅ GetLastHandledCommitIndexRequest: last_commit=63705, last_gei=84, block=84, epoch=0[0m
[32m[INFO][Oct  8 07:48:04]  [RUST] 2026-10-08T07:48:04.194905Z  INFO metanode::node::executor_client::rpc_queries: 🔑 [GO-AUTH GEI] Recovery state received: last_commit=63705, last_gei=84, block=84, epoch=0, authoritative=true, timestamp=0, state_root=0 bytes[0m
[32m[INFO][Oct  8 07:48:04]  [RUST] 2026-10-08T07:48:04.194925Z  INFO metanode::node::setup_consensus: 🔍 [CONSISTENCY CHECK] Go state: block=84, gei=84, commit_index=63705, epoch=0, Rust state: go_replay_after=63705, current_epoch=0, next_expected_commit=63706[0m
[32m[INFO][Oct  8 07:48:04]  [RUST] 2026-10-08T07:48:04.194940Z  INFO metanode::node::setup_consensus: ✅ [CONSISTENCY CHECK] Post-sync state OK: block=84, gei=84, commit_index=63705, epoch=0[0m
[32m[INFO][Oct  8 07:48:04]  [RUST] 2026-10-08T07:48:04.195029Z  INFO metanode::node::executor_client: 📊 [INIT] Fetched current epoch from Go: 0[0m
[32m[INFO][Oct  8 07:48:04]  [RUST] 2026-10-08T07:48:04.195260Z  INFO metanode::node::executor_client: 📊 [INIT] Connected to Go Master. Last block=84, GEI=84, Epoch=0[0m
[32m[INFO][Oct  8 07:48:04]  [RUST] 2026-10-08T07:48:04.195274Z  INFO metanode::node::executor_client: 📊 [INIT] Initialized next_block_number to 85 (from Go last_block_number=84, old=0)[0m
[32m[INFO][Oct  8 07:48:04]  [RUST] 2026-10-08T07:48:04.195287Z  INFO metanode::node::executor_client: 📊 [INIT] Initialized last_processed_epoch to 0[0m
[32m[INFO][Oct  8 07:48:04]  [RUST] 2026-10-08T07:48:04.195324Z  INFO metanode::node::executor_client: 📊 [INIT] next_expected_index matches Go Master: last_global_exec_index=84, next_expected=85[0m
[32m[INFO][Oct  8 07:48:04]  [RUST] 2026-10-08T07:48:04.195337Z  INFO metanode::node::executor_client: ✅ [READY] Rust executor: go_connection=connected, next_expected=85, go_last_block=84[0m
[32m[INFO][Oct  8 07:48:04]  [RUST] 2026-10-08T07:48:04.195350Z  INFO metanode::node::setup_consensus: ✅ [STARTUP] initialize_from_go() completed synchronously (block/GEI guards updated)[0m
[32m[INFO][Oct  8 07:48:04]  [Go Server] 📥 Received GetLastHandledCommitIndexRequest (GO-AUTH GEI recovery)[0m
[33m[WARN][Oct  8 07:48:04]  BlockChain instance has not been initialized. Call InitBlockChain() first.[0m
[32m[INFO][Oct  8 07:48:04]  🔑 [GO-AUTH GEI] Recovery query: last_commit=63705 (epoch=0), last_gei=84, last_block=84, current_epoch=0, authoritative=true, ts=0, state_root=[0m
[32m[INFO][Oct  8 07:48:04]  [Go Server] ✅ GetLastHandledCommitIndexRequest: last_commit=63705, last_gei=84, block=84, epoch=0[0m
[32m[INFO][Oct  8 07:48:04]  [RUST] 2026-10-08T07:48:04.195490Z  INFO metanode::node::executor_client::rpc_queries: 🔑 [GO-AUTH GEI] Recovery state received: last_commit=63705, last_gei=84, block=84, epoch=0, authoritative=true, timestamp=0, state_root=0 bytes[0m
[32m[INFO][Oct  8 07:48:04]  [RUST] 2026-10-08T07:48:04.195512Z  INFO metanode::node::setup_consensus: 🔍 [SYNC-PARITY] Post-init state comparison:
  CommitProcessor:  go_last_commit_index=63705, next_expected_index=63706
  ExecutorClient:   next_expected_index=85
  Go (authoritative): commit_index=63705, gei=84, block=84, epoch=0
  Go State Root: 0x[0m
[32m[INFO][Oct  8 07:48:04]  [RUST] 2026-10-08T07:48:04.195533Z  INFO metanode::node::setup_consensus: ✅ [SYNC-PARITY] ExecutorClient and CommitProcessor GEI matched (EC=85, CP=85)[0m
[32m[INFO][Oct  8 07:48:04]  [RUST] 2026-10-08T07:48:04.195626Z  INFO metanode::node::setup_consensus: 🔍 [GEI-CROSSCHECK] Post-startup state: block=84, gei=84[0m
[33m[WARN][Oct  8 07:48:04]  [RUST] 2026-10-08T07:48:04.195646Z  WARN metanode::consensus::commit_processor::gei_validator: 🔍 [GEI-VALIDATOR] No peers configured for cross-check (local_gei=84, block=84)[0m
[32m[INFO][Oct  8 07:48:04]  [RUST] 2026-10-08T07:48:04.195662Z  INFO metanode::node::setup_consensus: ✅ [GEI-CROSSCHECK] Post-startup GEI validation passed (gei=84, block=84)[0m
[32m[INFO][Oct  8 07:48:04]  [RUST] 2026-10-08T07:48:04.195699Z  INFO consensus_core::recovery_barrier: ✅ [RECOVERY-BARRIER] GoSyncing → DagCatchingUp. Go execution layer synced. Waiting for Rust DAG to catch up via CertifiedCommits.[0m
[32m[INFO][Oct  8 07:48:04]  [RUST] 2026-10-08T07:48:04.195720Z  INFO consensus_core::coordination_hub: ✅ [STARTUP-SYNC] Go sync completed, advancing barrier to DagCatchingUp[0m
[32m[INFO][Oct  8 07:48:04]  [RUST] 2026-10-08T07:48:04.195777Z  INFO consensus_core::coordination_hub: 🔄 [HUB] Phase transition: Initializing -> Bootstrapping[0m
[32m[INFO][Oct  8 07:48:04]  [RUST] 2026-10-08T07:48:04.195814Z  INFO metanode::node::setup_consensus::verification: ℹ️ [POST-GATE-VERIFY] No peers configured. Setting block_hash_verified=true (single-node mode).[0m
[32m[INFO][Oct  8 07:48:04]  [RUST] 2026-10-08T07:48:04.195864Z  INFO consensus_core::coordination_hub: ✅ [BLOCK-HASH-GATE] Block hash VERIFIED against peers. Gate 5 cleared — node state is bit-perfect.[0m
[32m[INFO][Oct  8 07:48:04]  [RUST] 2026-10-08T07:48:04.195915Z  INFO metanode::node::setup_consensus: 🚀 Starting consensus authority node (phase=Bootstrapping)...[0m
[32m[INFO][Oct  8 07:48:04]  [RUST] 2026-10-08T07:48:04.196147Z  INFO consensus_core::authority_node: Starting consensus authority [0] node-0, ProtocolVersion(105), epoch start timestamp 1700000000000, boot counter 0, replaying after commit index 63705, consumer last processed commit index 63705[0m
[32m[INFO][Oct  8 07:48:04]  [RUST] 2026-10-08T07:48:04.196176Z  INFO consensus_core::authority_node: Consensus authorities: [0]: node-0[0m
[32m[INFO][Oct  8 07:48:04]  [RUST] 2026-10-08T07:48:04.196186Z  INFO consensus_core::authority_node: Consensus parameters: Parameters { db_path: "/tmp/gate_4val_p06/parent/consensus/rust_consensus/epochs/epoch_0/consensus_db", leader_timeout: 200ms, min_round_delay: 25ms, max_forward_time_drift: 500ms, max_blocks_per_sync: 32, max_blocks_per_fetch: 1000, sync_last_known_own_block_timeout: 5s, round_prober_interval_ms: 5000, round_prober_request_timeout_ms: 4000, propagation_delay_stop_proposal_threshold: 100, dag_state_cached_rounds: 500, commit_sync_parallel_fetches: 32, commit_sync_batch_size: 500, commit_sync_batches_ahead: 128, tonic: TonicParameters { keepalive_interval: 10s, connection_buffer_size: 33554432, excessive_message_size: 16777216, message_size_limit: 67108864 }, adaptive_delay_enabled: false, compact_blocks_enabled: false }[0m
[32m[INFO][Oct  8 07:48:04]  [RUST] 2026-10-08T07:48:04.196261Z  INFO consensus_core::authority_node: Consensus committee: Committee { epoch: 0, total_stake: 1000000000000000000, quorum_threshold: 666666666666666667, validity_threshold: 333333333333333334, authorities: [Authority { stake: 1000000000000000000, address: Multiaddr(/ip4/127.0.0.1/tcp/31001), hostname: "node-0", authority_key: AuthorityPublicKey(kUYrYvf/fDUygF8+nIdNATAAlnQU3BZSD3aGuHNoAZQv3OJOIZKW+Uw+UbH/1LWCAlbyWnQra9vUSDJfFVIxlV4XlraaNkLsZSb3HMJJQK3qEc1L20Yqb5YM8uGRXvnB), protocol_key: ProtocolPublicKey(fN/BNA8PFyjE3hclyjxnkYgjFlR6M27jpbocq7X847Y=), network_key: NetworkPublicKey(jZ/kDNNPBsZXUD28FcxMLLZ+vCZCbEJoUvdB8zgRvug=) }] }[0m
[32m[INFO][Oct  8 07:48:04]  [RUST] 2026-10-08T07:48:04.197391Z  INFO consensus_core::transaction: TransactionConsumer initialized with max_num_transactions_in_block: 4000, max_transactions_in_block_bytes: 2097152[0m
[32m[INFO][Oct  8 07:48:04]  [RUST] 2026-10-08T07:48:04.197495Z  INFO consensus_core::authority_node: 📡 [AUTHORITY NODE] Broadcast sender keeper obtained, receiver_count=1, total_senders_should_be=3[0m
[32m[INFO][Oct  8 07:48:04]  [RUST] 2026-10-08T07:48:04.229482Z  INFO consensus_core::dag_state::dag_state_impl: ✅ Loaded 1 genesis block refs from storage for epoch 0[0m
[33m[WARN][Oct  8 07:48:04]  [RUST] 2026-10-08T07:48:04.229568Z  WARN consensus_core::dag_state::dag_state_impl: Missing genesis block for ref B0([0],TjU0bSUY8KHY6u0jkTMGbX53pNYIckp+8ya7DChrH5k=)[0m
[33m[WARN][Oct  8 07:48:04]  [RUST] 2026-10-08T07:48:04.229579Z  WARN consensus_core::dag_state::dag_state_impl: Incomplete genesis blocks in storage (0 vs 1), regenerating[0m
[32m[INFO][Oct  8 07:48:04]  [RUST] 2026-10-08T07:48:04.229584Z  INFO consensus_core::block: 🛠️ [GENESIS DEBUG] Generating genesis blocks for epoch 0 with timestamp 1700000000000ms. Committee size: 1[0m
[32m[INFO][Oct  8 07:48:04]  [RUST] 2026-10-08T07:48:04.229601Z  INFO consensus_core::block: 🛠️ [GENESIS DEBUG] Generated B0 for Auth AuthorityIndex(0) (KeyPrefix: [145, 70, 43, 98]): Hash=TjU0bSUY8KHY6u0jkTMGbX53pNYIckp+8ya7DChrH5k=, Timestamp=1700000000000ms[0m
[32m[INFO][Oct  8 07:48:04]  [RUST] 2026-10-08T07:48:04.229633Z  INFO consensus_core::threshold_clock: Recovered ThresholdClock at round 1[0m
[32m[INFO][Oct  8 07:48:04]  [RUST] 2026-10-08T07:48:04.229887Z  INFO consensus_core::dag_state::dag_state_impl: Recovering committed state from C63600(rUTf) CommitInfo { committed_rounds: [63600], reputation_scores: ReputationScores { scores_per_authority: [2852094820647174144], commit_range: CommitRange(63301..=63600) } }[0m
[32m[INFO][Oct  8 07:48:04]  [RUST] 2026-10-08T07:48:04.234444Z  INFO consensus_core::dag_state::dag_state_impl: DagState was initialized with the following state: Some(TrustedCommit { inner: V1(CommitV1 { index: 63849, previous_digest: 5zjXZA7mrbaceWIpy+18PGVmy8ajIJtx3ob9S8S9IIQ=, timestamp_ms: 1791434694562, leader: B63849([0],uFuEhKmi6vKnFMVUy2ecoIMLrVXYc7Yqnil5bpVjAr8=), blocks: [B63849([0],uFuEhKmi6vKnFMVUy2ecoIMLrVXYc7Yqnil5bpVjAr8=)], global_exec_index: 63849, leader_address: [126, 97, 94, 74, 80, 10, 180, 43, 123, 179, 253, 187, 98, 251, 184, 189, 16, 56, 95, 197] }), digest: qITBm5uCCK36C79gPnWm3MWh2WBPL5e5yvaL4tJyrjs=, serialized: b"\0i\xf9\0\0\xe78\xd7d\x0e\xe6\xad\xb6\x9cyb)\xcb\xed|<ef\xcb\xc6\xa3 \x9bq\xde\x86\xfdK\xc4\xbd \x84\xa2\x1f\xd4\x19\xa1\x01\0\0i\xf9\0\0\0\0\0\0\xb8[\x84\x84\xa9\xa2\xea\xf2\xa7\x14\xc5T\xcbg\x9c\xa0\x83\x0b\xadU\xd8s\xb6*\x9e)yn\x95c\x02\xbf\x01i\xf9\0\0\0\0\0\0\xb8[\x84\x84\xa9\xa2\xea\xf2\xa7\x14\xc5T\xcbg\x9c\xa0\x83\x0b\xadU\xd8s\xb6*\x9e)yn\x95c\x02\xbfi\xf9\0\0\0\0\0\0\x14~a^JP\n\xb4+{\xb3\xfd\xbbb\xfb\xb8\xbd\x108_\xc5" }); [63849]; 249 unscored committed subdags; 249 scored subdags[0m
[32m[INFO][Oct  8 07:48:04]  [RUST] 2026-10-08T07:48:04.236408Z  INFO consensus_core::dag_state::dag_state_impl: Recovering block commit statuses from commit index 63849 and backwards until leader of round <= gc_round 63649[0m
[32m[INFO][Oct  8 07:48:04]  [RUST] 2026-10-08T07:48:04.237871Z  INFO consensus_core::dag_state::dag_state_impl: Recovering finished, reached commit leader round 63649 <= gc_round 63649[0m
[32m[INFO][Oct  8 07:48:04]  [RUST] 2026-10-08T07:48:04.238641Z  INFO consensus_core::authority_node: 📊 [STARTUP] CommitConsumerMonitor aligned: go_handled=63705, dag_handled=63849, effective=63849[0m
[32m[INFO][Oct  8 07:48:04]  [RUST] 2026-10-08T07:48:04.238654Z  INFO consensus_core::authority_node: 🔴 [GUARD-POLICY] Recovery Mode (dag=63849, go=63705): RECOVERY-GUARD active. Waiting for 5 network CertifiedCommits to prove density before local evaluation.[0m
[32m[INFO][Oct  8 07:48:04]  [RUST] 2026-10-08T07:48:04.238726Z  INFO consensus_core::block: 🛠️ [GENESIS DEBUG] Generating genesis blocks for epoch 0 with timestamp 1700000000000ms. Committee size: 1[0m
[32m[INFO][Oct  8 07:48:04]  [RUST] 2026-10-08T07:48:04.238734Z  INFO consensus_core::block: 🛠️ [GENESIS DEBUG] Generated B0 for Auth AuthorityIndex(0) (KeyPrefix: [145, 70, 43, 98]): Hash=TjU0bSUY8KHY6u0jkTMGbX53pNYIckp+8ya7DChrH5k=, Timestamp=1700000000000ms[0m
[32m[INFO][Oct  8 07:48:04]  [RUST] 2026-10-08T07:48:04.238746Z  INFO consensus_core::authority_node: 📡 [AUTHORITY NODE] About to spawn ProposedBlockHandler, keeper receiver_count=2[0m
[32m[INFO][Oct  8 07:48:04]  [RUST] 2026-10-08T07:48:04.238754Z  INFO consensus_core::authority_node: Sync last known own block: false[0m
[32m[INFO][Oct  8 07:48:04]  [RUST] 2026-10-08T07:48:04.238832Z  INFO consensus_core::leader_schedule: LeaderSchedule recovered using LeaderSwapTable for CommitRange(63301..=63600), good_nodes: [] with stake: 0, bad_nodes: Map { iter: [] } with stake: 0. There are 249 committed subdags scored in DagState. schedule_confirmed=true[0m
[33m[WARN][Oct  8 07:48:04]  [RUST] 2026-10-08T07:48:04.238875Z  WARN consensus_core::commit_observer: ⚠️ [ANTI-FORK] Hash mismatch detected! Hash from Go ([181, 39, 197, 112, 206, 117, 174, 30, 120, 28, 15, 192, 98, 212, 233, 26, 253, 117, 252, 102, 90, 254, 244, 140, 78, 164, 4, 73, 234, 113, 54, 155]) != Local hash at block 63705 ([81, 196, 159, 135, 11, 227, 255, 208, 77, 95, 78, 14, 223, 175, 22, 104, 141, 115, 167, 1, 5, 253, 200, 248, 169, 59, 59, 79, 172, 78, 56, 236]). Auto-aligning to local DAG hash (single source of truth) to prevent deadlock and preserve data.[0m
[32m[INFO][Oct  8 07:48:04]  [RUST] 2026-10-08T07:48:04.238907Z  INFO consensus_core::commit_observer: Recovering commit observer in the range [63706..=63849][0m
[32m[INFO][Oct  8 07:48:04]  [RUST] 2026-10-08T07:48:04.238804Z  INFO consensus_core::proposed_block_handler: 🚀 [PROPOSED BLOCK HANDLER] RUN LOOP STARTED[0m
[32m[INFO][Oct  8 07:48:04]  [RUST] 2026-10-08T07:48:04.238912Z  INFO metanode::node::setup_consensus: 🔄 [ANTI-FORK] Aligner callback triggered, calling Go to set hash to: 51c49f870be3ffd04d5f4e0edfaf16688d73a70105fdc8f8a93b3b4fac4e38ec[0m
[32m[INFO][Oct  8 07:48:04]  [RUST] 2026-10-08T07:48:04.238910Z  INFO consensus_core::commit_finalizer: 🚀 [COMMIT FINALIZER] RUN LOOP STARTED[0m
[32m[INFO][Oct  8 07:48:04]  [RUST] 2026-10-08T07:48:04.238915Z  INFO consensus_core::dag_state_actor: 🟢 [DAG-STATE-ACTOR] Started on dedicated thread[0m
[32m[INFO][Oct  8 07:48:04]  [RUST] 2026-10-08T07:48:04.239170Z  INFO consensus_core::commit_observer: Recovering 144 unsent commits in range [63706..=63849][0m
[32m[INFO][Oct  8 07:48:04]  [Go Server] 📥 Received SetLastExecutedCommitHashRequest[0m
[32m[INFO][Oct  8 07:48:04]  ✅ [RPC] Aligned LastExecutedCommitHash to: 51c49f870be3ffd04d5f4e0edfaf16688d73a70105fdc8f8a93b3b4fac4e38ec[0m
[32m[INFO][Oct  8 07:48:04]  [RUST] 2026-10-08T07:48:04.239400Z  INFO metanode::node::executor_client::rpc_queries: ✅ [EXECUTOR-REQ] SetLastExecutedCommitHash successful[0m
[32m[INFO][Oct  8 07:48:04]  [RUST] 2026-10-08T07:48:04.240670Z  INFO consensus_core::commit_observer: Commit observer recovery [63706..=63849] completed, took 1.823785ms[0m
[32m[INFO][Oct  8 07:48:04]  [RUST] 2026-10-08T07:48:04.240705Z  INFO consensus_core::transaction_certifier: Recovering certifier state from round 63650[0m
[32m[INFO][Oct  8 07:48:04]  [RUST] 2026-10-08T07:48:04.243113Z  INFO consensus_core::transaction_certifier: Recovered and voting on 202 blocks from authority [0] node-0[0m
[32m[INFO][Oct  8 07:48:04]  [RUST] 2026-10-08T07:48:04.243567Z  INFO consensus_core::authority_node: Adaptive delay enabled: base_delay=25ms[0m
[32m[INFO][Oct  8 07:48:04]  [RUST] 2026-10-08T07:48:04.243640Z  INFO consensus_core::core::commit_manager: 🛡️ [PHASE-GUARD] Blocking local committer. Node is in Bootstrapping phase (startup_sync_active=true). Waiting for DAG to fully catch up.[0m
[33m[WARN][Oct  8 07:48:04]  [RUST] 2026-10-08T07:48:04.243648Z  WARN consensus_core::core::proposer: Skip proposing for round 63852: node phase is Bootstrapping[0m
[33m[WARN][Oct  8 07:48:04]  [RUST] 2026-10-08T07:48:04.243656Z  WARN consensus_core::core::proposer: Skip proposing for round 63852: node phase is Bootstrapping[0m
[32m[INFO][Oct  8 07:48:04]  [RUST] 2026-10-08T07:48:04.243661Z  INFO consensus_core::core: Core recovery completed with last proposed block B63851([0],LYqhQabe6fGNiwgYAlq75mClGm4e4xVHWYi5hH/RrOk=)([B63850([0],kQeb)];1791434695167ms;0t;1c)[0m
[32m[INFO][Oct  8 07:48:04]  [RUST] 2026-10-08T07:48:04.243716Z  INFO consensus_core::core_thread: 🚀 [CORE THREAD] Started core thread[0m
[32m[INFO][Oct  8 07:48:04]  [RUST] 2026-10-08T07:48:04.243732Z  INFO consensus_core::authority_node: ℹ️ [AUTHORITY START] No existing LegacyEpochStoreManager provided[0m
[32m[INFO][Oct  8 07:48:04]  [RUST] 2026-10-08T07:48:04.243747Z  INFO consensus_core::network::tonic_network: Starting tonic service[0m
[32m[INFO][Oct  8 07:48:04]  [RUST] 2026-10-08T07:48:04.243775Z  INFO consensus_core::commit_syncer: 🛡️ [SUPERVISOR] Starting CommitSyncer task...[0m
[32m[INFO][Oct  8 07:48:04]  [RUST] 2026-10-08T07:48:04.243834Z  INFO consensus_core::commit_syncer: 🛡️ [SUPERVISOR] Pre-seeded CommitVoteMonitor with highest_handled=63705 before restart[0m
🔧 [COMMIT-SYNCER-LOOP] ENTERED! phase=Bootstrapping, synced=63849, interval=200ms
[32m[INFO][Oct  8 07:48:04]  [RUST] 2026-10-08T07:48:04.243940Z  INFO consensus_core::commit_syncer: 🔗 [BASELINE] Fetching network schedule/digest data for boundary commit #63600 (current cycle: 212)[0m
[33m[WARN][Oct  8 07:48:04]  [RUST] 2026-10-08T07:48:04.244000Z  WARN consensus_core::commit_syncer: ⚠️ [BASELINE] Attempt 1/5: Failed to fetch baseline commit #63849 from network. Retrying in 1s...[0m
[32m[INFO][Oct  8 07:48:04]  [RUST] 2026-10-08T07:48:04.244218Z  INFO consensus_core::network::tonic_network: Server started at: 127.0.0.1:31001[0m
[32m[INFO][Oct  8 07:48:04]  [RUST] 2026-10-08T07:48:04.244231Z  INFO consensus_core::authority_node: ✅ [AUTHORITY NODE] Consensus authority started, took 46.850354ms[0m
[32m[INFO][Oct  8 07:48:04]  [RUST] 2026-10-08T07:48:04.244240Z  INFO metanode::node::setup_consensus: 🔍 [RECOVERY] Initiating block recovery check using the active consensus store instance...[0m
[32m[INFO][Oct  8 07:48:04]  [RUST] 2026-10-08T07:48:04.244252Z  INFO metanode::node::recovery: 🔍 [RECOVERY] Checking for missing blocks from index 85 (epoch_base=0)...[0m
[32m[INFO][Oct  8 07:48:04]  [RUST] 2026-10-08T07:48:04.244524Z  INFO metanode::node::recovery: 🔍 [RECOVERY] Scanning 144 commit(s) above Go's last commit 63705 (next GEI 85)...[0m
[33m[WARN][Oct  8 07:48:04]  [RUST] 2026-10-08T07:48:04.245034Z  WARN consensus_core::core::proposer: Skip proposing for round 63852: node phase is Bootstrapping[0m
[33m[WARN][Oct  8 07:48:04]  [RUST] 2026-10-08T07:48:04.245220Z  WARN consensus_core::core::proposer: Skip proposing for round 63852: node phase is Bootstrapping[0m
[32m[INFO][Oct  8 07:48:04]  [RUST] 2026-10-08T07:48:04.254004Z  INFO metanode::node::recovery: ✅ [RECOVERY] No missing commits found in local DB that need replaying.[0m
[32m[INFO][Oct  8 07:48:04]  [RUST] 2026-10-08T07:48:04.254030Z  INFO metanode::node::setup_consensus: ♻️ [TX RECYCLER] Created shared TxRecycler instance[0m
[32m[INFO][Oct  8 07:48:04]  [RUST] 2026-10-08T07:48:04.254065Z  INFO consensus_core::legacy_store: 📦 [LEGACY STORE] Creating LegacyEpochStoreManager with max_epochs=5[0m
[32m[INFO][Oct  8 07:48:04]  [RUST] 2026-10-08T07:48:04.254073Z  INFO metanode::node::epoch_transition_manager: 🔧 [STATE MANAGER] Initializing: epoch=0, mode=Validator[0m
[32m[INFO][Oct  8 07:48:04]  [RUST] 2026-10-08T07:48:04.254077Z  INFO metanode::node::consensus_node: 🔧 [STARTUP] Initialized StateTransitionManager: epoch=0, mode=Validator[0m
[32m[INFO][Oct  8 07:48:04]  [RUST] 2026-10-08T07:48:04.254097Z  INFO metanode::node::epoch_monitor: 🔄 [EPOCH MONITOR] Starting unified epoch monitor for node-0 (poll_interval=5s)[0m
[32m[INFO][Oct  8 07:48:04]  [RUST] 2026-10-08T07:48:04.254105Z  INFO metanode::node::consensus_node: 🔄 Started unified epoch monitor for Validator mode at epoch=0[0m
[32m[INFO][Oct  8 07:48:04]  [RUST] 2026-10-08T07:48:04.254111Z  INFO metanode::node::recovery: 🔍 [FORK DETECTION] Checking state (Epoch: 0, LastCommit: 84)[0m
[32m[INFO][Oct  8 07:48:04]  [RUST] 2026-10-08T07:48:04.254121Z  INFO metanode::node::consensus_node: ♻️ [TX RECYCLER] Background recycler task spawned[0m
[32m[INFO][Oct  8 07:48:04]  [RUST] 2026-10-08T07:48:04.254136Z  INFO metanode::node: ✅ Registered node in global transition handler registry[0m
[32m[INFO][Oct  8 07:48:04]  [RUST] 2026-10-08T07:48:04.254142Z  INFO metanode::node::startup: RPC server available at http://127.0.0.1:32901[0m
[32m[INFO][Oct  8 07:48:04]  [RUST] 2026-10-08T07:48:04.254147Z  INFO metanode::node::startup: ♻️ [TX RECYCLER] Injected into UDS server[0m
[32m[INFO][Oct  8 07:48:04]  [RUST] 2026-10-08T07:48:04.254151Z  INFO metanode::node::startup: FFI transaction interface initialized[0m
[32m[INFO][Oct  8 07:48:04]  [RUST] 2026-10-08T07:48:04.254158Z  INFO metanode::node::startup: 📡 [PEER RPC] Node reference injected for dynamic transaction routing[0m
[32m[INFO][Oct  8 07:48:04]  [RUST] 2026-10-08T07:48:04.254106Z  INFO metanode::consensus::commit_processor::processor: 🛡️ [DIGEST-GATE] Initialized: committee_size=1, quorum_threshold=1, digest_verifier=true[0m
[32m[INFO][Oct  8 07:48:04]  [RUST] 2026-10-08T07:48:04.254194Z  INFO metanode::consensus::commit_processor::wal: 📝 [WAL] Initialized FFI Write-Ahead Log at "/tmp/gate_4val_p06/parent/consensus/rust_consensus/commit_ffi_wal.log"[0m
[32m[INFO][Oct  8 07:48:04]  [RUST] 2026-10-08T07:48:04.254218Z  INFO metanode::node::block_delivery: 🚚 [STATION 4: DELIVERY] Started BlockDeliveryManager loop. Conveyor belt active.[0m
[32m[INFO][Oct  8 07:48:04]  [RUST] 2026-10-08T07:48:04.254215Z  INFO metanode::node::setup_consensus: 🛡️ [DAG-GATE] Waiting for CommitSyncer to explicitly complete historical sync...[0m
[32m[INFO][Oct  8 07:48:04]  [RUST] 2026-10-08T07:48:04.254276Z  INFO metanode::consensus::tx_recycler: ♻️ [TX RECYCLER] Background recycler started (timeout=300s, max_retries=3)[0m
[32m[INFO][Oct  8 07:48:04]  [RUST] 2026-10-08T07:48:04.254305Z  INFO metanode::network::rpc: RPC server started on 127.0.0.1:32901 (supports HTTP POST and length-prefixed binary)[0m
[32m[INFO][Oct  8 07:48:04]  [RUST] 2026-10-08T07:48:04.254374Z  INFO metanode::node::startup: 📡 [PEER RPC] Server started on 0.0.0.0:31501 for WAN sync[0m
[32m[INFO][Oct  8 07:48:04]  [RUST] 2026-10-08T07:48:04.254369Z  INFO metanode::network::peer_rpc::server: 🌐 [PEER RPC] Started on 0.0.0.0:31501 (node_id=0, network_address=127.0.0.1:31001)[0m
[32m[INFO][Oct  8 07:48:04]  [RUST] 2026-10-08T07:48:04.254392Z  INFO metanode::node::startup: ✅ [STARTUP] Node initialized. Entering supervisor loop.[0m
[32m[INFO][Oct  8 07:48:04]  [RUST] 2026-10-08T07:48:04.254511Z  INFO metanode::consensus::tx_recycler: 💾 [TX RECYCLER] Hydrated 2 pending transactions from disk[0m
[DIAG tx_recycler] pending=2 submitted=0 confirmed=0 recycled=0 expired=0 capacity_evicted=0
[33m[WARN][Oct  8 07:48:04]  [RUST] 2026-10-08T07:48:04.269790Z  WARN consensus_core::core::proposer: Skip proposing for round 63852: node phase is Bootstrapping[0m
[DIAG dispatch_commit] dispatched_txs=0 gei_guard_skips=0 gei_guard_skipped_txs=0 fast_skip_empty=1
[32m[INFO][Oct  8 07:48:04]  [RUST] 2026-10-08T07:48:04.290190Z  INFO metanode::consensus::commit_processor::processor: 🚀 [COMMIT PROCESSOR] PHASE-B: Go-Authoritative GEI. epoch=0, next_expected_index=63706[0m
[32m[INFO][Oct  8 07:48:04]  [RUST] 2026-10-08T07:48:04.290212Z  INFO metanode::consensus::commit_processor::processor: 🛡️ LagMonitor spawned for CommitProcessor.[0m
[32m[INFO][Oct  8 07:48:04]  [RUST] 2026-10-08T07:48:04.290216Z  INFO metanode::consensus::commit_processor::processor: 📡 [COMMIT PROCESSOR] Waiting for commits from consensus...[0m
[32m[INFO][Oct  8 07:48:04]  [RUST] 2026-10-08T07:48:04.290224Z  INFO metanode::consensus::commit_processor::processor: 💓 [COMMIT PROCESSOR HEARTBEAT] Processed 63706 commits (last 1000 commits in 0s, pending_ooo=0, next_expected=63706)[0m
[32m[INFO][Oct  8 07:48:04]  [RUST] 2026-10-08T07:48:04.290239Z  INFO metanode::consensus::commit_processor::processor: [DIAG leader-addr] preembedded=1 resolved_ok=0 waiting_iters=0 out_of_bounds=0 invalid_len=0[0m
[32m[INFO][Oct  8 07:48:04]  [RUST] 2026-10-08T07:48:04.291308Z  INFO metanode::consensus::commit_processor::lag_monitor: 🛡️ [LAG-MONITOR] Started with moderate_threshold=100, severe_threshold=200[0m
[33m[WARN][Oct  8 07:48:04]  [RUST] 2026-10-08T07:48:04.445593Z  WARN consensus_core::core::proposer: Skip proposing for round 63852: node phase is Bootstrapping[0m
[33m[WARN][Oct  8 07:48:05]  [RUST] 2026-10-08T07:48:05.175329Z  WARN metanode::ffi: ⚠️ [FFI TX FLOW] Rust FFI channel is highly saturated! Capacity remaining: 128/10000[0m
[32m[INFO][Oct  8 07:48:05]  [RUST] 2026-10-08T07:48:05.175408Z  INFO metanode::ffi: 📊 [FFI TX METRICS] total_batches=1, total_bytes=336, channel_full_events=0, capacity_remaining=128/10000[0m
[33m[WARN][Oct  8 07:48:05]  [RUST] 2026-10-08T07:48:05.181889Z  WARN metanode::ffi: ⚠️ [FFI TX FLOW] Rust FFI channel is highly saturated! Capacity remaining: 128/10000[0m
[33m[WARN][Oct  8 07:48:05]  [RUST] 2026-10-08T07:48:05.245431Z  WARN consensus_core::commit_syncer: ⚠️ [BASELINE] Attempt 2/5: Failed to fetch baseline commit #63849 from network. Retrying in 1s...[0m
[33m[WARN][Oct  8 07:48:06]  [RUST] 2026-10-08T07:48:06.215320Z  WARN metanode::ffi: ⚠️ [FFI TX FLOW] Rust FFI channel is highly saturated! Capacity remaining: 128/10000[0m
[33m[WARN][Oct  8 07:48:06]  [RUST] 2026-10-08T07:48:06.221906Z  WARN metanode::ffi: ⚠️ [FFI TX FLOW] Rust FFI channel is highly saturated! Capacity remaining: 128/10000[0m
[33m[WARN][Oct  8 07:48:06]  [RUST] 2026-10-08T07:48:06.246463Z  WARN consensus_core::commit_syncer: ⚠️ [BASELINE] Attempt 3/5: Failed to fetch baseline commit #63849 from network. Retrying in 1s...[0m
[33m[WARN][Oct  8 07:48:07]  [RUST] 2026-10-08T07:48:07.247318Z  WARN consensus_core::commit_syncer: ⚠️ [BASELINE] Attempt 4/5: Failed to fetch baseline commit #63849 from network. Retrying in 1s...[0m
[33m[WARN][Oct  8 07:48:07]  [RUST] 2026-10-08T07:48:07.276760Z  WARN metanode::ffi: ⚠️ [FFI TX FLOW] Rust FFI channel is highly saturated! Capacity remaining: 128/10000[0m
[33m[WARN][Oct  8 07:48:07]  [RUST] 2026-10-08T07:48:07.283564Z  WARN metanode::ffi: ⚠️ [FFI TX FLOW] Rust FFI channel is highly saturated! Capacity remaining: 128/10000[0m
[33m[WARN][Oct  8 07:48:08]  [RUST] 2026-10-08T07:48:08.248432Z  WARN consensus_core::commit_syncer: ⚠️ [BASELINE] Attempt 5/5: Failed to fetch baseline commit #63849 from network. Retrying in 1s...[0m
[33m[WARN][Oct  8 07:48:08]  [RUST] 2026-10-08T07:48:08.305309Z  WARN metanode::ffi: ⚠️ [FFI TX FLOW] Rust FFI channel is highly saturated! Capacity remaining: 128/10000[0m
[33m[WARN][Oct  8 07:48:08]  [RUST] 2026-10-08T07:48:08.311918Z  WARN metanode::ffi: ⚠️ [FFI TX FLOW] Rust FFI channel is highly saturated! Capacity remaining: 128/10000[0m
[33m[WARN][Oct  8 07:48:09]  [RUST] 2026-10-08T07:48:09.245444Z  WARN consensus_core::core::proposer: Skip proposing for round 63852: node phase is Bootstrapping[0m
[33m[WARN][Oct  8 07:48:09]  [RUST] 2026-10-08T07:48:09.245513Z  WARN consensus_core::core::proposer: Skip proposing for round 63852: node phase is Bootstrapping[0m
[33m[WARN][Oct  8 07:48:09]  [RUST] 2026-10-08T07:48:09.249692Z  WARN consensus_core::commit_syncer: 🚨 [BASELINE] Failed to fetch baseline commit #63849 after 5 attempts. ALL peers unreachable (network partition?). Skipping baseline — entering ScheduleVerifying for natural rebuild. Fork-safe: no proposals until schedule is verified.[0m
[32m[INFO][Oct  8 07:48:09]  [RUST] 2026-10-08T07:48:09.249785Z  INFO consensus_core::commit_syncer: 🔍 [BOOTSTRAP] Actively polling peers to discover true quorum_commit_index...[0m
[32m[INFO][Oct  8 07:48:09]  [RUST] 2026-10-08T07:48:09.249801Z  INFO consensus_core::commit_syncer: ℹ️ [BOOTSTRAP] Single-node cluster detected. Skipping peer polling.[0m
[32m[INFO][Oct  8 07:48:09]  [RUST] 2026-10-08T07:48:09.249817Z  INFO consensus_core::commit_syncer: 🚀 [COMMIT-SYNCER] Starting with phase=Bootstrapping, interval=200ms[0m
[33m[WARN][Oct  8 07:48:09]  [RUST] 2026-10-08T07:48:09.251037Z  WARN consensus_core::commit_syncer: ⚠️ [RECOVERY-BARRIER] Lag is 0, but schedule_recovery_pending=true. Node restored from snapshot but failed to fetch baseline. MUST enter ScheduleVerifying to rebuild LeaderSchedule naturally.[0m
[32m[INFO][Oct  8 07:48:09]  [RUST] 2026-10-08T07:48:09.251108Z  INFO consensus_core::recovery_barrier: ✅ [RECOVERY-BARRIER] DagCatchingUp → ScheduleVerifying. DAG reached quorum. Waiting for a full 300-commit LeaderSchedule scoring cycle.[0m
[32m[INFO][Oct  8 07:48:09]  [RUST] 2026-10-08T07:48:09.251125Z  INFO consensus_core::commit_syncer::cold_start: 🚀 [BOOTSTRAP] Snapshot restore complete. quorum=63849, transitioning to CatchingUp.[0m
[32m[INFO][Oct  8 07:48:09]  [RUST] 2026-10-08T07:48:09.251139Z  INFO consensus_core::coordination_hub: 🔄 [HUB] Phase transition: Bootstrapping -> CatchingUp[0m
[DIAG tx_recycler] pending=4 submitted=2 confirmed=0 recycled=0 expired=0 capacity_evicted=0
[32m[INFO][Oct  8 07:48:09]  [RUST] 2026-10-08T07:48:09.451139Z  INFO consensus_core::commit_syncer::cold_start: ✅ [COMMIT-SYNCER] Mathematical parity reached (synced=63849 >= quorum=63849, network_synced=0) and RecoveryBarrier=Ready. Clearing startup_sync. Local committer will unlock after DAG density confirmed.[0m
[32m[INFO][Oct  8 07:48:09]  [RUST] 2026-10-08T07:48:09.451332Z  INFO consensus_core::coordination_hub: 🔓 [STARTUP-SYNC] Proposals UNLOCKED — sync complete[0m
[32m[INFO][Oct  8 07:48:09]  [RUST] 2026-10-08T07:48:09.451352Z  INFO consensus_core::coordination_hub: 🔄 [HUB] Phase transition: CatchingUp -> Healthy[0m
[32m[INFO][Oct  8 07:48:09]  [RUST] 2026-10-08T07:48:09.451364Z  INFO consensus_core::commit_syncer: 🛡️ [DAG-GC-GUARD] Transitioning to Healthy. Local committer will automatically remain blocked if it falls behind gc_round.[0m
[32m[INFO][Oct  8 07:48:09]  [RUST] 2026-10-08T07:48:09.451402Z  INFO consensus_core::commit_syncer: 🏃 [LIVENESS] Kicking Core to resume proposals after transitioning to Healthy...[0m
[32m[INFO][Oct  8 07:48:09]  [RUST] 2026-10-08T07:48:09.451627Z  INFO consensus_core::transaction: Proposing block with 8 transactions (2184 bytes). Limit reached: AllTransactionsIncluded[0m
[DIAG submit_no_wait] ok=1 gc=0 timeout=0
[33m[WARN][Oct  8 07:48:09]  [RUST] 2026-10-08T07:48:09.452489Z  WARN consensus_core::commit_finalizer: ⚠️ [COMMIT FINALIZER] Non-sequential commit: expected index 63706, got 63850. Gap of 144 commits (likely FORWARD-JUMP catch-up). Proceeding.[0m
[DIAG digest-gate] direct_ok=1 buffered=0 poll_recovered=0 dropped=0
[DIAG dispatch_commit] dispatched_txs=0 gei_guard_skips=0 gei_guard_skipped_txs=[32m[INFO][Oct  8 07:48:09]  [RUST] 2026-10-08T07:48:09.455438Z  INFO metanode::consensus::commit_processor::processor: [DIAG leader-addr] preembedded=145 resolved_ok=0 waiting_iters=0 out_of_bounds=0 invalid_len=0[0m
0 fast_skip_empty=145
[33m[WARN][Oct  8 07:48:09]  [RUST] 2026-10-08T07:48:09.558206Z  WARN metanode::ffi: ⚠️ [FFI TX FLOW] Rust FFI channel is highly saturated! Capacity remaining: 128/10000[0m
[33m[WARN][Oct  8 07:48:09]  [RUST] 2026-10-08T07:48:09.564654Z  WARN metanode::ffi: ⚠️ [FFI TX FLOW] Rust FFI channel is highly saturated! Capacity remaining: 128/10000[0m
[32m[INFO][Oct  8 07:48:09]  [RUST] 2026-10-08T07:48:09.651200Z  INFO consensus_core::commit_syncer: 🔗 [BASELINE] Fetching network schedule/digest data for boundary commit #63600 (current cycle: 212)[0m
[33m[WARN][Oct  8 07:48:09]  [RUST] 2026-10-08T07:48:09.651356Z  WARN consensus_core::commit_syncer: ⚠️ [BASELINE] Attempt 1/5: Failed to fetch baseline commit #63849 from network. Retrying in 1s...[0m
[32m[INFO][Oct  8 07:48:09]  [RUST] 2026-10-08T07:48:09.653660Z  INFO consensus_core::transaction: Proposing block with 2 transactions (546 bytes). Limit reached: AllTransactionsIncluded[0m
[32m[INFO][Oct  8 07:48:09]  [RUST] 2026-10-08T07:48:09.766280Z  INFO metanode::node::setup_consensus: ✅ [DAG-GATE] CommitSyncer explicitly unlocked node! Notifying SystemTransactionProvider.[0m
[32m[INFO][Oct  8 07:48:09]  [RUST] 2026-10-08T07:48:09.857334Z  INFO metanode::consensus::tx_recycler: ♻️ [TX RECYCLER] Confirmed 2 TXs from committed sub-DAG (4 still pending)[0m
[32m[INFO][Oct  8 07:48:09]  [RUST] 2026-10-08T07:48:09.857453Z  INFO metanode::node::executor_client::block_sending: 🔪 [FRAGMENT-BUILD] Built sorted TX list: input=8, filtered=0, deduped=6, final=2, system_txs=0[0m
[32m[INFO][Oct  8 07:48:09]  [RUST] 2026-10-08T07:48:09.857513Z  INFO metanode::node::executor_client::block_sending: 📊 [BLOCK-NUM-ASSIGN] Assigned block_number=85 for GEI=85, epoch=0, commit_idx=63852, txs_user=2, txs_sys=0[0m
[32m[INFO][Oct  8 07:48:09]  🔄 [FORCE COMMIT] Received ForceCommitRequest from Rust (reason: commit_g85_e0)[0m
[32m[INFO][Oct  8 07:48:09]  [RUST] 2026-10-08T07:48:09.857751Z  INFO metanode::node::executor_client::rpc_queries: ✅ [EXECUTOR-REQ] ForceCommit successful: ForceCommit callback is not initialized[0m
2026/10/08 07:48:09 Parent Chain: Processing block 85 (GEI 85) with 2 txs
[32m[INFO][Oct  8 07:48:10]  [RUST] 2026-10-08T07:48:10.124338Z  INFO metanode::consensus::tx_recycler: ♻️ [TX RECYCLER] Confirmed 2 TXs from committed sub-DAG (2 still pending)[0m
[32m[INFO][Oct  8 07:48:10]  🔄 [FORCE COMMIT] Received ForceCommitRequest from Rust (reason: commit_g86_e0)[0m
[32m[INFO][Oct  8 07:48:10]  [RUST] 2026-10-08T07:48:10.124862Z  INFO metanode::node::executor_client::rpc_queries: ✅ [EXECUTOR-REQ] ForceCommit successful: ForceCommit callback is not initialized[0m
2026/10/08 07:48:10 block_processor: tx 0x25e8438a rejected in block #85: errCode=215 err=RegisterAccount: float account: account already registered
2026/10/08 07:48:10 Parent Chain: Block #85 applied successfully: txs=2 receipts=2 hash=0x45a2ae3ed99d6e0e stateRoot=0x57b87f9910643ca7
[33m[WARN][Oct  8 07:48:10]  ⏱️ [FFI-TRACE] gei=85 stage=GO_CGO unmarshal_ns=45797 queue_to_resp_ns=269683123 serialize_ns=157394 total_ns=269890159[0m
[33m[WARN][Oct  8 07:48:10]  [RUST] 2026-10-08T07:48:10.127646Z  WARN metanode::node::executor_client::block_sending: ⏱️ [FFI-TRACE] gei=85 stage=RUST sched_ns=100870 cgo_ns=269931105 decode_ns=52830[0m
[33m[WARN][Oct  8 07:48:10]  [RUST] 2026-10-08T07:48:10.127703Z  WARN metanode::node::executor_client::block_sending: ⏱️ [PERF-RUST] FFI execute_block for gei 85 (size=643 bytes): 270.145882ms[0m
[32m[INFO][Oct  8 07:48:10]  [RUST] 2026-10-08T07:48:10.127723Z  INFO metanode::node::executor_client::block_sending: 💾 [BLOCK-SEND] Go computed StateRoot for GEI=85: 0x57b87f9910643ca78259e5f0f3aafbfa335ccbd55433f5ce39f3a8a688d1afda[0m
[DIAG block_delivery] ok_commits=1 ok_txs=8
[32m[INFO][Oct  8 07:48:10]  [RUST] 2026-10-08T07:48:10.128065Z  INFO metanode::node::executor_client::block_store: 💾 [BLOCK STORE] Stored 1 executable blocks (GEI 85→85)[0m
[33m[WARN][Oct  8 07:48:10]  [RUST] 2026-10-08T07:48:10.128140Z  WARN metanode::node::block_delivery: 🐌 [PERF-WARN] send_committed_subdag took 270.914189ms for commit 63852 (GEI=85). Go Execution is lagging![0m
[32m[INFO][Oct  8 07:48:10]  [RUST] 2026-10-08T07:48:10.128293Z  INFO metanode::node::executor_client::block_sending: 🔪 [FRAGMENT-BUILD] Built sorted TX list: input=2, filtered=0, deduped=0, final=2, system_txs=0[0m
[32m[INFO][Oct  8 07:48:10]  [RUST] 2026-10-08T07:48:10.128319Z  INFO metanode::node::executor_client::block_sending: 📊 [BLOCK-NUM-ASSIGN] Assigned block_number=86 for GEI=86, epoch=0, commit_idx=63853, txs_user=2, txs_sys=0[0m
2026/10/08 07:48:10 Parent Chain: Processing block 86 (GEI 86) with 2 txs
2026/10/08 07:48:10 block_processor: tx 0xdfd4bba3 rejected in block #86: errCode=215 err=RegisterAccount: float account: account already registered
2026/10/08 07:48:10 Parent Chain: Block #86 applied successfully: txs=2 receipts=2 hash=0x896bdaa30996b12e stateRoot=0x6428254ad6c0a1fc
[33m[WARN][Oct  8 07:48:10]  ⏱️ [FFI-TRACE] gei=86 stage=GO_CGO unmarshal_ns=43681 queue_to_resp_ns=12682977 serialize_ns=12727 total_ns=12750478[0m
[33m[WARN][Oct  8 07:48:10]  [RUST] 2026-10-08T07:48:10.141261Z  WARN metanode::node::executor_client::block_sending: ⏱️ [FFI-TRACE] gei=86 stage=RUST sched_ns=35734 cgo_ns=12795687 decode_ns=52104[0m
[33m[WARN][Oct  8 07:48:10]  [RUST] 2026-10-08T07:48:10.141315Z  WARN metanode::node::executor_client::block_sending: ⏱️ [PERF-RUST] FFI execute_block for gei 86 (size=643 bytes): 12.939565ms[0m
[32m[INFO][Oct  8 07:48:10]  [RUST] 2026-10-08T07:48:10.141331Z  INFO metanode::node::executor_client::block_sending: 💾 [BLOCK-SEND] Go computed StateRoot for GEI=86: 0x6428254ad6c0a1fcd524d88755540b8fb6073d2303569ef548c54fa74f3cf7fe[0m
[32m[INFO][Oct  8 07:48:10]  [RUST] 2026-10-08T07:48:10.141607Z  INFO metanode::node::executor_client::block_store: 💾 [BLOCK STORE] Stored 1 executable blocks (GEI 86→86)[0m
[33m[WARN][Oct  8 07:48:10]  [RUST] 2026-10-08T07:48:10.652507Z  WARN consensus_core::commit_syncer: ⚠️ [BASELINE] Attempt 2/5: Failed to fetch baseline commit #63849 from network. Retrying in 1s...[0m
[DIAG digest-gate] direct_ok=9 buffered=0 poll_recovered=0 dropped=0
[DIAG dispatch_commit] dispatched_txs=10 gei_guard_skips=0 gei_guard_skipped_txs=0 fast_skip_empty=151
[33m[WARN][Oct  8 07:48:11]  [RUST] 2026-10-08T07:48:11.654012Z  WARN consensus_core::commit_syncer: ⚠️ [BASELINE] Attempt 3/5: Failed to fetch baseline commit #63849 from network. Retrying in 1s...[0m
[33m[WARN][Oct  8 07:48:12]  [RUST] 2026-10-08T07:48:12.655185Z  WARN consensus_core::commit_syncer: ⚠️ [BASELINE] Attempt 4/5: Failed to fetch baseline commit #63849 from network. Retrying in 1s...[0m
[DIAG digest-gate] direct_ok=19 buffered=0 poll_recovered=0 dropped=0
[DIAG dispatch_commit] dispatched_txs=10 gei_guard_skips=0 gei_guard_skipped_txs=0 fast_skip_empty=161
[33m[WARN][Oct  8 07:48:13]  [RUST] 2026-10-08T07:48:13.656045Z  WARN consensus_core::commit_syncer: ⚠️ [BASELINE] Attempt 5/5: Failed to fetch baseline commit #63849 from network. Retrying in 1s...[0m
[32m[INFO][Oct  8 07:48:14]  [RUST] 2026-10-08T07:48:14.095327Z  INFO metanode::consensus::commit_processor::processor: [DIAG leader-addr] preembedded=168 resolved_ok=0 waiting_iters=0 out_of_bounds=0 invalid_len=0[0m
[DIAG tx_recycler] pending=2 submitted=4 confirmed=4 recycled=0 expired=0 capacity_evicted=0
[33m[WARN][Oct  8 07:48:14]  [RUST] 2026-10-08T07:48:14.657161Z  WARN consensus_core::commit_syncer: 🚨 [BASELINE] Failed to fetch baseline commit #63849 after 5 attempts. ALL peers unreachable (network partition?). Skipping baseline — entering ScheduleVerifying for natural rebuild. Fork-safe: no proposals until schedule is verified.[0m
[32m[INFO][Oct  8 07:48:14]  [RUST] 2026-10-08T07:48:14.657294Z  INFO consensus_core::commit_syncer: 🛡️ [UNIFIED STATE] Phase: Healthy | Local DAG Commit: 63875 | Synced: 63849 | Network Quorum: 63875 | Lag(dag): 0 | Lag(synced,gates-on-this): 26 | Block Source: CONSENSUS (Healthy)[0m
[32m[INFO][Oct  8 07:48:14]  [RUST] 2026-10-08T07:48:14.657331Z  INFO consensus_core::coordination_hub: 🔄 [HUB] Phase transition: Healthy -> CatchingUp[0m
[32m[INFO][Oct  8 07:48:14]  [RUST] 2026-10-08T07:48:14.657359Z  INFO consensus_core::coordination_hub: 🔄 [HUB] Phase transition: CatchingUp -> Healthy[0m
[32m[INFO][Oct  8 07:48:14]  [RUST] 2026-10-08T07:48:14.657369Z  INFO consensus_core::commit_syncer: 🛡️ [DAG-GC-GUARD] Transitioning to Healthy. Local committer will automatically remain blocked if it falls behind gc_round.[0m
[32m[INFO][Oct  8 07:48:14]  [RUST] 2026-10-08T07:48:14.657418Z  INFO consensus_core::commit_syncer: 🔗 [BASELINE] Fetching network schedule/digest data for boundary commit #63600 (current cycle: 212)[0m
[33m[WARN][Oct  8 07:48:14]  [RUST] 2026-10-08T07:48:14.657442Z  WARN consensus_core::commit_syncer: ⚠️ [BASELINE] Attempt 1/5: Failed to fetch baseline commit #63875 from network. Retrying in 1s...[0m
[32m[INFO][Oct  8 07:48:14]  [RUST] 2026-10-08T07:48:14.657468Z  INFO consensus_core::commit_syncer: 🏃 [LIVENESS] Kicking Core to resume proposals after transitioning to Healthy...[0m
[DIAG digest-gate] direct_ok=29 buffered=0 poll_recovered=0 dropped=0
[DIAG dispatch_commit] dispatched_txs=10 gei_guard_skips=0 gei_guard_skipped_txs=0 fast_skip_empty=171
[33m[WARN][Oct  8 07:48:15]  [RUST] 2026-10-08T07:48:15.658249Z  WARN consensus_core::commit_syncer: ⚠️ [BASELINE] Attempt 2/5: Failed to fetch baseline commit #63875 from network. Retrying in 1s...[0m
[33m[WARN][Oct  8 07:48:16]  [RUST] 2026-10-08T07:48:16.663019Z  WARN consensus_core::commit_syncer: ⚠️ [BASELINE] Attempt 3/5: Failed to fetch baseline commit #63875 from network. Retrying in 1s...[0m
[DIAG digest-gate] direct_ok=39 buffered=0 poll_recovered=0 dropped=0
[DIAG dispatch_commit] dispatched_txs=10 gei_guard_skips=0 gei_guard_skipped_txs=0 fast_skip_empty=181
[33m[WARN][Oct  8 07:48:17]  [RUST] 2026-10-08T07:48:17.666725Z  WARN consensus_core::commit_syncer: ⚠️ [BASELINE] Attempt 4/5: Failed to fetch baseline commit #63875 from network. Retrying in 1s...[0m
[33m[WARN][Oct  8 07:48:18]  [RUST] 2026-10-08T07:48:18.667935Z  WARN consensus_core::commit_syncer: ⚠️ [BASELINE] Attempt 5/5: Failed to fetch baseline commit #63875 from network. Retrying in 1s...[0m
[DIAG digest-gate] direct_ok=49 buffered=0 poll_recovered=0 dropped=0
[DIAG dispatch_commit] dispatched_txs=10 gei_guard_skips=0 gei_guard_skipped_txs=0 fast_skip_empty=191
[32m[INFO][Oct  8 07:48:19]  [RUST] 2026-10-08T07:48:19.111366Z  INFO metanode::consensus::commit_processor::processor: [DIAG leader-addr] preembedded=193 resolved_ok=0 waiting_iters=0 out_of_bounds=0 invalid_len=0[0m
[DIAG tx_recycler] pending=2 submitted=4 confirmed=4 recycled=0 expired=0 capacity_evicted=0
[33m[WARN][Oct  8 07:48:19]  [RUST] 2026-10-08T07:48:19.515082Z  WARN consensus_core::core::commit_manager: 🚫 [SCHEDULE-RECOVERY] DAG lacks 300 commits at schedule update boundary (commit_index=63900). Skipping LeaderSchedule update to prevent reputation score divergence. Local committer will remain permanently blocked for this epoch.[0m
[33m[WARN][Oct  8 07:48:19]  [RUST] 2026-10-08T07:48:19.671020Z  WARN consensus_core::commit_syncer: 🚨 [BASELINE] Failed to fetch baseline commit #63875 after 5 attempts. ALL peers unreachable (network partition?). Skipping baseline — entering ScheduleVerifying for natural rebuild. Fork-safe: no proposals until schedule is verified.[0m
[32m[INFO][Oct  8 07:48:19]  [RUST] 2026-10-08T07:48:19.671106Z  INFO consensus_core::commit_syncer: 🛡️ [UNIFIED STATE] Phase: Healthy | Local DAG Commit: 63900 | Synced: 63875 | Network Quorum: 63900 | Lag(dag): 0 | Lag(synced,gates-on-this): 25 | Block Source: CONSENSUS (Healthy)[0m
[32m[INFO][Oct  8 07:48:19]  [RUST] 2026-10-08T07:48:19.671148Z  INFO consensus_core::coordination_hub: 🔄 [HUB] Phase transition: Healthy -> CatchingUp[0m
[32m[INFO][Oct  8 07:48:19]  [RUST] 2026-10-08T07:48:19.671166Z  INFO consensus_core::coordination_hub: 🔄 [HUB] Phase transition: CatchingUp -> Healthy[0m
[32m[INFO][Oct  8 07:48:19]  [RUST] 2026-10-08T07:48:19.671172Z  INFO consensus_core::commit_syncer: 🛡️ [DAG-GC-GUARD] Transitioning to Healthy. Local committer will automatically remain blocked if it falls behind gc_round.[0m
[32m[INFO][Oct  8 07:48:19]  [RUST] 2026-10-08T07:48:19.671199Z  INFO consensus_core::commit_syncer: 🔗 [BASELINE] Fetching network schedule/digest data for boundary commit #63900 (current cycle: 213)[0m
[33m[WARN][Oct  8 07:48:19]  [RUST] 2026-10-08T07:48:19.671213Z  WARN consensus_core::commit_syncer: ⚠️ [BASELINE] Attempt 1/5: Failed to fetch baseline commit #63900 from network. Retrying in 1s...[0m
[32m[INFO][Oct  8 07:48:19]  [RUST] 2026-10-08T07:48:19.671231Z  INFO consensus_core::commit_syncer: 🏃 [LIVENESS] Kicking Core to resume proposals after transitioning to Healthy...[0m
[33m[WARN][Oct  8 07:48:20]  [RUST] 2026-10-08T07:48:20.672693Z  WARN consensus_core::commit_syncer: ⚠️ [BASELINE] Attempt 2/5: Failed to fetch baseline commit #63900 from network. Retrying in 1s...[0m
[DIAG digest-gate] direct_ok=59 buffered=0 poll_recovered=0 dropped=0
[DIAG dispatch_commit] dispatched_txs=10 gei_guard_skips=0 gei_guard_skipped_txs=0 fast_skip_empty=201
[33m[WARN][Oct  8 07:48:21]  [RUST] 2026-10-08T07:48:21.673910Z  WARN consensus_core::commit_syncer: ⚠️ [BASELINE] Attempt 3/5: Failed to fetch baseline commit #63900 from network. Retrying in 1s...[0m
[33m[WARN][Oct  8 07:48:22]  [RUST] 2026-10-08T07:48:22.675122Z  WARN consensus_core::commit_syncer: ⚠️ [BASELINE] Attempt 4/5: Failed to fetch baseline commit #63900 from network. Retrying in 1s...[0m
[DIAG digest-gate] direct_ok=69 buffered=0 poll_recovered=0 dropped=0
[DIAG dispatch_commit] dispatched_txs=10 gei_guard_skips=0 gei_guard_skipped_txs=0 fast_skip_empty=211
[33m[WARN][Oct  8 07:48:23]  [RUST] 2026-10-08T07:48:23.676508Z  WARN consensus_core::commit_syncer: ⚠️ [BASELINE] Attempt 5/5: Failed to fetch baseline commit #63900 from network. Retrying in 1s...[0m
[32m[INFO][Oct  8 07:48:24]  [RUST] 2026-10-08T07:48:24.115272Z  INFO metanode::consensus::commit_processor::processor: [DIAG leader-addr] preembedded=218 resolved_ok=0 waiting_iters=0 out_of_bounds=0 invalid_len=0[0m
[DIAG tx_recycler] pending=2 submitted=4 confirmed=4 recycled=0 expired=0 capacity_evicted=0
[33m[WARN][Oct  8 07:48:24]  [RUST] 2026-10-08T07:48:24.677291Z  WARN consensus_core::commit_syncer: 🚨 [BASELINE] Failed to fetch baseline commit #63900 after 5 attempts. ALL peers unreachable (network partition?). Skipping baseline — entering ScheduleVerifying for natural rebuild. Fork-safe: no proposals until schedule is verified.[0m
[32m[INFO][Oct  8 07:48:24]  [RUST] 2026-10-08T07:48:24.677489Z  INFO consensus_core::commit_syncer: 🛡️ [UNIFIED STATE] Phase: Healthy | Local DAG Commit: 63925 | Synced: 63900 | Network Quorum: 63925 | Lag(dag): 0 | Lag(synced,gates-on-this): 25 | Block Source: CONSENSUS (Healthy)[0m
[32m[INFO][Oct  8 07:48:24]  [RUST] 2026-10-08T07:48:24.677541Z  INFO consensus_core::coordination_hub: 🔄 [HUB] Phase transition: Healthy -> CatchingUp[0m
[32m[INFO][Oct  8 07:48:24]  [RUST] 2026-10-08T07:48:24.677574Z  INFO consensus_core::coordination_hub: 🔄 [HUB] Phase transition: CatchingUp -> Healthy[0m
[32m[INFO][Oct  8 07:48:24]  [RUST] 2026-10-08T07:48:24.677619Z  INFO consensus_core::commit_syncer: 🛡️ [DAG-GC-GUARD] Transitioning to Healthy. Local committer will automatically remain blocked if it falls behind gc_round.[0m
[32m[INFO][Oct  8 07:48:24]  [RUST] 2026-10-08T07:48:24.677652Z  INFO consensus_core::commit_syncer: 🔗 [BASELINE] Fetching network schedule/digest data for boundary commit #63900 (current cycle: 213)[0m
[33m[WARN][Oct  8 07:48:24]  [RUST] 2026-10-08T07:48:24.677672Z  WARN consensus_core::commit_syncer: ⚠️ [BASELINE] Attempt 1/5: Failed to fetch baseline commit #63925 from network. Retrying in 1s...[0m
[32m[INFO][Oct  8 07:48:24]  [RUST] 2026-10-08T07:48:24.677705Z  INFO consensus_core::commit_syncer: 🏃 [LIVENESS] Kicking Core to resume proposals after transitioning to Healthy...[0m
[DIAG digest-gate] direct_ok=79 buffered=0 poll_recovered=0 dropped=0
[DIAG dispatch_commit] dispatched_txs=10 gei_guard_skips=0 gei_guard_skipped_txs=0 fast_skip_empty=221
[33m[WARN][Oct  8 07:48:25]  [RUST] 2026-10-08T07:48:25.679477Z  WARN consensus_core::commit_syncer: ⚠️ [BASELINE] Attempt 2/5: Failed to fetch baseline commit #63925 from network. Retrying in 1s...[0m
[33m[WARN][Oct  8 07:48:26]  [RUST] 2026-10-08T07:48:26.680237Z  WARN consensus_core::commit_syncer: ⚠️ [BASELINE] Attempt 3/5: Failed to fetch baseline commit #63925 from network. Retrying in 1s...[0m
[DIAG digest-gate] direct_ok=89 buffered=0 poll_recovered=0 dropped=0
[DIAG dispatch_commit] dispatched_txs=10 gei_guard_skips=0 gei_guard_skipped_txs=0 fast_skip_empty=231
[33m[WARN][Oct  8 07:48:27]  [RUST] 2026-10-08T07:48:27.681081Z  WARN consensus_core::commit_syncer: ⚠️ [BASELINE] Attempt 4/5: Failed to fetch baseline commit #63925 from network. Retrying in 1s...[0m
[33m[WARN][Oct  8 07:48:28]  [RUST] 2026-10-08T07:48:28.682190Z  WARN consensus_core::commit_syncer: ⚠️ [BASELINE] Attempt 5/5: Failed to fetch baseline commit #63925 from network. Retrying in 1s...[0m
[DIAG digest-gate] direct_ok=99 buffered=0 poll_recovered=0 dropped=0
[32m[INFO][Oct  8 07:48:29]  [RUST] 2026-10-08T07:48:29.117132Z  INFO metanode::consensus::commit_processor::processor: [DIAG leader-addr] preembedded=243 resolved_ok=0 waiting_iters=0 out_of_bounds=0 invalid_len=0[0m
[DIAG dispatch_commit] dispatched_txs=10 gei_guard_skips=0 gei_guard_skipped_txs=0 fast_skip_empty=241
[DIAG tx_recycler] pending=2 submitted=4 confirmed=4 recycled=0 expired=0 capacity_evicted=0
[33m[WARN][Oct  8 07:48:29]  [RUST] 2026-10-08T07:48:29.683638Z  WARN consensus_core::commit_syncer: 🚨 [BASELINE] Failed to fetch baseline commit #63925 after 5 attempts. ALL peers unreachable (network partition?). Skipping baseline — entering ScheduleVerifying for natural rebuild. Fork-safe: no proposals until schedule is verified.[0m
[32m[INFO][Oct  8 07:48:29]  [RUST] 2026-10-08T07:48:29.683736Z  INFO consensus_core::commit_syncer: 🛡️ [UNIFIED STATE] Phase: Healthy | Local DAG Commit: 63950 | Synced: 63925 | Network Quorum: 63950 | Lag(dag): 0 | Lag(synced,gates-on-this): 25 | Block Source: CONSENSUS (Healthy)[0m
[32m[INFO][Oct  8 07:48:29]  [RUST] 2026-10-08T07:48:29.683768Z  INFO consensus_core::coordination_hub: 🔄 [HUB] Phase transition: Healthy -> CatchingUp[0m
[32m[INFO][Oct  8 07:48:29]  [RUST] 2026-10-08T07:48:29.683806Z  INFO consensus_core::coordination_hub: 🔄 [HUB] Phase transition: CatchingUp -> Healthy[0m
[32m[INFO][Oct  8 07:48:29]  [RUST] 2026-10-08T07:48:29.683812Z  INFO consensus_core::commit_syncer: 🛡️ [DAG-GC-GUARD] Transitioning to Healthy. Local committer will automatically remain blocked if it falls behind gc_round.[0m
[32m[INFO][Oct  8 07:48:29]  [RUST] 2026-10-08T07:48:29.683842Z  INFO consensus_core::commit_syncer: 🔗 [BASELINE] Fetching network schedule/digest data for boundary commit #63900 (current cycle: 213)[0m
[33m[WARN][Oct  8 07:48:29]  [RUST] 2026-10-08T07:48:29.683858Z  WARN consensus_core::commit_syncer: ⚠️ [BASELINE] Attempt 1/5: Failed to fetch baseline commit #63950 from network. Retrying in 1s...[0m
[32m[INFO][Oct  8 07:48:29]  [RUST] 2026-10-08T07:48:29.683885Z  INFO consensus_core::commit_syncer: 🏃 [LIVENESS] Kicking Core to resume proposals after transitioning to Healthy...[0m
[33m[WARN][Oct  8 07:48:30]  [RUST] 2026-10-08T07:48:30.685365Z  WARN consensus_core::commit_syncer: ⚠️ [BASELINE] Attempt 2/5: Failed to fetch baseline commit #63950 from network. Retrying in 1s...[0m
[DIAG digest-gate] direct_ok=109 buffered=0 poll_recovered=0 dropped=0
[DIAG dispatch_commit] dispatched_txs=10 gei_guard_skips=0 gei_guard_skipped_txs=0 fast_skip_empty=251
[33m[WARN][Oct  8 07:48:31]  [RUST] 2026-10-08T07:48:31.686333Z  WARN consensus_core::commit_syncer: ⚠️ [BASELINE] Attempt 3/5: Failed to fetch baseline commit #63950 from network. Retrying in 1s...[0m
[33m[WARN][Oct  8 07:48:32]  [RUST] 2026-10-08T07:48:32.687250Z  WARN consensus_core::commit_syncer: ⚠️ [BASELINE] Attempt 4/5: Failed to fetch baseline commit #63950 from network. Retrying in 1s...[0m
[DIAG digest-gate] direct_ok=119 buffered=0 poll_recovered=0 dropped=0
[DIAG dispatch_commit] dispatched_txs=10 gei_guard_skips=0 gei_guard_skipped_txs=0 fast_skip_empty=261
[33m[WARN][Oct  8 07:48:33]  [RUST] 2026-10-08T07:48:33.688433Z  WARN consensus_core::commit_syncer: ⚠️ [BASELINE] Attempt 5/5: Failed to fetch baseline commit #63950 from network. Retrying in 1s...[0m
[32m[INFO][Oct  8 07:48:34]  [RUST] 2026-10-08T07:48:34.167104Z  INFO metanode::consensus::commit_processor::processor: [DIAG leader-addr] preembedded=268 resolved_ok=0 waiting_iters=0 out_of_bounds=0 invalid_len=0[0m
[DIAG tx_recycler] pending=2 submitted=4 confirmed=4 recycled=0 expired=0 capacity_evicted=0
[33m[WARN][Oct  8 07:48:34]  [RUST] 2026-10-08T07:48:34.254880Z  WARN metanode::node::health_check: ⚠️ [HEALTH] No peers configured. Skipping health check.[0m
[32m[INFO][Oct  8 07:48:34]  [RUST] 2026-10-08T07:48:34.255014Z  INFO metanode::node::setup_consensus: ✅ [HEALTH] Post-recovery health check PASSED (attempt 1/3): HealthCheckResult { block_parity: true, gei_parity: true, state_root_match: true, committee_match: true }[0m
[33m[WARN][Oct  8 07:48:34]  [RUST] 2026-10-08T07:48:34.689075Z  WARN consensus_core::commit_syncer: 🚨 [BASELINE] Failed to fetch baseline commit #63950 after 5 attempts. ALL peers unreachable (network partition?). Skipping baseline — entering ScheduleVerifying for natural rebuild. Fork-safe: no proposals until schedule is verified.[0m
[32m[INFO][Oct  8 07:48:34]  [RUST] 2026-10-08T07:48:34.689167Z  INFO consensus_core::commit_syncer: 🛡️ [UNIFIED STATE] Phase: Healthy | Local DAG Commit: 63975 | Synced: 63950 | Network Quorum: 63975 | Lag(dag): 0 | Lag(synced,gates-on-this): 25 | Block Source: CONSENSUS (Healthy)[0m
[32m[INFO][Oct  8 07:48:34]  [RUST] 2026-10-08T07:48:34.689197Z  INFO consensus_core::coordination_hub: 🔄 [HUB] Phase transition: Healthy -> CatchingUp[0m
[32m[INFO][Oct  8 07:48:34]  [RUST] 2026-10-08T07:48:34.689271Z  INFO consensus_core::coordination_hub: 🔄 [HUB] Phase transition: CatchingUp -> Healthy[0m
[32m[INFO][Oct  8 07:48:34]  [RUST] 2026-10-08T07:48:34.689282Z  INFO consensus_core::commit_syncer: 🛡️ [DAG-GC-GUARD] Transitioning to Healthy. Local committer will automatically remain blocked if it falls behind gc_round.[0m
[32m[INFO][Oct  8 07:48:34]  [RUST] 2026-10-08T07:48:34.689307Z  INFO consensus_core::commit_syncer: 🔗 [BASELINE] Fetching network schedule/digest data for boundary commit #63900 (current cycle: 213)[0m
[33m[WARN][Oct  8 07:48:34]  [RUST] 2026-10-08T07:48:34.689325Z  WARN consensus_core::commit_syncer: ⚠️ [BASELINE] Attempt 1/5: Failed to fetch baseline commit #63975 from network. Retrying in 1s...[0m
[32m[INFO][Oct  8 07:48:34]  [RUST] 2026-10-08T07:48:34.689361Z  INFO consensus_core::commit_syncer: 🏃 [LIVENESS] Kicking Core to resume proposals after transitioning to Healthy...[0m
[DIAG digest-gate] direct_ok=129 buffered=0 poll_recovered=0 dropped=0
[DIAG dispatch_commit] dispatched_txs=10 gei_guard_skips=0 gei_guard_skipped_txs=0 fast_skip_empty=271
[33m[WARN][Oct  8 07:48:35]  [RUST] 2026-10-08T07:48:35.690204Z  WARN consensus_core::commit_syncer: ⚠️ [BASELINE] Attempt 2/5: Failed to fetch baseline commit #63975 from network. Retrying in 1s...[0m
[33m[WARN][Oct  8 07:48:36]  [RUST] 2026-10-08T07:48:36.691028Z  WARN consensus_core::commit_syncer: ⚠️ [BASELINE] Attempt 3/5: Failed to fetch baseline commit #63975 from network. Retrying in 1s...[0m
[DIAG digest-gate] direct_ok=139 buffered=0 poll_recovered=0 dropped=0
[DIAG dispatch_commit] dispatched_txs=10 gei_guard_skips=0 gei_guard_skipped_txs=0 fast_skip_empty=281
[33m[WARN][Oct  8 07:48:37]  [RUST] 2026-10-08T07:48:37.692158Z  WARN consensus_core::commit_syncer: ⚠️ [BASELINE] Attempt 4/5: Failed to fetch baseline commit #63975 from network. Retrying in 1s...[0m
[33m[WARN][Oct  8 07:48:38]  [RUST] 2026-10-08T07:48:38.693125Z  WARN consensus_core::commit_syncer: ⚠️ [BASELINE] Attempt 5/5: Failed to fetch baseline commit #63975 from network. Retrying in 1s...[0m
[DIAG digest-gate] direct_ok=149 buffered=0 poll_recovered=0 dropped=0
[32m[INFO][Oct  8 07:48:39]  [RUST] 2026-10-08T07:48:39.154305Z  INFO metanode::consensus::commit_processor::processor: [DIAG leader-addr] preembedded=293 resolved_ok=0 waiting_iters=0 out_of_bounds=0 invalid_len=0[0m
[DIAG dispatch_commit] dispatched_txs=10 gei_guard_skips=0 gei_guard_skipped_txs=0 fast_skip_empty=291
[DIAG tx_recycler] pending=2 submitted=4 confirmed=4 recycled=0 expired=0 capacity_evicted=0
[33m[WARN][Oct  8 07:48:39]  [RUST] 2026-10-08T07:48:39.693754Z  WARN consensus_core::commit_syncer: 🚨 [BASELINE] Failed to fetch baseline commit #63975 after 5 attempts. ALL peers unreachable (network partition?). Skipping baseline — entering ScheduleVerifying for natural rebuild. Fork-safe: no proposals until schedule is verified.[0m
[32m[INFO][Oct  8 07:48:39]  [RUST] 2026-10-08T07:48:39.693935Z  INFO consensus_core::commit_syncer: 🛡️ [UNIFIED STATE] Phase: Healthy | Local DAG Commit: 64000 | Synced: 63975 | Network Quorum: 64000 | Lag(dag): 0 | Lag(synced,gates-on-this): 25 | Block Source: CONSENSUS (Healthy)[0m
[32m[INFO][Oct  8 07:48:39]  [RUST] 2026-10-08T07:48:39.693962Z  INFO consensus_core::coordination_hub: 🔄 [HUB] Phase transition: Healthy -> CatchingUp[0m
[32m[INFO][Oct  8 07:48:39]  [RUST] 2026-10-08T07:48:39.694036Z  INFO consensus_core::coordination_hub: 🔄 [HUB] Phase transition: CatchingUp -> Healthy[0m
[32m[INFO][Oct  8 07:48:39]  [RUST] 2026-10-08T07:48:39.694045Z  INFO consensus_core::commit_syncer: 🛡️ [DAG-GC-GUARD] Transitioning to Healthy. Local committer will automatically remain blocked if it falls behind gc_round.[0m
[32m[INFO][Oct  8 07:48:39]  [RUST] 2026-10-08T07:48:39.694068Z  INFO consensus_core::commit_syncer: 🔗 [BASELINE] Fetching network schedule/digest data for boundary commit #63900 (current cycle: 213)[0m
[33m[WARN][Oct  8 07:48:39]  [RUST] 2026-10-08T07:48:39.694084Z  WARN consensus_core::commit_syncer: ⚠️ [BASELINE] Attempt 1/5: Failed to fetch baseline commit #64000 from network. Retrying in 1s...[0m
[32m[INFO][Oct  8 07:48:39]  [RUST] 2026-10-08T07:48:39.694119Z  INFO consensus_core::commit_syncer: 🏃 [LIVENESS] Kicking Core to resume proposals after transitioning to Healthy...[0m
[33m[WARN][Oct  8 07:48:40]  [RUST] 2026-10-08T07:48:40.695484Z  WARN consensus_core::commit_syncer: ⚠️ [BASELINE] Attempt 2/5: Failed to fetch baseline commit #64000 from network. Retrying in 1s...[0m
[DIAG digest-gate] direct_ok=159 buffered=0 poll_recovered=0 dropped=0
[DIAG dispatch_commit] dispatched_txs=10 gei_guard_skips=0 gei_guard_skipped_txs=0 fast_skip_empty=301
[33m[WARN][Oct  8 07:48:41]  [RUST] 2026-10-08T07:48:41.696025Z  WARN consensus_core::commit_syncer: ⚠️ [BASELINE] Attempt 3/5: Failed to fetch baseline commit #64000 from network. Retrying in 1s...[0m
[33m[WARN][Oct  8 07:48:42]  [RUST] 2026-10-08T07:48:42.697013Z  WARN consensus_core::commit_syncer: ⚠️ [BASELINE] Attempt 4/5: Failed to fetch baseline commit #64000 from network. Retrying in 1s...[0m
[DIAG digest-gate] direct_ok=169 buffered=0 poll_recovered=0 dropped=0
[DIAG dispatch_commit] dispatched_txs=10 gei_guard_skips=0 gei_guard_skipped_txs=0 fast_skip_empty=311
[33m[WARN][Oct  8 07:48:43]  [RUST] 2026-10-08T07:48:43.698010Z  WARN consensus_core::commit_syncer: ⚠️ [BASELINE] Attempt 5/5: Failed to fetch baseline commit #64000 from network. Retrying in 1s...[0m
[32m[INFO][Oct  8 07:48:44]  [RUST] 2026-10-08T07:48:44.137225Z  INFO metanode::consensus::commit_processor::processor: [DIAG leader-addr] preembedded=318 resolved_ok=0 waiting_iters=0 out_of_bounds=0 invalid_len=0[0m
[DIAG tx_recycler] pending=2 submitted=4 confirmed=4 recycled=0 expired=0 capacity_evicted=0
[33m[WARN][Oct  8 07:48:44]  [RUST] 2026-10-08T07:48:44.699197Z  WARN consensus_core::commit_syncer: 🚨 [BASELINE] Failed to fetch baseline commit #64000 after 5 attempts. ALL peers unreachable (network partition?). Skipping baseline — entering ScheduleVerifying for natural rebuild. Fork-safe: no proposals until schedule is verified.[0m
[32m[INFO][Oct  8 07:48:44]  [RUST] 2026-10-08T07:48:44.699308Z  INFO consensus_core::commit_syncer: 🛡️ [UNIFIED STATE] Phase: Healthy | Local DAG Commit: 64025 | Synced: 64000 | Network Quorum: 64025 | Lag(dag): 0 | Lag(synced,gates-on-this): 25 | Block Source: CONSENSUS (Healthy)[0m
[32m[INFO][Oct  8 07:48:44]  [RUST] 2026-10-08T07:48:44.699358Z  INFO consensus_core::coordination_hub: 🔄 [HUB] Phase transition: Healthy -> CatchingUp[0m
[32m[INFO][Oct  8 07:48:44]  [RUST] 2026-10-08T07:48:44.699395Z  INFO consensus_core::coordination_hub: 🔄 [HUB] Phase transition: CatchingUp -> Healthy[0m
[32m[INFO][Oct  8 07:48:44]  [RUST] 2026-10-08T07:48:44.699407Z  INFO consensus_core::commit_syncer: 🛡️ [DAG-GC-GUARD] Transitioning to Healthy. Local committer will automatically remain blocked if it falls behind gc_round.[0m
[32m[INFO][Oct  8 07:48:44]  [RUST] 2026-10-08T07:48:44.699437Z  INFO consensus_core::commit_syncer: 🔗 [BASELINE] Fetching network schedule/digest data for boundary commit #63900 (current cycle: 213)[0m
[33m[WARN][Oct  8 07:48:44]  [RUST] 2026-10-08T07:48:44.699460Z  WARN consensus_core::commit_syncer: ⚠️ [BASELINE] Attempt 1/5: Failed to fetch baseline commit #64025 from network. Retrying in 1s...[0m
[32m[INFO][Oct  8 07:48:44]  [RUST] 2026-10-08T07:48:44.699517Z  INFO consensus_core::commit_syncer: 🏃 [LIVENESS] Kicking Core to resume proposals after transitioning to Healthy...[0m
[DIAG digest-gate] direct_ok=179 buffered=0 poll_recovered=0 dropped=0
[DIAG dispatch_commit] dispatched_txs=10 gei_guard_skips=0 gei_guard_skipped_txs=0 fast_skip_empty=321
[33m[WARN][Oct  8 07:48:45]  [RUST] 2026-10-08T07:48:45.700644Z  WARN consensus_core::commit_syncer: ⚠️ [BASELINE] Attempt 2/5: Failed to fetch baseline commit #64025 from network. Retrying in 1s...[0m
[33m[WARN][Oct  8 07:48:46]  [RUST] 2026-10-08T07:48:46.701833Z  WARN consensus_core::commit_syncer: ⚠️ [BASELINE] Attempt 3/5: Failed to fetch baseline commit #64025 from network. Retrying in 1s...[0m
[DIAG digest-gate] direct_ok=189 buffered=0 poll_recovered=0 dropped=0
[DIAG dispatch_commit] dispatched_txs=10 gei_guard_skips=0 gei_guard_skipped_txs=0 fast_skip_empty=331
[33m[WARN][Oct  8 07:48:47]  [RUST] 2026-10-08T07:48:47.703008Z  WARN consensus_core::commit_syncer: ⚠️ [BASELINE] Attempt 4/5: Failed to fetch baseline commit #64025 from network. Retrying in 1s...[0m
[33m[WARN][Oct  8 07:48:48]  [RUST] 2026-10-08T07:48:48.704449Z  WARN consensus_core::commit_syncer: ⚠️ [BASELINE] Attempt 5/5: Failed to fetch baseline commit #64025 from network. Retrying in 1s...[0m
[DIAG digest-gate] direct_ok=199 buffered=0 poll_recovered=0 dropped=0
[32m[INFO][Oct  8 07:48:49]  [RUST] 2026-10-08T07:48:49.135701Z  INFO metanode::consensus::commit_processor::processor: [DIAG leader-addr] preembedded=343 resolved_ok=0 waiting_iters=0 out_of_bounds=0 invalid_len=0[0m
[DIAG dispatch_commit] dispatched_txs=10 gei_guard_skips=0 gei_guard_skipped_txs=0 fast_skip_empty=341
[DIAG tx_recycler] pending=2 submitted=4 confirmed=4 recycled=0 expired=0 capacity_evicted=0
[33m[WARN][Oct  8 07:48:49]  [RUST] 2026-10-08T07:48:49.705241Z  WARN consensus_core::commit_syncer: 🚨 [BASELINE] Failed to fetch baseline commit #64025 after 5 attempts. ALL peers unreachable (network partition?). Skipping baseline — entering ScheduleVerifying for natural rebuild. Fork-safe: no proposals until schedule is verified.[0m
[32m[INFO][Oct  8 07:48:49]  [RUST] 2026-10-08T07:48:49.705480Z  INFO consensus_core::commit_syncer: 🛡️ [UNIFIED STATE] Phase: Healthy | Local DAG Commit: 64050 | Synced: 64025 | Network Quorum: 64050 | Lag(dag): 0 | Lag(synced,gates-on-this): 25 | Block Source: CONSENSUS (Healthy)[0m
[32m[INFO][Oct  8 07:48:49]  [RUST] 2026-10-08T07:48:49.705519Z  INFO consensus_core::coordination_hub: 🔄 [HUB] Phase transition: Healthy -> CatchingUp[0m
[32m[INFO][Oct  8 07:48:49]  [RUST] 2026-10-08T07:48:49.705548Z  INFO consensus_core::coordination_hub: 🔄 [HUB] Phase transition: CatchingUp -> Healthy[0m
[32m[INFO][Oct  8 07:48:49]  [RUST] 2026-10-08T07:48:49.705564Z  INFO consensus_core::commit_syncer: 🛡️ [DAG-GC-GUARD] Transitioning to Healthy. Local committer will automatically remain blocked if it falls behind gc_round.[0m
[32m[INFO][Oct  8 07:48:49]  [RUST] 2026-10-08T07:48:49.705613Z  INFO consensus_core::commit_syncer: 🔗 [BASELINE] Fetching network schedule/digest data for boundary commit #63900 (current cycle: 213)[0m
[33m[WARN][Oct  8 07:48:49]  [RUST] 2026-10-08T07:48:49.705634Z  WARN consensus_core::commit_syncer: ⚠️ [BASELINE] Attempt 1/5: Failed to fetch baseline commit #64050 from network. Retrying in 1s...[0m
[32m[INFO][Oct  8 07:48:49]  [RUST] 2026-10-08T07:48:49.705669Z  INFO consensus_core::commit_syncer: 🏃 [LIVENESS] Kicking Core to resume proposals after transitioning to Healthy...[0m
[33m[WARN][Oct  8 07:48:50]  [RUST] 2026-10-08T07:48:50.707134Z  WARN consensus_core::commit_syncer: ⚠️ [BASELINE] Attempt 2/5: Failed to fetch baseline commit #64050 from network. Retrying in 1s...[0m
[DIAG digest-gate] direct_ok=209 buffered=0 poll_recovered=0 dropped=0
[DIAG dispatch_commit] dispatched_txs=10 gei_guard_skips=0 gei_guard_skipped_txs=0 fast_skip_empty=351
[33m[WARN][Oct  8 07:48:51]  [RUST] 2026-10-08T07:48:51.707957Z  WARN consensus_core::commit_syncer: ⚠️ [BASELINE] Attempt 3/5: Failed to fetch baseline commit #64050 from network. Retrying in 1s...[0m
[33m[WARN][Oct  8 07:48:52]  [RUST] 2026-10-08T07:48:52.708919Z  WARN consensus_core::commit_syncer: ⚠️ [BASELINE] Attempt 4/5: Failed to fetch baseline commit #64050 from network. Retrying in 1s...[0m
[DIAG digest-gate] direct_ok=219 buffered=0 poll_recovered=0 dropped=0
[DIAG dispatch_commit] dispatched_txs=10 gei_guard_skips=0 gei_guard_skipped_txs=0 fast_skip_empty=361
[33m[WARN][Oct  8 07:48:53]  [RUST] 2026-10-08T07:48:53.710057Z  WARN consensus_core::commit_syncer: ⚠️ [BASELINE] Attempt 5/5: Failed to fetch baseline commit #64050 from network. Retrying in 1s...[0m
[32m[INFO][Oct  8 07:48:54]  [RUST] 2026-10-08T07:48:54.140902Z  INFO metanode::consensus::commit_processor::processor: [DIAG leader-addr] preembedded=368 resolved_ok=0 waiting_iters=0 out_of_bounds=0 invalid_len=0[0m
[DIAG tx_recycler] pending=2 submitted=4 confirmed=4 recycled=0 expired=0 capacity_evicted=0
[33m[WARN][Oct  8 07:48:54]  [RUST] 2026-10-08T07:48:54.711663Z  WARN consensus_core::commit_syncer: 🚨 [BASELINE] Failed to fetch baseline commit #64050 after 5 attempts. ALL peers unreachable (network partition?). Skipping baseline — entering ScheduleVerifying for natural rebuild. Fork-safe: no proposals until schedule is verified.[0m
[32m[INFO][Oct  8 07:48:54]  [RUST] 2026-10-08T07:48:54.711736Z  INFO consensus_core::commit_syncer: 🛡️ [UNIFIED STATE] Phase: Healthy | Local DAG Commit: 64075 | Synced: 64050 | Network Quorum: 64075 | Lag(dag): 0 | Lag(synced,gates-on-this): 25 | Block Source: CONSENSUS (Healthy)[0m
[32m[INFO][Oct  8 07:48:54]  [RUST] 2026-10-08T07:48:54.711756Z  INFO consensus_core::coordination_hub: 🔄 [HUB] Phase transition: Healthy -> CatchingUp[0m
[32m[INFO][Oct  8 07:48:54]  [RUST] 2026-10-08T07:48:54.711775Z  INFO consensus_core::coordination_hub: 🔄 [HUB] Phase transition: CatchingUp -> Healthy[0m
[32m[INFO][Oct  8 07:48:54]  [RUST] 2026-10-08T07:48:54.711784Z  INFO consensus_core::commit_syncer: 🛡️ [DAG-GC-GUARD] Transitioning to Healthy. Local committer will automatically remain blocked if it falls behind gc_round.[0m
[32m[INFO][Oct  8 07:48:54]  [RUST] 2026-10-08T07:48:54.711801Z  INFO consensus_core::commit_syncer: 🔗 [BASELINE] Fetching network schedule/digest data for boundary commit #63900 (current cycle: 213)[0m
[33m[WARN][Oct  8 07:48:54]  [RUST] 2026-10-08T07:48:54.711839Z  WARN consensus_core::commit_syncer: ⚠️ [BASELINE] Attempt 1/5: Failed to fetch baseline commit #64075 from network. Retrying in 1s...[0m
[32m[INFO][Oct  8 07:48:54]  [RUST] 2026-10-08T07:48:54.711854Z  INFO consensus_core::commit_syncer: 🏃 [LIVENESS] Kicking Core to resume proposals after transitioning to Healthy...[0m
[DIAG digest-gate] direct_ok=229 buffered=0 poll_recovered=0 dropped=0
[DIAG dispatch_commit] dispatched_txs=10 gei_guard_skips=0 gei_guard_skipped_txs=0 fast_skip_empty=371
[33m[WARN][Oct  8 07:48:55]  [RUST] 2026-10-08T07:48:55.713548Z  WARN consensus_core::commit_syncer: ⚠️ [BASELINE] Attempt 2/5: Failed to fetch baseline commit #64075 from network. Retrying in 1s...[0m
[33m[WARN][Oct  8 07:48:56]  [RUST] 2026-10-08T07:48:56.715551Z  WARN consensus_core::commit_syncer: ⚠️ [BASELINE] Attempt 3/5: Failed to fetch baseline commit #64075 from network. Retrying in 1s...[0m
[DIAG digest-gate] direct_ok=239 buffered=0 poll_recovered=0 dropped=0
[DIAG dispatch_commit] dispatched_txs=10 gei_guard_skips=0 gei_guard_skipped_txs=0 fast_skip_empty=381
[33m[WARN][Oct  8 07:48:57]  [RUST] 2026-10-08T07:48:57.717026Z  WARN consensus_core::commit_syncer: ⚠️ [BASELINE] Attempt 4/5: Failed to fetch baseline commit #64075 from network. Retrying in 1s...[0m
[33m[WARN][Oct  8 07:48:58]  [RUST] 2026-10-08T07:48:58.719041Z  WARN consensus_core::commit_syncer: ⚠️ [BASELINE] Attempt 5/5: Failed to fetch baseline commit #64075 from network. Retrying in 1s...[0m
[DIAG digest-gate] direct_ok=249 buffered=0 poll_recovered=0 dropped=0
[DIAG dispatch_commit] dispatched_txs=10 gei_guard_skips=0 gei_guard_skipped_txs=0 fast_skip_empty=391
[32m[INFO][Oct  8 07:48:59]  [RUST] 2026-10-08T07:48:59.147062Z  INFO metanode::consensus::commit_processor::processor: [DIAG leader-addr] preembedded=393 resolved_ok=0 waiting_iters=0 out_of_bounds=0 invalid_len=0[0m
[DIAG tx_recycler] pending=2 submitted=4 confirmed=4 recycled=0 expired=0 capacity_evicted=0
[33m[WARN][Oct  8 07:48:59]  [RUST] 2026-10-08T07:48:59.720353Z  WARN consensus_core::commit_syncer: 🚨 [BASELINE] Failed to fetch baseline commit #64075 after 5 attempts. ALL peers unreachable (network partition?). Skipping baseline — entering ScheduleVerifying for natural rebuild. Fork-safe: no proposals until schedule is verified.[0m
[32m[INFO][Oct  8 07:48:59]  [RUST] 2026-10-08T07:48:59.720559Z  INFO consensus_core::commit_syncer: 🛡️ [UNIFIED STATE] Phase: Healthy | Local DAG Commit: 64100 | Synced: 64075 | Network Quorum: 64100 | Lag(dag): 0 | Lag(synced,gates-on-this): 25 | Block Source: CONSENSUS (Healthy)[0m
[32m[INFO][Oct  8 07:48:59]  [RUST] 2026-10-08T07:48:59.720604Z  INFO consensus_core::coordination_hub: 🔄 [HUB] Phase transition: Healthy -> CatchingUp[0m
[32m[INFO][Oct  8 07:48:59]  [RUST] 2026-10-08T07:48:59.720632Z  INFO consensus_core::coordination_hub: 🔄 [HUB] Phase transition: CatchingUp -> Healthy[0m
[32m[INFO][Oct  8 07:48:59]  [RUST] 2026-10-08T07:48:59.720646Z  INFO consensus_core::commit_syncer: 🛡️ [DAG-GC-GUARD] Transitioning to Healthy. Local committer will automatically remain blocked if it falls behind gc_round.[0m
[32m[INFO][Oct  8 07:48:59]  [RUST] 2026-10-08T07:48:59.720673Z  INFO consensus_core::commit_syncer: 🔗 [BASELINE] Fetching network schedule/digest data for boundary commit #63900 (current cycle: 213)[0m
[33m[WARN][Oct  8 07:48:59]  [RUST] 2026-10-08T07:48:59.720698Z  WARN consensus_core::commit_syncer: ⚠️ [BASELINE] Attempt 1/5: Failed to fetch baseline commit #64100 from network. Retrying in 1s...[0m
[32m[INFO][Oct  8 07:48:59]  [RUST] 2026-10-08T07:48:59.720728Z  INFO consensus_core::commit_syncer: 🏃 [LIVENESS] Kicking Core to resume proposals after transitioning to Healthy...[0m
[33m[WARN][Oct  8 07:49:00]  [RUST] 2026-10-08T07:49:00.722444Z  WARN consensus_core::commit_syncer: ⚠️ [BASELINE] Attempt 2/5: Failed to fetch baseline commit #64100 from network. Retrying in 1s...[0m
[DIAG digest-gate] direct_ok=259 buffered=0 poll_recovered=0 dropped=0
[DIAG dispatch_commit] dispatched_txs=10 gei_guard_skips=0 gei_guard_skipped_txs=0 fast_skip_empty=401
[33m[WARN][Oct  8 07:49:01]  [RUST] 2026-10-08T07:49:01.723184Z  WARN consensus_core::commit_syncer: ⚠️ [BASELINE] Attempt 3/5: Failed to fetch baseline commit #64100 from network. Retrying in 1s...[0m
[33m[WARN][Oct  8 07:49:02]  [RUST] 2026-10-08T07:49:02.724035Z  WARN consensus_core::commit_syncer: ⚠️ [BASELINE] Attempt 4/5: Failed to fetch baseline commit #64100 from network. Retrying in 1s...[0m
[DIAG digest-gate] direct_ok=269 buffered=0 poll_recovered=0 dropped=0
[DIAG dispatch_commit] dispatched_txs=10 gei_guard_skips=0 gei_guard_skipped_txs=0 fast_skip_empty=411
[33m[WARN][Oct  8 07:49:03]  [RUST] 2026-10-08T07:49:03.725618Z  WARN consensus_core::commit_syncer: ⚠️ [BASELINE] Attempt 5/5: Failed to fetch baseline commit #64100 from network. Retrying in 1s...[0m
[32m[INFO][Oct  8 07:49:04]  [RUST] 2026-10-08T07:49:04.159630Z  INFO metanode::consensus::commit_processor::processor: [DIAG leader-addr] preembedded=418 resolved_ok=0 waiting_iters=0 out_of_bounds=0 invalid_len=0[0m
[DIAG tx_recycler] pending=2 submitted=4 confirmed=4 recycled=0 expired=0 capacity_evicted=0
[32m[INFO][Oct  8 07:49:04]  [RUST] 2026-10-08T07:49:04.255125Z  INFO metanode::consensus::tx_recycler: ♻️ [TX RECYCLER STATS] pending=2, submitted=4, confirmed=4, recycled=0, expired=0, capacity_evicted=0[0m
[33m[WARN][Oct  8 07:49:04]  [RUST] 2026-10-08T07:49:04.727162Z  WARN consensus_core::commit_syncer: 🚨 [BASELINE] Failed to fetch baseline commit #64100 after 5 attempts. ALL peers unreachable (network partition?). Skipping baseline — entering ScheduleVerifying for natural rebuild. Fork-safe: no proposals until schedule is verified.[0m
[32m[INFO][Oct  8 07:49:04]  [RUST] 2026-10-08T07:49:04.727292Z  INFO consensus_core::commit_syncer: 🛡️ [UNIFIED STATE] Phase: Healthy | Local DAG Commit: 64125 | Synced: 64100 | Network Quorum: 64125 | Lag(dag): 0 | Lag(synced,gates-on-this): 25 | Block Source: CONSENSUS (Healthy)[0m
[32m[INFO][Oct  8 07:49:04]  [RUST] 2026-10-08T07:49:04.727312Z  INFO consensus_core::coordination_hub: 🔄 [HUB] Phase transition: Healthy -> CatchingUp[0m
[32m[INFO][Oct  8 07:49:04]  [RUST] 2026-10-08T07:49:04.727333Z  INFO consensus_core::coordination_hub: 🔄 [HUB] Phase transition: CatchingUp -> Healthy[0m
[32m[INFO][Oct  8 07:49:04]  [RUST] 2026-10-08T07:49:04.727337Z  INFO consensus_core::commit_syncer: 🛡️ [DAG-GC-GUARD] Transitioning to Healthy. Local committer will automatically remain blocked if it falls behind gc_round.[0m
[32m[INFO][Oct  8 07:49:04]  [RUST] 2026-10-08T07:49:04.727360Z  INFO consensus_core::commit_syncer: 🔗 [BASELINE] Fetching network schedule/digest data for boundary commit #63900 (current cycle: 213)[0m
[33m[WARN][Oct  8 07:49:04]  [RUST] 2026-10-08T07:49:04.727371Z  WARN consensus_core::commit_syncer: ⚠️ [BASELINE] Attempt 1/5: Failed to fetch baseline commit #64125 from network. Retrying in 1s...[0m
[32m[INFO][Oct  8 07:49:04]  [RUST] 2026-10-08T07:49:04.727383Z  INFO consensus_core::commit_syncer: 🏃 [LIVENESS] Kicking Core to resume proposals after transitioning to Healthy...[0m
[DIAG digest-gate] direct_ok=279 buffered=0 poll_recovered=0 dropped=0
[DIAG dispatch_commit] dispatched_txs=10 gei_guard_skips=0 gei_guard_skipped_txs=0 fast_skip_empty=421
[33m[WARN][Oct  8 07:49:05]  [RUST] 2026-10-08T07:49:05.727799Z  WARN consensus_core::commit_syncer: ⚠️ [BASELINE] Attempt 2/5: Failed to fetch baseline commit #64125 from network. Retrying in 1s...[0m
[33m[WARN][Oct  8 07:49:06]  [RUST] 2026-10-08T07:49:06.729268Z  WARN consensus_core::commit_syncer: ⚠️ [BASELINE] Attempt 3/5: Failed to fetch baseline commit #64125 from network. Retrying in 1s...[0m
[DIAG digest-gate] direct_ok=289 buffered=0 poll_recovered=0 dropped=0
[DIAG dispatch_commit] dispatched_txs=10 gei_guard_skips=0 gei_guard_skipped_txs=0 fast_skip_empty=431
[33m[WARN][Oct  8 07:49:07]  [RUST] 2026-10-08T07:49:07.730244Z  WARN consensus_core::commit_syncer: ⚠️ [BASELINE] Attempt 4/5: Failed to fetch baseline commit #64125 from network. Retrying in 1s...[0m
[33m[WARN][Oct  8 07:49:08]  [RUST] 2026-10-08T07:49:08.731336Z  WARN consensus_core::commit_syncer: ⚠️ [BASELINE] Attempt 5/5: Failed to fetch baseline commit #64125 from network. Retrying in 1s...[0m
[DIAG digest-gate] direct_ok=299 buffered=0 poll_recovered=0 dropped=0
[32m[INFO][Oct  8 07:49:09]  [RUST] 2026-10-08T07:49:09.165470Z  INFO metanode::consensus::commit_processor::processor: [DIAG leader-addr] preembedded=443 resolved_ok=0 waiting_iters=0 out_of_bounds=0 invalid_len=0[0m
[DIAG dispatch_commit] dispatched_txs=10 gei_guard_skips=0 gei_guard_skipped_txs=0 fast_skip_empty=441
[DIAG tx_recycler] pending=2 submitted=4 confirmed=4 recycled=0 expired=0 capacity_evicted=0
[33m[WARN][Oct  8 07:49:09]  [RUST] 2026-10-08T07:49:09.732352Z  WARN consensus_core::commit_syncer: 🚨 [BASELINE] Failed to fetch baseline commit #64125 after 5 attempts. ALL peers unreachable (network partition?). Skipping baseline — entering ScheduleVerifying for natural rebuild. Fork-safe: no proposals until schedule is verified.[0m
[32m[INFO][Oct  8 07:49:09]  [RUST] 2026-10-08T07:49:09.732466Z  INFO consensus_core::commit_syncer: 🛡️ [UNIFIED STATE] Phase: Healthy | Local DAG Commit: 64150 | Synced: 64125 | Network Quorum: 64150 | Lag(dag): 0 | Lag(synced,gates-on-this): 25 | Block Source: CONSENSUS (Healthy)[0m
[32m[INFO][Oct  8 07:49:09]  [RUST] 2026-10-08T07:49:09.732493Z  INFO consensus_core::coordination_hub: 🔄 [HUB] Phase transition: Healthy -> CatchingUp[0m
[32m[INFO][Oct  8 07:49:09]  [RUST] 2026-10-08T07:49:09.732513Z  INFO consensus_core::coordination_hub: 🔄 [HUB] Phase transition: CatchingUp -> Healthy[0m
[32m[INFO][Oct  8 07:49:09]  [RUST] 2026-10-08T07:49:09.732519Z  INFO consensus_core::commit_syncer: 🛡️ [DAG-GC-GUARD] Transitioning to Healthy. Local committer will automatically remain blocked if it falls behind gc_round.[0m
[32m[INFO][Oct  8 07:49:09]  [RUST] 2026-10-08T07:49:09.732545Z  INFO consensus_core::commit_syncer: 🔗 [BASELINE] Fetching network schedule/digest data for boundary commit #63900 (current cycle: 213)[0m
[33m[WARN][Oct  8 07:49:09]  [RUST] 2026-10-08T07:49:09.732556Z  WARN consensus_core::commit_syncer: ⚠️ [BASELINE] Attempt 1/5: Failed to fetch baseline commit #64150 from network. Retrying in 1s...[0m
[32m[INFO][Oct  8 07:49:09]  [RUST] 2026-10-08T07:49:09.732571Z  INFO consensus_core::commit_syncer: 🏃 [LIVENESS] Kicking Core to resume proposals after transitioning to Healthy...[0m
[33m[WARN][Oct  8 07:49:10]  [RUST] 2026-10-08T07:49:10.733511Z  WARN consensus_core::commit_syncer: ⚠️ [BASELINE] Attempt 2/5: Failed to fetch baseline commit #64150 from network. Retrying in 1s...[0m
[DIAG digest-gate] direct_ok=309 buffered=0 poll_recovered=0 dropped=0
[DIAG dispatch_commit] dispatched_txs=10 gei_guard_skips=0 gei_guard_skipped_txs=0 fast_skip_empty=451
[33m[WARN][Oct  8 07:49:11]  [RUST] 2026-10-08T07:49:11.733959Z  WARN consensus_core::commit_syncer: ⚠️ [BASELINE] Attempt 3/5: Failed to fetch baseline commit #64150 from network. Retrying in 1s...[0m
[33m[WARN][Oct  8 07:49:12]  [RUST] 2026-10-08T07:49:12.735520Z  WARN consensus_core::commit_syncer: ⚠️ [BASELINE] Attempt 4/5: Failed to fetch baseline commit #64150 from network. Retrying in 1s...[0m
[DIAG digest-gate] direct_ok=319 buffered=0 poll_recovered=0 dropped=0
[DIAG dispatch_commit] dispatched_txs=10 gei_guard_skips=0 gei_guard_skipped_txs=0 fast_skip_empty=461
[33m[WARN][Oct  8 07:49:13]  [RUST] 2026-10-08T07:49:13.735961Z  WARN consensus_core::commit_syncer: ⚠️ [BASELINE] Attempt 5/5: Failed to fetch baseline commit #64150 from network. Retrying in 1s...[0m
[32m[INFO][Oct  8 07:49:14]  [RUST] 2026-10-08T07:49:14.184646Z  INFO metanode::consensus::commit_processor::processor: [DIAG leader-addr] preembedded=468 resolved_ok=0 waiting_iters=0 out_of_bounds=0 invalid_len=0[0m
[DIAG tx_recycler] pending=2 submitted=4 confirmed=4 recycled=0 expired=0 capacity_evicted=0
[33m[WARN][Oct  8 07:49:14]  [RUST] 2026-10-08T07:49:14.737152Z  WARN consensus_core::commit_syncer: 🚨 [BASELINE] Failed to fetch baseline commit #64150 after 5 attempts. ALL peers unreachable (network partition?). Skipping baseline — entering ScheduleVerifying for natural rebuild. Fork-safe: no proposals until schedule is verified.[0m
[32m[INFO][Oct  8 07:49:14]  [RUST] 2026-10-08T07:49:14.737299Z  INFO consensus_core::commit_syncer: 🛡️ [UNIFIED STATE] Phase: Healthy | Local DAG Commit: 64175 | Synced: 64150 | Network Quorum: 64175 | Lag(dag): 0 | Lag(synced,gates-on-this): 25 | Block Source: CONSENSUS (Healthy)[0m
[32m[INFO][Oct  8 07:49:14]  [RUST] 2026-10-08T07:49:14.737336Z  INFO consensus_core::coordination_hub: 🔄 [HUB] Phase transition: Healthy -> CatchingUp[0m
[32m[INFO][Oct  8 07:49:14]  [RUST] 2026-10-08T07:49:14.737370Z  INFO consensus_core::coordination_hub: 🔄 [HUB] Phase transition: CatchingUp -> Healthy[0m
[32m[INFO][Oct  8 07:49:14]  [RUST] 2026-10-08T07:49:14.737381Z  INFO consensus_core::commit_syncer: 🛡️ [DAG-GC-GUARD] Transitioning to Healthy. Local committer will automatically remain blocked if it falls behind gc_round.[0m
[32m[INFO][Oct  8 07:49:14]  [RUST] 2026-10-08T07:49:14.737397Z  INFO consensus_core::commit_syncer: 🔗 [BASELINE] Fetching network schedule/digest data for boundary commit #63900 (current cycle: 213)[0m
[33m[WARN][Oct  8 07:49:14]  [RUST] 2026-10-08T07:49:14.737418Z  WARN consensus_core::commit_syncer: ⚠️ [BASELINE] Attempt 1/5: Failed to fetch baseline commit #64175 from network. Retrying in 1s...[0m
[32m[INFO][Oct  8 07:49:14]  [RUST] 2026-10-08T07:49:14.737439Z  INFO consensus_core::commit_syncer: 🏃 [LIVENESS] Kicking Core to resume proposals after transitioning to Healthy...[0m
[DIAG digest-gate] direct_ok=329 buffered=0 poll_recovered=0 dropped=0
[DIAG dispatch_commit] dispatched_txs=10 gei_guard_skips=0 gei_guard_skipped_txs=0 fast_skip_empty=471
[33m[WARN][Oct  8 07:49:15]  [RUST] 2026-10-08T07:49:15.738387Z  WARN consensus_core::commit_syncer: ⚠️ [BASELINE] Attempt 2/5: Failed to fetch baseline commit #64175 from network. Retrying in 1s...[0m
[33m[WARN][Oct  8 07:49:16]  [RUST] 2026-10-08T07:49:16.739147Z  WARN consensus_core::commit_syncer: ⚠️ [BASELINE] Attempt 3/5: Failed to fetch baseline commit #64175 from network. Retrying in 1s...[0m
[DIAG digest-gate] direct_ok=339 buffered=0 poll_recovered=0 dropped=0
[DIAG dispatch_commit] dispatched_txs=10 gei_guard_skips=0 gei_guard_skipped_txs=0 fast_skip_empty=481
[33m[WARN][Oct  8 07:49:17]  [RUST] 2026-10-08T07:49:17.740292Z  WARN consensus_core::commit_syncer: ⚠️ [BASELINE] Attempt 4/5: Failed to fetch baseline commit #64175 from network. Retrying in 1s...[0m
[33m[WARN][Oct  8 07:49:18]  [RUST] 2026-10-08T07:49:18.740952Z  WARN consensus_core::commit_syncer: ⚠️ [BASELINE] Attempt 5/5: Failed to fetch baseline commit #64175 from network. Retrying in 1s...[0m
[DIAG digest-gate] direct_ok=349 buffered=0 poll_recovered=0 dropped=0
[DIAG dispatch_commit] dispatched_txs=10 gei_guard_skips=0 gei_guard_skipped_txs=0 fast_skip_empty=[32m[INFO][Oct  8 07:49:19]  [RUST] 2026-10-08T07:49:19.183604Z  INFO metanode::consensus::commit_processor::processor: [DIAG leader-addr] preembedded=493 resolved_ok=0 waiting_iters=0 out_of_bounds=0 invalid_len=0[0m
491
[DIAG tx_recycler] pending=2 submitted=4 confirmed=4 recycled=0 expired=0 capacity_evicted=0
[33m[WARN][Oct  8 07:49:19]  [RUST] 2026-10-08T07:49:19.586198Z  WARN consensus_core::core::commit_manager: 🚫 [SCHEDULE-RECOVERY] DAG lacks 300 commits at schedule update boundary (commit_index=64200). Skipping LeaderSchedule update to prevent reputation score divergence. Local committer will remain permanently blocked for this epoch.[0m
[33m[WARN][Oct  8 07:49:19]  [RUST] 2026-10-08T07:49:19.742663Z  WARN consensus_core::commit_syncer: 🚨 [BASELINE] Failed to fetch baseline commit #64175 after 5 attempts. ALL peers unreachable (network partition?). Skipping baseline — entering ScheduleVerifying for natural rebuild. Fork-safe: no proposals until schedule is verified.[0m
[32m[INFO][Oct  8 07:49:19]  [RUST] 2026-10-08T07:49:19.742807Z  INFO consensus_core::commit_syncer: 🛡️ [UNIFIED STATE] Phase: Healthy | Local DAG Commit: 64200 | Synced: 64175 | Network Quorum: 64200 | Lag(dag): 0 | Lag(synced,gates-on-this): 25 | Block Source: CONSENSUS (Healthy)[0m
[32m[INFO][Oct  8 07:49:19]  [RUST] 2026-10-08T07:49:19.742836Z  INFO consensus_core::coordination_hub: 🔄 [HUB] Phase transition: Healthy -> CatchingUp[0m
[32m[INFO][Oct  8 07:49:19]  [RUST] 2026-10-08T07:49:19.742877Z  INFO consensus_core::coordination_hub: 🔄 [HUB] Phase transition: CatchingUp -> Healthy[0m
[32m[INFO][Oct  8 07:49:19]  [RUST] 2026-10-08T07:49:19.742889Z  INFO consensus_core::commit_syncer: 🛡️ [DAG-GC-GUARD] Transitioning to Healthy. Local committer will automatically remain blocked if it falls behind gc_round.[0m
[32m[INFO][Oct  8 07:49:19]  [RUST] 2026-10-08T07:49:19.742909Z  INFO consensus_core::commit_syncer: 🔗 [BASELINE] Fetching network schedule/digest data for boundary commit #64200 (current cycle: 214)[0m
[33m[WARN][Oct  8 07:49:19]  [RUST] 2026-10-08T07:49:19.742923Z  WARN consensus_core::commit_syncer: ⚠️ [BASELINE] Attempt 1/5: Failed to fetch baseline commit #64200 from network. Retrying in 1s...[0m
[32m[INFO][Oct  8 07:49:19]  [RUST] 2026-10-08T07:49:19.742941Z  INFO consensus_core::commit_syncer: 🏃 [LIVENESS] Kicking Core to resume proposals after transitioning to Healthy...[0m
[33m[WARN][Oct  8 07:49:20]  [RUST] 2026-10-08T07:49:20.744397Z  WARN consensus_core::commit_syncer: ⚠️ [BASELINE] Attempt 2/5: Failed to fetch baseline commit #64200 from network. Retrying in 1s...[0m
[DIAG digest-gate] direct_ok=359 buffered=0 poll_recovered=0 dropped=0
[DIAG dispatch_commit] dispatched_txs=10 gei_guard_skips=0 gei_guard_skipped_txs=0 fast_skip_empty=501
[33m[WARN][Oct  8 07:49:21]  [RUST] 2026-10-08T07:49:21.744834Z  WARN consensus_core::commit_syncer: ⚠️ [BASELINE] Attempt 3/5: Failed to fetch baseline commit #64200 from network. Retrying in 1s...[0m
[33m[WARN][Oct  8 07:49:22]  [RUST] 2026-10-08T07:49:22.746611Z  WARN consensus_core::commit_syncer: ⚠️ [BASELINE] Attempt 4/5: Failed to fetch baseline commit #64200 from network. Retrying in 1s...[0m
[DIAG digest-gate] direct_ok=369 buffered=0 poll_recovered=0 dropped=0
[DIAG dispatch_commit] dispatched_txs=10 gei_guard_skips=0 gei_guard_skipped_txs=0 fast_skip_empty=511
[33m[WARN][Oct  8 07:49:23]  [RUST] 2026-10-08T07:49:23.748371Z  WARN consensus_core::commit_syncer: ⚠️ [BASELINE] Attempt 5/5: Failed to fetch baseline commit #64200 from network. Retrying in 1s...[0m
[32m[INFO][Oct  8 07:49:24]  [RUST] 2026-10-08T07:49:24.181480Z  INFO metanode::consensus::commit_processor::processor: [DIAG leader-addr] preembedded=518 resolved_ok=0 waiting_iters=0 out_of_bounds=0 invalid_len=0[0m
[DIAG tx_recycler] pending=2 submitted=4 confirmed=4 recycled=0 expired=0 capacity_evicted=0
[33m[WARN][Oct  8 07:49:24]  [RUST] 2026-10-08T07:49:24.749583Z  WARN consensus_core::commit_syncer: 🚨 [BASELINE] Failed to fetch baseline commit #64200 after 5 attempts. ALL peers unreachable (network partition?). Skipping baseline — entering ScheduleVerifying for natural rebuild. Fork-safe: no proposals until schedule is verified.[0m
[32m[INFO][Oct  8 07:49:24]  [RUST] 2026-10-08T07:49:24.749727Z  INFO consensus_core::commit_syncer: 🛡️ [UNIFIED STATE] Phase: Healthy | Local DAG Commit: 64225 | Synced: 64200 | Network Quorum: 64225 | Lag(dag): 0 | Lag(synced,gates-on-this): 25 | Block Source: CONSENSUS (Healthy)[0m
[32m[INFO][Oct  8 07:49:24]  [RUST] 2026-10-08T07:49:24.749762Z  INFO consensus_core::coordination_hub: 🔄 [HUB] Phase transition: Healthy -> CatchingUp[0m
[32m[INFO][Oct  8 07:49:24]  [RUST] 2026-10-08T07:49:24.749858Z  INFO consensus_core::coordination_hub: 🔄 [HUB] Phase transition: CatchingUp -> Healthy[0m
[32m[INFO][Oct  8 07:49:24]  [RUST] 2026-10-08T07:49:24.749871Z  INFO consensus_core::commit_syncer: 🛡️ [DAG-GC-GUARD] Transitioning to Healthy. Local committer will automatically remain blocked if it falls behind gc_round.[0m
[32m[INFO][Oct  8 07:49:24]  [RUST] 2026-10-08T07:49:24.749898Z  INFO consensus_core::commit_syncer: 🔗 [BASELINE] Fetching network schedule/digest data for boundary commit #64200 (current cycle: 214)[0m
[33m[WARN][Oct  8 07:49:24]  [RUST] 2026-10-08T07:49:24.749945Z  WARN consensus_core::commit_syncer: ⚠️ [BASELINE] Attempt 1/5: Failed to fetch baseline commit #64225 from network. Retrying in 1s...[0m
[32m[INFO][Oct  8 07:49:24]  [RUST] 2026-10-08T07:49:24.749971Z  INFO consensus_core::commit_syncer: 🏃 [LIVENESS] Kicking Core to resume proposals after transitioning to Healthy...[0m
[DIAG digest-gate] direct_ok=379 buffered=0 poll_recovered=0 dropped=0
[DIAG dispatch_commit] dispatched_txs=10 gei_guard_skips=0 gei_guard_skipped_txs=0 fast_skip_empty=521
[33m[WARN][Oct  8 07:49:25]  [RUST] 2026-10-08T07:49:25.750887Z  WARN consensus_core::commit_syncer: ⚠️ [BASELINE] Attempt 2/5: Failed to fetch baseline commit #64225 from network. Retrying in 1s...[0m
[33m[WARN][Oct  8 07:49:26]  [RUST] 2026-10-08T07:49:26.752628Z  WARN consensus_core::commit_syncer: ⚠️ [BASELINE] Attempt 3/5: Failed to fetch baseline commit #64225 from network. Retrying in 1s...[0m
[DIAG digest-gate] direct_ok=388 buffered=0 poll_recovered=0 dropped=0
[DIAG dispatch_commit] dispatched_txs=10 gei_guard_skips=0 gei_guard_skipped_txs=0 fast_skip_empty=530
[33m[WARN][Oct  8 07:49:27]  [RUST] 2026-10-08T07:49:27.754773Z  WARN consensus_core::commit_syncer: ⚠️ [BASELINE] Attempt 4/5: Failed to fetch baseline commit #64225 from network. Retrying in 1s...[0m
[33m[WARN][Oct  8 07:49:28]  [RUST] 2026-10-08T07:49:28.756477Z  WARN consensus_core::commit_syncer: ⚠️ [BASELINE] Attempt 5/5: Failed to fetch baseline commit #64225 from network. Retrying in 1s...[0m
[DIAG digest-gate] direct_ok=399 buffered=0 poll_recovered=0 dropped=0
[32m[INFO][Oct  8 07:49:29]  [RUST] 2026-10-08T07:49:29.188301Z  INFO metanode::consensus::commit_processor::processor: [DIAG leader-addr] preembedded=543 resolved_ok=0 waiting_iters=0 out_of_bounds=0 invalid_len=0[0m
[DIAG dispatch_commit] dispatched_txs=10 gei_guard_skips=0 gei_guard_skipped_txs=0 fast_skip_empty=541
[DIAG tx_recycler] pending=2 submitted=4 confirmed=4 recycled=0 expired=0 capacity_evicted=0
[33m[WARN][Oct  8 07:49:29]  [RUST] 2026-10-08T07:49:29.757701Z  WARN consensus_core::commit_syncer: 🚨 [BASELINE] Failed to fetch baseline commit #64225 after 5 attempts. ALL peers unreachable (network partition?). Skipping baseline — entering ScheduleVerifying for natural rebuild. Fork-safe: no proposals until schedule is verified.[0m
[32m[INFO][Oct  8 07:49:29]  [RUST] 2026-10-08T07:49:29.757808Z  INFO consensus_core::commit_syncer: 🛡️ [UNIFIED STATE] Phase: Healthy | Local DAG Commit: 64250 | Synced: 64225 | Network Quorum: 64250 | Lag(dag): 0 | Lag(synced,gates-on-this): 25 | Block Source: CONSENSUS (Healthy)[0m
[32m[INFO][Oct  8 07:49:29]  [RUST] 2026-10-08T07:49:29.757884Z  INFO consensus_core::coordination_hub: 🔄 [HUB] Phase transition: Healthy -> CatchingUp[0m
[32m[INFO][Oct  8 07:49:29]  [RUST] 2026-10-08T07:49:29.757952Z  INFO consensus_core::coordination_hub: 🔄 [HUB] Phase transition: CatchingUp -> Healthy[0m
[32m[INFO][Oct  8 07:49:29]  [RUST] 2026-10-08T07:49:29.757963Z  INFO consensus_core::commit_syncer: 🛡️ [DAG-GC-GUARD] Transitioning to Healthy. Local committer will automatically remain blocked if it falls behind gc_round.[0m
[32m[INFO][Oct  8 07:49:29]  [RUST] 2026-10-08T07:49:29.758019Z  INFO consensus_core::commit_syncer: 🔗 [BASELINE] Fetching network schedule/digest data for boundary commit #64200 (current cycle: 214)[0m
[33m[WARN][Oct  8 07:49:29]  [RUST] 2026-10-08T07:49:29.758037Z  WARN consensus_core::commit_syncer: ⚠️ [BASELINE] Attempt 1/5: Failed to fetch baseline commit #64250 from network. Retrying in 1s...[0m
[32m[INFO][Oct  8 07:49:29]  [RUST] 2026-10-08T07:49:29.758059Z  INFO consensus_core::commit_syncer: 🏃 [LIVENESS] Kicking Core to resume proposals after transitioning to Healthy...[0m
[33m[WARN][Oct  8 07:49:30]  [RUST] 2026-10-08T07:49:30.759370Z  WARN consensus_core::commit_syncer: ⚠️ [BASELINE] Attempt 2/5: Failed to fetch baseline commit #64250 from network. Retrying in 1s...[0m
[DIAG digest-gate] direct_ok=409 buffered=0 poll_recovered=0 dropped=0
[DIAG dispatch_commit] dispatched_txs=10 gei_guard_skips=0 gei_guard_skipped_txs=0 fast_skip_empty=551
[33m[WARN][Oct  8 07:49:31]  [RUST] 2026-10-08T07:49:31.760216Z  WARN consensus_core::commit_syncer: ⚠️ [BASELINE] Attempt 3/5: Failed to fetch baseline commit #64250 from network. Retrying in 1s...[0m
[33m[WARN][Oct  8 07:49:32]  [RUST] 2026-10-08T07:49:32.760812Z  WARN consensus_core::commit_syncer: ⚠️ [BASELINE] Attempt 4/5: Failed to fetch baseline commit #64250 from network. Retrying in 1s...[0m
[DIAG digest-gate] direct_ok=419 buffered=0 poll_recovered=0 dropped=0
[DIAG dispatch_commit] dispatched_txs=10 gei_guard_skips=0 gei_guard_skipped_txs=0 fast_skip_empty=561
[33m[WARN][Oct  8 07:49:33]  [RUST] 2026-10-08T07:49:33.762527Z  WARN consensus_core::commit_syncer: ⚠️ [BASELINE] Attempt 5/5: Failed to fetch baseline commit #64250 from network. Retrying in 1s...[0m
[32m[INFO][Oct  8 07:49:34]  [RUST] 2026-10-08T07:49:34.194374Z  INFO metanode::consensus::commit_processor::processor: [DIAG leader-addr] preembedded=568 resolved_ok=0 waiting_iters=0 out_of_bounds=0 invalid_len=0[0m
[DIAG tx_recycler] pending=2 submitted=4 confirmed=4 recycled=0 expired=0 capacity_evicted=0
[33m[WARN][Oct  8 07:49:34]  [RUST] 2026-10-08T07:49:34.763604Z  WARN consensus_core::commit_syncer: 🚨 [BASELINE] Failed to fetch baseline commit #64250 after 5 attempts. ALL peers unreachable (network partition?). Skipping baseline — entering ScheduleVerifying for natural rebuild. Fork-safe: no proposals until schedule is verified.[0m
[32m[INFO][Oct  8 07:49:34]  [RUST] 2026-10-08T07:49:34.763670Z  INFO consensus_core::commit_syncer: 🛡️ [UNIFIED STATE] Phase: Healthy | Local DAG Commit: 64275 | Synced: 64250 | Network Quorum: 64275 | Lag(dag): 0 | Lag(synced,gates-on-this): 25 | Block Source: CONSENSUS (Healthy)[0m
[32m[INFO][Oct  8 07:49:34]  [RUST] 2026-10-08T07:49:34.763702Z  INFO consensus_core::coordination_hub: 🔄 [HUB] Phase transition: Healthy -> CatchingUp[0m
[32m[INFO][Oct  8 07:49:34]  [RUST] 2026-10-08T07:49:34.763719Z  INFO consensus_core::coordination_hub: 🔄 [HUB] Phase transition: CatchingUp -> Healthy[0m
[32m[INFO][Oct  8 07:49:34]  [RUST] 2026-10-08T07:49:34.763726Z  INFO consensus_core::commit_syncer: 🛡️ [DAG-GC-GUARD] Transitioning to Healthy. Local committer will automatically remain blocked if it falls behind gc_round.[0m
[32m[INFO][Oct  8 07:49:34]  [RUST] 2026-10-08T07:49:34.763747Z  INFO consensus_core::commit_syncer: 🔗 [BASELINE] Fetching network schedule/digest data for boundary commit #64200 (current cycle: 214)[0m
[33m[WARN][Oct  8 07:49:34]  [RUST] 2026-10-08T07:49:34.763759Z  WARN consensus_core::commit_syncer: ⚠️ [BASELINE] Attempt 1/5: Failed to fetch baseline commit #64275 from network. Retrying in 1s...[0m
[32m[INFO][Oct  8 07:49:34]  [RUST] 2026-10-08T07:49:34.763778Z  INFO consensus_core::commit_syncer: 🏃 [LIVENESS] Kicking Core to resume proposals after transitioning to Healthy...[0m
[DIAG digest-gate] direct_ok=429 buffered=0 poll_recovered=0 dropped=0
[DIAG dispatch_commit] dispatched_txs=10 gei_guard_skips=0 gei_guard_skipped_txs=0 fast_skip_empty=571
[33m[WARN][Oct  8 07:49:35]  [RUST] 2026-10-08T07:49:35.765461Z  WARN consensus_core::commit_syncer: ⚠️ [BASELINE] Attempt 2/5: Failed to fetch baseline commit #64275 from network. Retrying in 1s...[0m
[33m[WARN][Oct  8 07:49:36]  [RUST] 2026-10-08T07:49:36.766387Z  WARN consensus_core::commit_syncer: ⚠️ [BASELINE] Attempt 3/5: Failed to fetch baseline commit #64275 from network. Retrying in 1s...[0m
[DIAG digest-gate] direct_ok=439 buffered=0 poll_recovered=0 dropped=0
[DIAG dispatch_commit] dispatched_txs=10 gei_guard_skips=0 gei_guard_skipped_txs=0 fast_skip_empty=581
[33m[WARN][Oct  8 07:49:37]  [RUST] 2026-10-08T07:49:37.767458Z  WARN consensus_core::commit_syncer: ⚠️ [BASELINE] Attempt 4/5: Failed to fetch baseline commit #64275 from network. Retrying in 1s...[0m
[33m[WARN][Oct  8 07:49:38]  [RUST] 2026-10-08T07:49:38.768079Z  WARN consensus_core::commit_syncer: ⚠️ [BASELINE] Attempt 5/5: Failed to fetch baseline commit #64275 from network. Retrying in 1s...[0m
[DIAG digest-gate] direct_ok=448 buffered=0 poll_recovered=0 dropped=0
[DIAG dispatch_commit] dispatched_txs=10 gei_guard_skips=0 gei_guard_skipped_txs=0 fast_skip_empty=590
[32m[INFO][Oct  8 07:49:39]  [RUST] 2026-10-08T07:49:39.011027Z  INFO metanode::consensus::commit_processor::processor: [DIAG leader-addr] preembedded=592 resolved_ok=0 waiting_iters=0 out_of_bounds=0 invalid_len=0[0m
[DIAG tx_recycler] pending=2 submitted=4 confirmed=4 recycled=0 expired=0 capacity_evicted=0
[33m[WARN][Oct  8 07:49:39]  [RUST] 2026-10-08T07:49:39.769077Z  WARN consensus_core::commit_syncer: 🚨 [BASELINE] Failed to fetch baseline commit #64275 after 5 attempts. ALL peers unreachable (network partition?). Skipping baseline — entering ScheduleVerifying for natural rebuild. Fork-safe: no proposals until schedule is verified.[0m
[32m[INFO][Oct  8 07:49:39]  [RUST] 2026-10-08T07:49:39.769139Z  INFO consensus_core::commit_syncer: 🛡️ [UNIFIED STATE] Phase: Healthy | Local DAG Commit: 64300 | Synced: 64275 | Network Quorum: 64300 | Lag(dag): 0 | Lag(synced,gates-on-this): 25 | Block Source: CONSENSUS (Healthy)[0m
[32m[INFO][Oct  8 07:49:39]  [RUST] 2026-10-08T07:49:39.769154Z  INFO consensus_core::coordination_hub: 🔄 [HUB] Phase transition: Healthy -> CatchingUp[0m
[32m[INFO][Oct  8 07:49:39]  [RUST] 2026-10-08T07:49:39.769168Z  INFO consensus_core::coordination_hub: 🔄 [HUB] Phase transition: CatchingUp -> Healthy[0m
[32m[INFO][Oct  8 07:49:39]  [RUST] 2026-10-08T07:49:39.769172Z  INFO consensus_core::commit_syncer: 🛡️ [DAG-GC-GUARD] Transitioning to Healthy. Local committer will automatically remain blocked if it falls behind gc_round.[0m
[32m[INFO][Oct  8 07:49:39]  [RUST] 2026-10-08T07:49:39.769187Z  INFO consensus_core::commit_syncer: 🔗 [BASELINE] Fetching network schedule/digest data for boundary commit #64200 (current cycle: 214)[0m
[33m[WARN][Oct  8 07:49:39]  [RUST] 2026-10-08T07:49:39.769244Z  WARN consensus_core::commit_syncer: ⚠️ [BASELINE] Attempt 1/5: Failed to fetch baseline commit #64300 from network. Retrying in 1s...[0m
[32m[INFO][Oct  8 07:49:39]  [RUST] 2026-10-08T07:49:39.769256Z  INFO consensus_core::commit_syncer: 🏃 [LIVENESS] Kicking Core to resume proposals after transitioning to Healthy...[0m
[33m[WARN][Oct  8 07:49:40]  [RUST] 2026-10-08T07:49:40.770004Z  WARN consensus_core::commit_syncer: ⚠️ [BASELINE] Attempt 2/5: Failed to fetch baseline commit #64300 from network. Retrying in 1s...[0m
[DIAG digest-gate] direct_ok=459 buffered=0 poll_recovered=0 dropped=0
[DIAG dispatch_commit] dispatched_txs=10 gei_guard_skips=0 gei_guard_skipped_txs=0 fast_skip_empty=601
[33m[WARN][Oct  8 07:49:41]  [RUST] 2026-10-08T07:49:41.771159Z  WARN consensus_core::commit_syncer: ⚠️ [BASELINE] Attempt 3/5: Failed to fetch baseline commit #64300 from network. Retrying in 1s...[0m
[33m[WARN][Oct  8 07:49:42]  [RUST] 2026-10-08T07:49:42.772118Z  WARN consensus_core::commit_syncer: ⚠️ [BASELINE] Attempt 4/5: Failed to fetch baseline commit #64300 from network. Retrying in 1s...[0m
[DIAG digest-gate] direct_ok=469 buffered=0 poll_recovered=0 dropped=0
[DIAG dispatch_commit] dispatched_txs=10 gei_guard_skips=0 gei_guard_skipped_txs=0 fast_skip_empty=611
[33m[WARN][Oct  8 07:49:43]  [RUST] 2026-10-08T07:49:43.772963Z  WARN consensus_core::commit_syncer: ⚠️ [BASELINE] Attempt 5/5: Failed to fetch baseline commit #64300 from network. Retrying in 1s...[0m
[32m[INFO][Oct  8 07:49:44]  [RUST] 2026-10-08T07:49:44.007754Z  INFO metanode::consensus::commit_processor::processor: [DIAG leader-addr] preembedded=617 resolved_ok=0 waiting_iters=0 out_of_bounds=0 invalid_len=0[0m
[DIAG tx_recycler] pending=2 submitted=4 confirmed=4 recycled=0 expired=0 capacity_evicted=0
[33m[WARN][Oct  8 07:49:44]  [RUST] 2026-10-08T07:49:44.773884Z  WARN consensus_core::commit_syncer: 🚨 [BASELINE] Failed to fetch baseline commit #64300 after 5 attempts. ALL peers unreachable (network partition?). Skipping baseline — entering ScheduleVerifying for natural rebuild. Fork-safe: no proposals until schedule is verified.[0m
[32m[INFO][Oct  8 07:49:44]  [RUST] 2026-10-08T07:49:44.774113Z  INFO consensus_core::commit_syncer: 🛡️ [UNIFIED STATE] Phase: Healthy | Local DAG Commit: 64325 | Synced: 64300 | Network Quorum: 64325 | Lag(dag): 0 | Lag(synced,gates-on-this): 25 | Block Source: CONSENSUS (Healthy)[0m
[32m[INFO][Oct  8 07:49:44]  [RUST] 2026-10-08T07:49:44.774151Z  INFO consensus_core::coordination_hub: 🔄 [HUB] Phase transition: Healthy -> CatchingUp[0m
[32m[INFO][Oct  8 07:49:44]  [RUST] 2026-10-08T07:49:44.774182Z  INFO consensus_core::coordination_hub: 🔄 [HUB] Phase transition: CatchingUp -> Healthy[0m
[32m[INFO][Oct  8 07:49:44]  [RUST] 2026-10-08T07:49:44.774193Z  INFO consensus_core::commit_syncer: 🛡️ [DAG-GC-GUARD] Transitioning to Healthy. Local committer will automatically remain blocked if it falls behind gc_round.[0m
[32m[INFO][Oct  8 07:49:44]  [RUST] 2026-10-08T07:49:44.774223Z  INFO consensus_core::commit_syncer: 🔗 [BASELINE] Fetching network schedule/digest data for boundary commit #64200 (current cycle: 214)[0m
[33m[WARN][Oct  8 07:49:44]  [RUST] 2026-10-08T07:49:44.774242Z  WARN consensus_core::commit_syncer: ⚠️ [BASELINE] Attempt 1/5: Failed to fetch baseline commit #64325 from network. Retrying in 1s...[0m
[32m[INFO][Oct  8 07:49:44]  [RUST] 2026-10-08T07:49:44.774267Z  INFO consensus_core::commit_syncer: 🏃 [LIVENESS] Kicking Core to resume proposals after transitioning to Healthy...[0m
[DIAG digest-gate] direct_ok=479 buffered=0 poll_recovered=0 dropped=0
[DIAG dispatch_commit] dispatched_txs=10 gei_guard_skips=0 gei_guard_skipped_txs=0 fast_skip_empty=621
[33m[WARN][Oct  8 07:49:45]  [RUST] 2026-10-08T07:49:45.775132Z  WARN consensus_core::commit_syncer: ⚠️ [BASELINE] Attempt 2/5: Failed to fetch baseline commit #64325 from network. Retrying in 1s...[0m
[33m[WARN][Oct  8 07:49:46]  [RUST] 2026-10-08T07:49:46.776371Z  WARN consensus_core::commit_syncer: ⚠️ [BASELINE] Attempt 3/5: Failed to fetch baseline commit #64325 from network. Retrying in 1s...[0m
[DIAG digest-gate] direct_ok=488 buffered=0 poll_recovered=0 dropped=0
[DIAG dispatch_commit] dispatched_txs=10 gei_guard_skips=0 gei_guard_skipped_txs=0 fast_skip_empty=630
[33m[WARN][Oct  8 07:49:47]  [RUST] 2026-10-08T07:49:47.777501Z  WARN consensus_core::commit_syncer: ⚠️ [BASELINE] Attempt 4/5: Failed to fetch baseline commit #64325 from network. Retrying in 1s...[0m
[33m[WARN][Oct  8 07:49:48]  [RUST] 2026-10-08T07:49:48.778235Z  WARN consensus_core::commit_syncer: ⚠️ [BASELINE] Attempt 5/5: Failed to fetch baseline commit #64325 from network. Retrying in 1s...[0m
[DIAG digest-gate] direct_ok=498 buffered=0 poll_recovered=0 dropped=0
[DIAG dispatch_commit] dispatched_txs=[32m[INFO][Oct  8 07:49:49]  [RUST] 2026-10-08T07:49:49.014842Z  INFO metanode::consensus::commit_processor::processor: [DIAG leader-addr] preembedded=642 resolved_ok=0 waiting_iters=0 out_of_bounds=0 invalid_len=0[0m
10 gei_guard_skips=0 gei_guard_skipped_txs=0 fast_skip_empty=640
[DIAG tx_recycler] pending=2 submitted=4 confirmed=4 recycled=0 expired=0 capacity_evicted=0
[33m[WARN][Oct  8 07:49:49]  [RUST] 2026-10-08T07:49:49.779058Z  WARN consensus_core::commit_syncer: 🚨 [BASELINE] Failed to fetch baseline commit #64325 after 5 attempts. ALL peers unreachable (network partition?). Skipping baseline — entering ScheduleVerifying for natural rebuild. Fork-safe: no proposals until schedule is verified.[0m
[32m[INFO][Oct  8 07:49:49]  [RUST] 2026-10-08T07:49:49.779167Z  INFO consensus_core::commit_syncer: 🛡️ [UNIFIED STATE] Phase: Healthy | Local DAG Commit: 64350 | Synced: 64325 | Network Quorum: 64350 | Lag(dag): 0 | Lag(synced,gates-on-this): 25 | Block Source: CONSENSUS (Healthy)[0m
[32m[INFO][Oct  8 07:49:49]  [RUST] 2026-10-08T07:49:49.779189Z  INFO consensus_core::coordination_hub: 🔄 [HUB] Phase transition: Healthy -> CatchingUp[0m
[32m[INFO][Oct  8 07:49:49]  [RUST] 2026-10-08T07:49:49.779211Z  INFO consensus_core::coordination_hub: 🔄 [HUB] Phase transition: CatchingUp -> Healthy[0m
[32m[INFO][Oct  8 07:49:49]  [RUST] 2026-10-08T07:49:49.779217Z  INFO consensus_core::commit_syncer: 🛡️ [DAG-GC-GUARD] Transitioning to Healthy. Local committer will automatically remain blocked if it falls behind gc_round.[0m
[32m[INFO][Oct  8 07:49:49]  [RUST] 2026-10-08T07:49:49.779232Z  INFO consensus_core::commit_syncer: 🔗 [BASELINE] Fetching network schedule/digest data for boundary commit #64200 (current cycle: 214)[0m
[33m[WARN][Oct  8 07:49:49]  [RUST] 2026-10-08T07:49:49.779256Z  WARN consensus_core::commit_syncer: ⚠️ [BASELINE] Attempt 1/5: Failed to fetch baseline commit #64350 from network. Retrying in 1s...[0m
[32m[INFO][Oct  8 07:49:49]  [RUST] 2026-10-08T07:49:49.779273Z  INFO consensus_core::commit_syncer: 🏃 [LIVENESS] Kicking Core to resume proposals after transitioning to Healthy...[0m
[33m[WARN][Oct  8 07:49:50]  [RUST] 2026-10-08T07:49:50.779963Z  WARN consensus_core::commit_syncer: ⚠️ [BASELINE] Attempt 2/5: Failed to fetch baseline commit #64350 from network. Retrying in 1s...[0m
[DIAG digest-gate] direct_ok=509 buffered=0 poll_recovered=0 dropped=0
[DIAG dispatch_commit] dispatched_txs=10 gei_guard_skips=0 gei_guard_skipped_txs=0 fast_skip_empty=651
[33m[WARN][Oct  8 07:49:51]  [RUST] 2026-10-08T07:49:51.780985Z  WARN consensus_core::commit_syncer: ⚠️ [BASELINE] Attempt 3/5: Failed to fetch baseline commit #64350 from network. Retrying in 1s...[0m
[33m[WARN][Oct  8 07:49:52]  [RUST] 2026-10-08T07:49:52.781945Z  WARN consensus_core::commit_syncer: ⚠️ [BASELINE] Attempt 4/5: Failed to fetch baseline commit #64350 from network. Retrying in 1s...[0m
[DIAG digest-gate] direct_ok=518 buffered=0 poll_recovered=0 dropped=0
[DIAG dispatch_commit] dispatched_txs=10 gei_guard_skips=0 gei_guard_skipped_txs=0 fast_skip_empty=660
[33m[WARN][Oct  8 07:49:53]  [RUST] 2026-10-08T07:49:53.782921Z  WARN consensus_core::commit_syncer: ⚠️ [BASELINE] Attempt 5/5: Failed to fetch baseline commit #64350 from network. Retrying in 1s...[0m
[32m[INFO][Oct  8 07:49:54]  [RUST] 2026-10-08T07:49:54.015769Z  INFO metanode::consensus::commit_processor::processor: [DIAG leader-addr] preembedded=667 resolved_ok=0 waiting_iters=0 out_of_bounds=0 invalid_len=0[0m
[DIAG tx_recycler] pending=2 submitted=4 confirmed=4 recycled=0 expired=0 capacity_evicted=0
[33m[WARN][Oct  8 07:49:54]  [RUST] 2026-10-08T07:49:54.784189Z  WARN consensus_core::commit_syncer: 🚨 [BASELINE] Failed to fetch baseline commit #64350 after 5 attempts. ALL peers unreachable (network partition?). Skipping baseline — entering ScheduleVerifying for natural rebuild. Fork-safe: no proposals until schedule is verified.[0m
[32m[INFO][Oct  8 07:49:54]  [RUST] 2026-10-08T07:49:54.784351Z  INFO consensus_core::commit_syncer: 🛡️ [UNIFIED STATE] Phase: Healthy | Local DAG Commit: 64375 | Synced: 64350 | Network Quorum: 64375 | Lag(dag): 0 | Lag(synced,gates-on-this): 25 | Block Source: CONSENSUS (Healthy)[0m
[32m[INFO][Oct  8 07:49:54]  [RUST] 2026-10-08T07:49:54.784414Z  INFO consensus_core::coordination_hub: 🔄 [HUB] Phase transition: Healthy -> CatchingUp[0m
[32m[INFO][Oct  8 07:49:54]  [RUST] 2026-10-08T07:49:54.784458Z  INFO consensus_core::coordination_hub: 🔄 [HUB] Phase transition: CatchingUp -> Healthy[0m
[32m[INFO][Oct  8 07:49:54]  [RUST] 2026-10-08T07:49:54.784487Z  INFO consensus_core::commit_syncer: 🛡️ [DAG-GC-GUARD] Transitioning to Healthy. Local committer will automatically remain blocked if it falls behind gc_round.[0m
[32m[INFO][Oct  8 07:49:54]  [RUST] 2026-10-08T07:49:54.784526Z  INFO consensus_core::commit_syncer: 🔗 [BASELINE] Fetching network schedule/digest data for boundary commit #64200 (current cycle: 214)[0m
[33m[WARN][Oct  8 07:49:54]  [RUST] 2026-10-08T07:49:54.784555Z  WARN consensus_core::commit_syncer: ⚠️ [BASELINE] Attempt 1/5: Failed to fetch baseline commit #64375 from network. Retrying in 1s...[0m
[32m[INFO][Oct  8 07:49:54]  [RUST] 2026-10-08T07:49:54.784588Z  INFO consensus_core::commit_syncer: 🏃 [LIVENESS] Kicking Core to resume proposals after transitioning to Healthy...[0m
[DIAG digest-gate] direct_ok=529 buffered=0 poll_recovered=0 dropped=0
[DIAG dispatch_commit] dispatched_txs=10 gei_guard_skips=0 gei_guard_skipped_txs=0 fast_skip_empty=671
[33m[WARN][Oct  8 07:49:55]  [RUST] 2026-10-08T07:49:55.784869Z  WARN consensus_core::commit_syncer: ⚠️ [BASELINE] Attempt 2/5: Failed to fetch baseline commit #64375 from network. Retrying in 1s...[0m
[33m[WARN][Oct  8 07:49:56]  [RUST] 2026-10-08T07:49:56.786483Z  WARN consensus_core::commit_syncer: ⚠️ [BASELINE] Attempt 3/5: Failed to fetch baseline commit #64375 from network. Retrying in 1s...[0m
[DIAG digest-gate] direct_ok=538 buffered=0 poll_recovered=0 dropped=0
[DIAG dispatch_commit] dispatched_txs=10 gei_guard_skips=0 gei_guard_skipped_txs=0 fast_skip_empty=680
[33m[WARN][Oct  8 07:49:57]  [RUST] 2026-10-08T07:49:57.787268Z  WARN consensus_core::commit_syncer: ⚠️ [BASELINE] Attempt 4/5: Failed to fetch baseline commit #64375 from network. Retrying in 1s...[0m
[33m[WARN][Oct  8 07:49:58]  [RUST] 2026-10-08T07:49:58.788651Z  WARN consensus_core::commit_syncer: ⚠️ [BASELINE] Attempt 5/5: Failed to fetch baseline commit #64375 from network. Retrying in 1s...[0m
[DIAG digest-gate] direct_ok=548 buffered=0 poll_recovered=0 dropped=0
[DIAG dispatch_commit] dispatched_txs=10 gei_guard_skips=0 gei_guard_skipped_txs=0 fast_skip_empty=690
[32m[INFO][Oct  8 07:49:59]  [RUST] 2026-10-08T07:49:59.063556Z  INFO metanode::consensus::commit_processor::processor: [DIAG leader-addr] preembedded=692 resolved_ok=0 waiting_iters=0 out_of_bounds=0 invalid_len=0[0m
[DIAG tx_recycler] pending=2 submitted=4 confirmed=4 recycled=0 expired=0 capacity_evicted=0
[33m[WARN][Oct  8 07:49:59]  [RUST] 2026-10-08T07:49:59.790530Z  WARN consensus_core::commit_syncer: 🚨 [BASELINE] Failed to fetch baseline commit #64375 after 5 attempts. ALL peers unreachable (network partition?). Skipping baseline — entering ScheduleVerifying for natural rebuild. Fork-safe: no proposals until schedule is verified.[0m
[32m[INFO][Oct  8 07:49:59]  [RUST] 2026-10-08T07:49:59.790690Z  INFO consensus_core::commit_syncer: 🛡️ [UNIFIED STATE] Phase: Healthy | Local DAG Commit: 64400 | Synced: 64375 | Network Quorum: 64400 | Lag(dag): 0 | Lag(synced,gates-on-this): 25 | Block Source: CONSENSUS (Healthy)[0m
[32m[INFO][Oct  8 07:49:59]  [RUST] 2026-10-08T07:49:59.790721Z  INFO consensus_core::coordination_hub: 🔄 [HUB] Phase transition: Healthy -> CatchingUp[0m
[32m[INFO][Oct  8 07:49:59]  [RUST] 2026-10-08T07:49:59.790744Z  INFO consensus_core::coordination_hub: 🔄 [HUB] Phase transition: CatchingUp -> Healthy[0m
[32m[INFO][Oct  8 07:49:59]  [RUST] 2026-10-08T07:49:59.790752Z  INFO consensus_core::commit_syncer: 🛡️ [DAG-GC-GUARD] Transitioning to Healthy. Local committer will automatically remain blocked if it falls behind gc_round.[0m
[32m[INFO][Oct  8 07:49:59]  [RUST] 2026-10-08T07:49:59.790771Z  INFO consensus_core::commit_syncer: 🔗 [BASELINE] Fetching network schedule/digest data for boundary commit #64200 (current cycle: 214)[0m
[33m[WARN][Oct  8 07:49:59]  [RUST] 2026-10-08T07:49:59.790785Z  WARN consensus_core::commit_syncer: ⚠️ [BASELINE] Attempt 1/5: Failed to fetch baseline commit #64400 from network. Retrying in 1s...[0m
[32m[INFO][Oct  8 07:49:59]  [RUST] 2026-10-08T07:49:59.790808Z  INFO consensus_core::commit_syncer: 🏃 [LIVENESS] Kicking Core to resume proposals after transitioning to Healthy...[0m
