[State Cleaner Thread] Started.
2026/10/08 07:00:30 Starting Parent Chain Node...
[nomt_ffi] Detected existing HT file for path '/tmp/gate_4val_p06/parent/parentchain_db/nomt' with 64000 pages (requested 64000). Overriding.
2026/10/08 07:00:30 🔍 [PARENT-CHAIN-STARTUP] NOMT state root verified with block #84: 0x7570d0a370e0b03336f7fd82fbc3edaa5e8a85acd6162235a2afde1b66b14e00
⚠️ Warning: Genesis has 1 validators (< 4). Minimum 4 required for BFT quorum in production.
2026/10/08 07:00:30 Loaded genesis from /tmp/gate_4val_p06/parent/parent_genesis.json: chain_id=991, validators=1
2026/10/08 07:00:30 ⚠️ open_cluster_registration=true: ANY key may register as a cluster and certify deposits (devnet only)
2026/10/08 07:00:30 Genesis float: 2 account(s) will be created in block 1
2026/10/08 07:00:30 ⚠️ allow_deposit_to_float=true: clusters can MINT float (devnet only)
2026/10/08 07:00:30 Parent Chain: Recovered at block #84 (GEI 84), stateRoot=0x7570d0a370e0b03336f7fd82fbc3edaa5e8a85acd6162235a2afde1b66b14e00
2026/10/08 07:00:30 Initializing FFI Bridge...
2026/10/08 07:00:30 Loaded last block #84 from DBStore (state_root=0x7570d0a370e0b03336f7fd82fbc3edaa5e8a85acd6162235a2afde1b66b14e00, commit_index=63705)
[32m[INFO][Oct  8 07:00:30]  ✅ [INIT-DEBUG] SetBlockchainInitDone() CALLED! flag=1 (should be 1), lastBlockNumber=84[0m
2026/10/08 07:00:30 Starting Parent Chain RPC server on :31601
Starting MetaNode Consensus Engine via CGo FFI. Config: /tmp/gate_4val_p06/parent/node_parent.toml
[32m[INFO][Oct  8 07:00:30]  [FFI Bridge] Starting MetaNode Consensus Engine via CGo FFI[0m
[33m[WARN][Oct  8 07:00:30]  [FFI Bridge] MetaNode Consensus Engine exited[0m
[32m[INFO][Oct  8 07:00:30]  [RUST] 2026-10-08T07:00:30.696495Z  INFO metanode::ffi: Starting MetaNode Consensus Engine (FFI Thread)...[0m
[32m[INFO][Oct  8 07:00:30]  [RUST] 2026-10-08T07:00:30.696747Z  INFO metanode::liveness_watchdog: 🐕 [LIVENESS WATCHDOG] started (timeout=30s) -- see liveness_watchdog.rs doc comment / project memory Phuong an A mục 21[0m
[32m[INFO][Oct  8 07:00:30]  [RUST] 2026-10-08T07:00:30.709923Z  INFO metanode::ffi: Storage path unified to Go data dir: "/tmp/gate_4val_p06/parent/consensus/rust_consensus"[0m
[32m[INFO][Oct  8 07:00:30]  [RUST] 2026-10-08T07:00:30.709969Z  INFO metanode::ffi: Node ID: 0[0m
[32m[INFO][Oct  8 07:00:30]  [RUST] 2026-10-08T07:00:30.709997Z  INFO metanode::ffi: Network address: 127.0.0.1:31001[0m
[32m[INFO][Oct  8 07:00:30]  [RUST] 2026-10-08T07:00:30.710086Z  INFO metanode::node::startup: 🔌 [STARTUP] Early FFI Transaction Channel initialized to prevent Go deadlocks.[0m
[32m[INFO][Oct  8 07:00:30]  [RUST] 2026-10-08T07:00:30.710300Z  INFO metanode::node::startup: Metrics server started at http://127.0.0.1:31901/metrics[0m
[32m[INFO][Oct  8 07:00:30]  [RUST] 2026-10-08T07:00:30.710415Z  INFO metanode::node::consensus_node: Initializing consensus node 0...[0m
[32m[INFO][Oct  8 07:00:30]  [RUST] 2026-10-08T07:00:30.710508Z  INFO metanode::node::setup_storage: 🚀 [STARTUP] Loading latest block, epoch and committee from Go state...[0m
[32m[INFO][Oct  8 07:00:30]  [RUST] 2026-10-08T07:00:30.710542Z  INFO metanode::node::executor_client: 🔧 [EXECUTOR CLIENT] Creating executor client: initial_next_expected=1, storage_path=Some("/tmp/gate_4val_p06/parent/consensus/rust_consensus")[0m
[32m[INFO][Oct  8 07:00:30]  [RUST] 2026-10-08T07:00:30.710592Z  INFO metanode::node::executor_client::connection_pool: 🏊 [CONN POOL] Created NO-OP pool (FFI mode — connections bypassed)[0m
[32m[INFO][Oct  8 07:00:30]  [RUST] 2026-10-08T07:00:30.712171Z  INFO metanode::node::setup_storage: ✅ [STARTUP] Got block number 84 from Go (is_ready=true) (attempt 1)[0m
[32m[INFO][Oct  8 07:00:30]  [RUST] 2026-10-08T07:00:30.712300Z  INFO metanode::node::setup_storage: ✅ [STARTUP] Got epoch 0 from Go (block=84)[0m
[32m[INFO][Oct  8 07:00:30]  [RUST] 2026-10-08T07:00:30.712379Z  INFO metanode::node::setup_storage: 📋 [STARTUP] Using LOCAL Go epoch 0 (skipping peer discovery to prevent deadlock)[0m
[32m[INFO][Oct  8 07:00:30]  [RUST] 2026-10-08T07:00:30.712393Z  INFO metanode::node::setup_storage: 📊 [STARTUP] Go State: Block 84, Epoch 0 (peer_block=84)[0m
[32m[INFO][Oct  8 07:00:30]  [RUST] 2026-10-08T07:00:30.712500Z  INFO metanode::node::setup_storage: 📊 [STARTUP] Using epoch 0 (synced with Go)[0m
[32m[INFO][Oct  8 07:00:30]  [Go Server] Received GetEpochBoundaryDataRequest (unified epoch boundary) for epoch 0[0m
[32m[INFO][Oct  8 07:00:30]  📊 [EPOCH BOUNDARY] Handling GetEpochBoundaryDataRequest%!(EXTRA string=epoch, uint64=0)[0m
[32m[INFO][Oct  8 07:00:30]  [Go Server] GetEpochBoundaryDataRequest handled, sending EpochBoundaryData with epoch=0, timestamp_ms=1700000000000, boundary_block=0, validator_count=1[0m
[32m[INFO][Oct  8 07:00:30]  [RUST] 2026-10-08T07:00:30.712847Z  INFO metanode::node::executor_client::rpc_queries_epoch: 📥 [EXECUTOR-REQ] Received 282 bytes from Go FFI (GetEpochBoundaryData), decoding...[0m
[32m[INFO][Oct  8 07:00:30]  [RUST] 2026-10-08T07:00:30.712891Z  INFO metanode::node::executor_client::rpc_queries_epoch: ✅ [EPOCH BOUNDARY] Received unified epoch boundary data from Go FFI: epoch=0, timestamp_ms=1700000000000, boundary_block=0, validator_count=1[0m
[32m[INFO][Oct  8 07:00:30]  [RUST] 2026-10-08T07:00:30.712951Z  INFO metanode::node::executor_client::rpc_queries_epoch: 📥 [RUST←GO] EpochBoundaryData Validator[0]: address=0x7e615e4a500AB42b7Bb3FdBb62Fbb8Bd10385fC5, stake=1000000000000000000, name=node-0, authority_key=91462b62f7ff7c3532805f3e9c874d013000967414dc16520f...[0m
[32m[INFO][Oct  8 07:00:30]  [RUST] 2026-10-08T07:00:30.713000Z  INFO metanode::node::setup_storage: ✅ [STARTUP] Got epoch boundary data for epoch 0 from Go (epoch_duration=86400s, boundary_gei=0)[0m
[32m[INFO][Oct  8 07:00:30]  [RUST] 2026-10-08T07:00:30.713015Z  INFO metanode::node::setup_storage: 📊 [STARTUP] Using epoch boundary data: epoch=0, boundary_block=0, epoch_timestamp=1700000000000ms, validators=1, boundary_gei=0[0m
[32m[INFO][Oct  8 07:00:30]  [RUST] 2026-10-08T07:00:30.713348Z  INFO metanode::node::committee: 📊 Built committee with 1 authorities and 1 eth_addresses for epoch 0[0m
[32m[INFO][Oct  8 07:00:30]  [RUST] 2026-10-08T07:00:30.713374Z  INFO metanode::node::setup_storage: ✅ Loaded committee with 1 authorities and 1 eth_addresses (from epoch boundary). Committee hash=355ccff787b55d59... (epoch 0)[0m
[32m[INFO][Oct  8 07:00:30]  [RUST] 2026-10-08T07:00:30.713391Z  INFO metanode::node::setup_storage:   📋 [COMMITTEE] Validator 0: ETH=0x7e615e4a500ab42b7bb3fdbb62fbb8bd10385fc5, Protocol=7cdfc1340f0f1728c4de1725ca3c6791882316547a336ee3a5ba1cabb5fce3b6, Network=8d9fe40cd34f06c657503dbc15cc4c2cb67ebc26426c426852f741f33811bee8[0m
[32m[INFO][Oct  8 07:00:30]  [Go Server] 📥 Received GetLastHandledCommitIndexRequest (GO-AUTH GEI recovery)[0m
[33m[WARN][Oct  8 07:00:30]  BlockChain instance has not been initialized. Call InitBlockChain() first.[0m
[32m[INFO][Oct  8 07:00:30]  🔑 [GO-AUTH GEI] Recovery query: last_commit=63705 (epoch=0), last_gei=84, last_block=84, current_epoch=0, authoritative=true, ts=0, state_root=[0m
[32m[INFO][Oct  8 07:00:30]  [Go Server] ✅ GetLastHandledCommitIndexRequest: last_commit=63705, last_gei=84, block=84, epoch=0[0m
[32m[INFO][Oct  8 07:00:30]  [RUST] 2026-10-08T07:00:30.713969Z  INFO metanode::node::executor_client::rpc_queries: 🔑 [GO-AUTH GEI] Recovery state received: last_commit=63705, last_gei=84, block=84, epoch=0, authoritative=true, timestamp=0, state_root=0 bytes[0m
[32m[INFO][Oct  8 07:00:30]  [RUST] 2026-10-08T07:00:30.714005Z  INFO metanode::node::setup_storage::index_sync: 🔑 [GO-AUTH GEI] Post-init query: state_root=0x, go_epoch=0, rust_epoch=0[0m
[32m[INFO][Oct  8 07:00:30]  [RUST] 2026-10-08T07:00:30.714038Z  INFO metanode::node::setup_storage::index_sync: 📊 [STARTUP] No peer reference, using Local Go Last GEI: 84 (Block: 84)[0m
[32m[INFO][Oct  8 07:00:30]  [RUST] 2026-10-08T07:00:30.714113Z  INFO metanode::node::setup_storage: ✅ [STARTUP] Using epoch_base=0 from Go boundary_gei (epoch=0, boundary_block=0)[0m
[32m[INFO][Oct  8 07:00:30]  [RUST] 2026-10-08T07:00:30.714127Z  INFO metanode::node::setup_storage: 📊 [STARTUP] Synchronizing executor client memory state from Go Master prior to recovery check...[0m
[32m[INFO][Oct  8 07:00:30]  [RUST] 2026-10-08T07:00:30.714194Z  INFO metanode::node::executor_client: 📊 [INIT] Fetched current epoch from Go: 0[0m
[32m[INFO][Oct  8 07:00:30]  [RUST] 2026-10-08T07:00:30.714298Z  INFO metanode::node::executor_client: 📊 [INIT] Connected to Go Master. Last block=84, GEI=84, Epoch=0[0m
[32m[INFO][Oct  8 07:00:30]  [RUST] 2026-10-08T07:00:30.714315Z  INFO metanode::node::executor_client: 📊 [INIT] Initialized next_block_number to 85 (from Go last_block_number=84, old=0)[0m
[32m[INFO][Oct  8 07:00:30]  [RUST] 2026-10-08T07:00:30.714345Z  INFO metanode::node::executor_client: 📊 [INIT] Initialized last_processed_epoch to 0[0m
[32m[INFO][Oct  8 07:00:30]  [RUST] 2026-10-08T07:00:30.714377Z  INFO metanode::node::executor_client: 📊 [INIT] Updating next_expected_index from 1 to 85 (last_global_exec_index=84, go_next_expected=85)[0m
[32m[INFO][Oct  8 07:00:30]  [RUST] 2026-10-08T07:00:30.714397Z  INFO metanode::node::executor_client: ✅ [READY] Rust executor: go_connection=connected, next_expected=85, go_last_block=84[0m
[32m[INFO][Oct  8 07:00:30]  [RUST] 2026-10-08T07:00:30.714419Z  INFO metanode::node::setup_storage: ✅ [STARTUP] Executor client memory state synchronized successfully (block/GEI guards updated).[0m
[32m[INFO][Oct  8 07:00:30]  [RUST] 2026-10-08T07:00:30.714753Z  INFO metanode::node::setup_storage: 🔑 [STARTUP] Rust Protocol PubKey (hex): 7cdfc1340f0f1728c4de1725ca3c6791882316547a336ee3a5ba1cabb5fce3b6[0m
[32m[INFO][Oct  8 07:00:30]  [RUST] 2026-10-08T07:00:30.714771Z  INFO metanode::node::setup_storage: 🔑 [STARTUP] Rust Network PubKey (hex): 8d9fe40cd34f06c657503dbc15cc4c2cb67ebc26426c426852f741f33811bee8[0m
[32m[INFO][Oct  8 07:00:30]  [RUST] 2026-10-08T07:00:30.714786Z  INFO metanode::node::setup_storage: ✅ [IDENTITY] Found self in committee at index [0] using protocol_key match[0m
[33m[WARN][Oct  8 07:00:30]  [RUST] 2026-10-08T07:00:30.714965Z  WARN consensus_core::recovery_barrier: 🛡️ [RECOVERY-BARRIER] ACTIVATED: Inactive → GoSyncing. Snapshot recovery detected. ALL proposals blocked until recovery completes.[0m
[32m[INFO][Oct  8 07:00:30]  [RUST] 2026-10-08T07:00:30.715025Z  INFO consensus_core::coordination_hub: 🛡️ [SPARSE-DAG-BOUNDARY] Recovery session activated. Sparse DAG Evaluation Prevention will be enabled when transitioning to Healthy.[0m
[32m[INFO][Oct  8 07:00:30]  [RUST] 2026-10-08T07:00:30.715045Z  INFO metanode::node::setup_consensus: 🛡️ [RECOVERY-BARRIER] Go has prior state (block=84, last_handled=Some(63705), dag_has_history=true). Activating unified recovery barrier. ALL proposals blocked until GoSyncing → DagCatchingUp → ScheduleVerifying → Ready.[0m
[32m[INFO][Oct  8 07:00:30]  [RUST] 2026-10-08T07:00:30.715072Z  INFO metanode::node::setup_consensus: 🔑 [GO-AUTH GEI] Setting go_replay_after=63705 based on Go Authoritative LastHandledCommitIndex.[0m
[32m[INFO][Oct  8 07:00:30]  [RUST] 2026-10-08T07:00:30.715083Z  INFO metanode::node::setup_consensus: 📊 [STARTUP] CommitConsumerArgs: go_replay_after=63705 (from authoritative Go/fallback)[0m
[32m[INFO][Oct  8 07:00:30]  [RUST] 2026-10-08T07:00:30.715114Z  INFO metanode::node::setup_consensus: 🤝 [HANDSHAKE] Passing last_executed_commit_hash from Go to Rust DAG: "b527c570ce75ae1e781c0fc062d4e91afd75fc665afef48c4ea40449ea71369b"[0m
[32m[INFO][Oct  8 07:00:30]  [RUST] 2026-10-08T07:00:30.715618Z  INFO metanode::node::transition::tx_recovery: 📋 [TX HASH REGISTRY] Loaded 148 committed transaction hashes from epoch 0[0m
[32m[INFO][Oct  8 07:00:30]  [RUST] 2026-10-08T07:00:30.715640Z  INFO metanode::node::setup_consensus: 💾 Loaded 148 committed transaction hashes from epoch 0[0m
[32m[INFO][Oct  8 07:00:30]  [RUST] 2026-10-08T07:00:30.715792Z  INFO metanode::node::setup_consensus: 📊 [COMMIT PROCESSOR INIT] Startup: next_expected_commit_index=63706, from go_replay_after=63705[0m
[32m[INFO][Oct  8 07:00:30]  [RUST] 2026-10-08T07:00:30.715844Z  INFO consensus_core::system_transaction_provider: 📅 SystemTransactionProvider initialized: epoch=0, epoch_start=1700000000000ms, now=1791442830715ms, elapsed=91442830s, duration=86400s, time_based_enabled=false[0m
[32m[INFO][Oct  8 07:00:30]  [RUST] 2026-10-08T07:00:30.715869Z  INFO metanode::node::executor_client: 🔧 [EXECUTOR CLIENT] Creating executor client: initial_next_expected=85, storage_path=Some("/tmp/gate_4val_p06/parent/consensus/rust_consensus")[0m
[32m[INFO][Oct  8 07:00:30]  [RUST] 2026-10-08T07:00:30.715885Z  INFO metanode::node::executor_client::connection_pool: 🏊 [CONN POOL] Created NO-OP pool (FFI mode — connections bypassed)[0m
[32m[INFO][Oct  8 07:00:30]  [RUST] 2026-10-08T07:00:30.715913Z  INFO consensus_core::coordination_hub: 🔒 [STARTUP-SYNC] Proposals LOCKED until sync completes[0m
[32m[INFO][Oct  8 07:00:31]  [RUST] 2026-10-08T07:00:31.216894Z  INFO metanode::node::setup_consensus::startup_sync: 📡 [PEER RPC] Starting EARLY server on 0.0.0.0:31501 to prevent STARTUP-SYNC deadlock[0m
[32m[INFO][Oct  8 07:00:31]  [RUST] 2026-10-08T07:00:31.217316Z  INFO metanode::node::setup_consensus::startup_sync: 📡 [PEER RPC] EARLY server confirmed bound on 0.0.0.0:31501[0m
[32m[INFO][Oct  8 07:00:31]  [RUST] 2026-10-08T07:00:31.217341Z  INFO metanode::node::setup_consensus::startup_sync: 📊 [STARTUP-SYNC] Barrier using verified block=84 from setup_storage()[0m
[32m[INFO][Oct  8 07:00:31]  [RUST] 2026-10-08T07:00:31.217318Z  INFO metanode::network::peer_rpc::server: 🌐 [PEER RPC] Started on 0.0.0.0:31501 (node_id=0, network_address=127.0.0.1:31001)[0m
[32m[INFO][Oct  8 07:00:31]  [RUST] 2026-10-08T07:00:31.217640Z  INFO metanode::node::setup_consensus::startup_sync: ✅ [STARTUP-SYNC] No peers configured (single-node or seed). Skipping startup sync.[0m
[32m[INFO][Oct  8 07:00:31]  [RUST] 2026-10-08T07:00:31.217656Z  INFO metanode::node::setup_consensus::startup_sync: 📡 [PEER RPC] Stopping early server. Handing over to full server in startup.rs...[0m
[32m[INFO][Oct  8 07:00:31]  [Go Server] 📥 Received GetLastHandledCommitIndexRequest (GO-AUTH GEI recovery)[0m
[33m[WARN][Oct  8 07:00:31]  BlockChain instance has not been initialized. Call InitBlockChain() first.[0m
[32m[INFO][Oct  8 07:00:31]  🔑 [GO-AUTH GEI] Recovery query: last_commit=63705 (epoch=0), last_gei=84, last_block=84, current_epoch=0, authoritative=true, ts=0, state_root=[0m
[32m[INFO][Oct  8 07:00:31]  [Go Server] ✅ GetLastHandledCommitIndexRequest: last_commit=63705, last_gei=84, block=84, epoch=0[0m
[32m[INFO][Oct  8 07:00:31]  [RUST] 2026-10-08T07:00:31.217885Z  INFO metanode::node::executor_client::rpc_queries: 🔑 [GO-AUTH GEI] Recovery state received: last_commit=63705, last_gei=84, block=84, epoch=0, authoritative=true, timestamp=0, state_root=0 bytes[0m
[32m[INFO][Oct  8 07:00:31]  [RUST] 2026-10-08T07:00:31.217910Z  INFO metanode::node::setup_consensus: 🔍 [CONSISTENCY CHECK] Go state: block=84, gei=84, commit_index=63705, epoch=0, Rust state: go_replay_after=63705, current_epoch=0, next_expected_commit=63706[0m
[32m[INFO][Oct  8 07:00:31]  [RUST] 2026-10-08T07:00:31.217925Z  INFO metanode::node::setup_consensus: ✅ [CONSISTENCY CHECK] Post-sync state OK: block=84, gei=84, commit_index=63705, epoch=0[0m
[32m[INFO][Oct  8 07:00:31]  [RUST] 2026-10-08T07:00:31.217995Z  INFO metanode::node::executor_client: 📊 [INIT] Fetched current epoch from Go: 0[0m
[32m[INFO][Oct  8 07:00:31]  [RUST] 2026-10-08T07:00:31.218119Z  INFO metanode::node::executor_client: 📊 [INIT] Connected to Go Master. Last block=84, GEI=84, Epoch=0[0m
[32m[INFO][Oct  8 07:00:31]  [RUST] 2026-10-08T07:00:31.218135Z  INFO metanode::node::executor_client: 📊 [INIT] Initialized next_block_number to 85 (from Go last_block_number=84, old=0)[0m
[32m[INFO][Oct  8 07:00:31]  [RUST] 2026-10-08T07:00:31.218168Z  INFO metanode::node::executor_client: 📊 [INIT] Initialized last_processed_epoch to 0[0m
[32m[INFO][Oct  8 07:00:31]  [RUST] 2026-10-08T07:00:31.218185Z  INFO metanode::node::executor_client: 📊 [INIT] next_expected_index matches Go Master: last_global_exec_index=84, next_expected=85[0m
[32m[INFO][Oct  8 07:00:31]  [RUST] 2026-10-08T07:00:31.218206Z  INFO metanode::node::executor_client: ✅ [READY] Rust executor: go_connection=connected, next_expected=85, go_last_block=84[0m
[32m[INFO][Oct  8 07:00:31]  [RUST] 2026-10-08T07:00:31.218219Z  INFO metanode::node::setup_consensus: ✅ [STARTUP] initialize_from_go() completed synchronously (block/GEI guards updated)[0m
[32m[INFO][Oct  8 07:00:31]  [Go Server] 📥 Received GetLastHandledCommitIndexRequest (GO-AUTH GEI recovery)[0m
[33m[WARN][Oct  8 07:00:31]  BlockChain instance has not been initialized. Call InitBlockChain() first.[0m
[32m[INFO][Oct  8 07:00:31]  🔑 [GO-AUTH GEI] Recovery query: last_commit=63705 (epoch=0), last_gei=84, last_block=84, current_epoch=0, authoritative=true, ts=0, state_root=[0m
[32m[INFO][Oct  8 07:00:31]  [Go Server] ✅ GetLastHandledCommitIndexRequest: last_commit=63705, last_gei=84, block=84, epoch=0[0m
[32m[INFO][Oct  8 07:00:31]  [RUST] 2026-10-08T07:00:31.218320Z  INFO metanode::node::executor_client::rpc_queries: 🔑 [GO-AUTH GEI] Recovery state received: last_commit=63705, last_gei=84, block=84, epoch=0, authoritative=true, timestamp=0, state_root=0 bytes[0m
[32m[INFO][Oct  8 07:00:31]  [RUST] 2026-10-08T07:00:31.218342Z  INFO metanode::node::setup_consensus: 🔍 [SYNC-PARITY] Post-init state comparison:
  CommitProcessor:  go_last_commit_index=63705, next_expected_index=63706
  ExecutorClient:   next_expected_index=85
  Go (authoritative): commit_index=63705, gei=84, block=84, epoch=0
  Go State Root: 0x[0m
[32m[INFO][Oct  8 07:00:31]  [RUST] 2026-10-08T07:00:31.218367Z  INFO metanode::node::setup_consensus: ✅ [SYNC-PARITY] ExecutorClient and CommitProcessor GEI matched (EC=85, CP=85)[0m
[32m[INFO][Oct  8 07:00:31]  [RUST] 2026-10-08T07:00:31.218457Z  INFO metanode::node::setup_consensus: 🔍 [GEI-CROSSCHECK] Post-startup state: block=84, gei=84[0m
[33m[WARN][Oct  8 07:00:31]  [RUST] 2026-10-08T07:00:31.218477Z  WARN metanode::consensus::commit_processor::gei_validator: 🔍 [GEI-VALIDATOR] No peers configured for cross-check (local_gei=84, block=84)[0m
[32m[INFO][Oct  8 07:00:31]  [RUST] 2026-10-08T07:00:31.218491Z  INFO metanode::node::setup_consensus: ✅ [GEI-CROSSCHECK] Post-startup GEI validation passed (gei=84, block=84)[0m
[32m[INFO][Oct  8 07:00:31]  [RUST] 2026-10-08T07:00:31.218537Z  INFO consensus_core::recovery_barrier: ✅ [RECOVERY-BARRIER] GoSyncing → DagCatchingUp. Go execution layer synced. Waiting for Rust DAG to catch up via CertifiedCommits.[0m
[32m[INFO][Oct  8 07:00:31]  [RUST] 2026-10-08T07:00:31.218553Z  INFO consensus_core::coordination_hub: ✅ [STARTUP-SYNC] Go sync completed, advancing barrier to DagCatchingUp[0m
[32m[INFO][Oct  8 07:00:31]  [RUST] 2026-10-08T07:00:31.218608Z  INFO consensus_core::coordination_hub: 🔄 [HUB] Phase transition: Initializing -> Bootstrapping[0m
[32m[INFO][Oct  8 07:00:31]  [RUST] 2026-10-08T07:00:31.218781Z  INFO metanode::node::setup_consensus: 🚀 Starting consensus authority node (phase=Bootstrapping)...[0m
[32m[INFO][Oct  8 07:00:31]  [RUST] 2026-10-08T07:00:31.218748Z  INFO metanode::node::setup_consensus::verification: ℹ️ [POST-GATE-VERIFY] No peers configured. Setting block_hash_verified=true (single-node mode).[0m
[32m[INFO][Oct  8 07:00:31]  [RUST] 2026-10-08T07:00:31.218874Z  INFO consensus_core::coordination_hub: ✅ [BLOCK-HASH-GATE] Block hash VERIFIED against peers. Gate 5 cleared — node state is bit-perfect.[0m
[32m[INFO][Oct  8 07:00:31]  [RUST] 2026-10-08T07:00:31.219039Z  INFO consensus_core::authority_node: Starting consensus authority [0] node-0, ProtocolVersion(105), epoch start timestamp 1700000000000, boot counter 0, replaying after commit index 63705, consumer last processed commit index 63705[0m
[32m[INFO][Oct  8 07:00:31]  [RUST] 2026-10-08T07:00:31.219073Z  INFO consensus_core::authority_node: Consensus authorities: [0]: node-0[0m
[32m[INFO][Oct  8 07:00:31]  [RUST] 2026-10-08T07:00:31.219083Z  INFO consensus_core::authority_node: Consensus parameters: Parameters { db_path: "/tmp/gate_4val_p06/parent/consensus/rust_consensus/epochs/epoch_0/consensus_db", leader_timeout: 200ms, min_round_delay: 25ms, max_forward_time_drift: 500ms, max_blocks_per_sync: 32, max_blocks_per_fetch: 1000, sync_last_known_own_block_timeout: 5s, round_prober_interval_ms: 5000, round_prober_request_timeout_ms: 4000, propagation_delay_stop_proposal_threshold: 100, dag_state_cached_rounds: 500, commit_sync_parallel_fetches: 32, commit_sync_batch_size: 500, commit_sync_batches_ahead: 128, tonic: TonicParameters { keepalive_interval: 10s, connection_buffer_size: 33554432, excessive_message_size: 16777216, message_size_limit: 67108864 }, adaptive_delay_enabled: false, compact_blocks_enabled: false }[0m
[32m[INFO][Oct  8 07:00:31]  [RUST] 2026-10-08T07:00:31.219168Z  INFO consensus_core::authority_node: Consensus committee: Committee { epoch: 0, total_stake: 1000000000000000000, quorum_threshold: 666666666666666667, validity_threshold: 333333333333333334, authorities: [Authority { stake: 1000000000000000000, address: Multiaddr(/ip4/127.0.0.1/tcp/31001), hostname: "node-0", authority_key: AuthorityPublicKey(kUYrYvf/fDUygF8+nIdNATAAlnQU3BZSD3aGuHNoAZQv3OJOIZKW+Uw+UbH/1LWCAlbyWnQra9vUSDJfFVIxlV4XlraaNkLsZSb3HMJJQK3qEc1L20Yqb5YM8uGRXvnB), protocol_key: ProtocolPublicKey(fN/BNA8PFyjE3hclyjxnkYgjFlR6M27jpbocq7X847Y=), network_key: NetworkPublicKey(jZ/kDNNPBsZXUD28FcxMLLZ+vCZCbEJoUvdB8zgRvug=) }] }[0m
[32m[INFO][Oct  8 07:00:31]  [RUST] 2026-10-08T07:00:31.220349Z  INFO consensus_core::transaction: TransactionConsumer initialized with max_num_transactions_in_block: 4000, max_transactions_in_block_bytes: 2097152[0m
[32m[INFO][Oct  8 07:00:31]  [RUST] 2026-10-08T07:00:31.220460Z  INFO consensus_core::authority_node: 📡 [AUTHORITY NODE] Broadcast sender keeper obtained, receiver_count=1, total_senders_should_be=3[0m
[32m[INFO][Oct  8 07:00:31]  [RUST] 2026-10-08T07:00:31.263489Z  INFO consensus_core::dag_state::dag_state_impl: ✅ Loaded 1 genesis block refs from storage for epoch 0[0m
[33m[WARN][Oct  8 07:00:31]  [RUST] 2026-10-08T07:00:31.263744Z  WARN consensus_core::dag_state::dag_state_impl: Missing genesis block for ref B0([0],TjU0bSUY8KHY6u0jkTMGbX53pNYIckp+8ya7DChrH5k=)[0m
[33m[WARN][Oct  8 07:00:31]  [RUST] 2026-10-08T07:00:31.263767Z  WARN consensus_core::dag_state::dag_state_impl: Incomplete genesis blocks in storage (0 vs 1), regenerating[0m
[32m[INFO][Oct  8 07:00:31]  [RUST] 2026-10-08T07:00:31.263777Z  INFO consensus_core::block: 🛠️ [GENESIS DEBUG] Generating genesis blocks for epoch 0 with timestamp 1700000000000ms. Committee size: 1[0m
[32m[INFO][Oct  8 07:00:31]  [RUST] 2026-10-08T07:00:31.263796Z  INFO consensus_core::block: 🛠️ [GENESIS DEBUG] Generated B0 for Auth AuthorityIndex(0) (KeyPrefix: [145, 70, 43, 98]): Hash=TjU0bSUY8KHY6u0jkTMGbX53pNYIckp+8ya7DChrH5k=, Timestamp=1700000000000ms[0m
[32m[INFO][Oct  8 07:00:31]  [RUST] 2026-10-08T07:00:31.263834Z  INFO consensus_core::threshold_clock: Recovered ThresholdClock at round 1[0m
[32m[INFO][Oct  8 07:00:31]  [RUST] 2026-10-08T07:00:31.264288Z  INFO consensus_core::dag_state::dag_state_impl: Recovering committed state from C63600(rUTf) CommitInfo { committed_rounds: [63600], reputation_scores: ReputationScores { scores_per_authority: [2852094820647174144], commit_range: CommitRange(63301..=63600) } }[0m
[32m[INFO][Oct  8 07:00:31]  [RUST] 2026-10-08T07:00:31.271500Z  INFO consensus_core::dag_state::dag_state_impl: DagState was initialized with the following state: Some(TrustedCommit { inner: V1(CommitV1 { index: 63849, previous_digest: 5zjXZA7mrbaceWIpy+18PGVmy8ajIJtx3ob9S8S9IIQ=, timestamp_ms: 1791434694562, leader: B63849([0],uFuEhKmi6vKnFMVUy2ecoIMLrVXYc7Yqnil5bpVjAr8=), blocks: [B63849([0],uFuEhKmi6vKnFMVUy2ecoIMLrVXYc7Yqnil5bpVjAr8=)], global_exec_index: 63849, leader_address: [126, 97, 94, 74, 80, 10, 180, 43, 123, 179, 253, 187, 98, 251, 184, 189, 16, 56, 95, 197] }), digest: qITBm5uCCK36C79gPnWm3MWh2WBPL5e5yvaL4tJyrjs=, serialized: b"\0i\xf9\0\0\xe78\xd7d\x0e\xe6\xad\xb6\x9cyb)\xcb\xed|<ef\xcb\xc6\xa3 \x9bq\xde\x86\xfdK\xc4\xbd \x84\xa2\x1f\xd4\x19\xa1\x01\0\0i\xf9\0\0\0\0\0\0\xb8[\x84\x84\xa9\xa2\xea\xf2\xa7\x14\xc5T\xcbg\x9c\xa0\x83\x0b\xadU\xd8s\xb6*\x9e)yn\x95c\x02\xbf\x01i\xf9\0\0\0\0\0\0\xb8[\x84\x84\xa9\xa2\xea\xf2\xa7\x14\xc5T\xcbg\x9c\xa0\x83\x0b\xadU\xd8s\xb6*\x9e)yn\x95c\x02\xbfi\xf9\0\0\0\0\0\0\x14~a^JP\n\xb4+{\xb3\xfd\xbbb\xfb\xb8\xbd\x108_\xc5" }); [63849]; 249 unscored committed subdags; 249 scored subdags[0m
[32m[INFO][Oct  8 07:00:31]  [RUST] 2026-10-08T07:00:31.273932Z  INFO consensus_core::dag_state::dag_state_impl: Recovering block commit statuses from commit index 63849 and backwards until leader of round <= gc_round 63649[0m
[32m[INFO][Oct  8 07:00:31]  [RUST] 2026-10-08T07:00:31.275427Z  INFO consensus_core::dag_state::dag_state_impl: Recovering finished, reached commit leader round 63649 <= gc_round 63649[0m
[32m[INFO][Oct  8 07:00:31]  [RUST] 2026-10-08T07:00:31.276230Z  INFO consensus_core::authority_node: 📊 [STARTUP] CommitConsumerMonitor aligned: go_handled=63705, dag_handled=63849, effective=63849[0m
[32m[INFO][Oct  8 07:00:31]  [RUST] 2026-10-08T07:00:31.276249Z  INFO consensus_core::authority_node: 🔴 [GUARD-POLICY] Recovery Mode (dag=63849, go=63705): RECOVERY-GUARD active. Waiting for 5 network CertifiedCommits to prove density before local evaluation.[0m
[32m[INFO][Oct  8 07:00:31]  [RUST] 2026-10-08T07:00:31.276351Z  INFO consensus_core::block: 🛠️ [GENESIS DEBUG] Generating genesis blocks for epoch 0 with timestamp 1700000000000ms. Committee size: 1[0m
[32m[INFO][Oct  8 07:00:31]  [RUST] 2026-10-08T07:00:31.276369Z  INFO consensus_core::block: 🛠️ [GENESIS DEBUG] Generated B0 for Auth AuthorityIndex(0) (KeyPrefix: [145, 70, 43, 98]): Hash=TjU0bSUY8KHY6u0jkTMGbX53pNYIckp+8ya7DChrH5k=, Timestamp=1700000000000ms[0m
[32m[INFO][Oct  8 07:00:31]  [RUST] 2026-10-08T07:00:31.276383Z  INFO consensus_core::authority_node: 📡 [AUTHORITY NODE] About to spawn ProposedBlockHandler, keeper receiver_count=2[0m
[32m[INFO][Oct  8 07:00:31]  [RUST] 2026-10-08T07:00:31.276396Z  INFO consensus_core::authority_node: Sync last known own block: false[0m
[32m[INFO][Oct  8 07:00:31]  [RUST] 2026-10-08T07:00:31.276494Z  INFO consensus_core::leader_schedule: LeaderSchedule recovered using LeaderSwapTable for CommitRange(63301..=63600), good_nodes: [] with stake: 0, bad_nodes: Map { iter: [] } with stake: 0. There are 249 committed subdags scored in DagState. schedule_confirmed=true[0m
[32m[INFO][Oct  8 07:00:31]  [RUST] 2026-10-08T07:00:31.276459Z  INFO consensus_core::proposed_block_handler: 🚀 [PROPOSED BLOCK HANDLER] RUN LOOP STARTED[0m
[33m[WARN][Oct  8 07:00:31]  [RUST] 2026-10-08T07:00:31.276544Z  WARN consensus_core::commit_observer: ⚠️ [ANTI-FORK] Hash mismatch detected! Hash from Go ([181, 39, 197, 112, 206, 117, 174, 30, 120, 28, 15, 192, 98, 212, 233, 26, 253, 117, 252, 102, 90, 254, 244, 140, 78, 164, 4, 73, 234, 113, 54, 155]) != Local hash at block 63705 ([81, 196, 159, 135, 11, 227, 255, 208, 77, 95, 78, 14, 223, 175, 22, 104, 141, 115, 167, 1, 5, 253, 200, 248, 169, 59, 59, 79, 172, 78, 56, 236]). Auto-aligning to local DAG hash (single source of truth) to prevent deadlock and preserve data.[0m
[32m[INFO][Oct  8 07:00:31]  [RUST] 2026-10-08T07:00:31.276599Z  INFO consensus_core::commit_observer: Recovering commit observer in the range [63706..=63849][0m
[32m[INFO][Oct  8 07:00:31]  [RUST] 2026-10-08T07:00:31.276489Z  INFO consensus_core::dag_state_actor: 🟢 [DAG-STATE-ACTOR] Started on dedicated thread[0m
[32m[INFO][Oct  8 07:00:31]  [RUST] 2026-10-08T07:00:31.276606Z  INFO metanode::node::setup_consensus: 🔄 [ANTI-FORK] Aligner callback triggered, calling Go to set hash to: 51c49f870be3ffd04d5f4e0edfaf16688d73a70105fdc8f8a93b3b4fac4e38ec[0m
[32m[INFO][Oct  8 07:00:31]  [RUST] 2026-10-08T07:00:31.276543Z  INFO consensus_core::commit_finalizer: 🚀 [COMMIT FINALIZER] RUN LOOP STARTED[0m
[32m[INFO][Oct  8 07:00:31]  [Go Server] 📥 Received SetLastExecutedCommitHashRequest[0m
[32m[INFO][Oct  8 07:00:31]  [RUST] 2026-10-08T07:00:31.276854Z  INFO consensus_core::commit_observer: Recovering 144 unsent commits in range [63706..=63849][0m
[32m[INFO][Oct  8 07:00:31]  ✅ [RPC] Aligned LastExecutedCommitHash to: 51c49f870be3ffd04d5f4e0edfaf16688d73a70105fdc8f8a93b3b4fac4e38ec[0m
[32m[INFO][Oct  8 07:00:31]  [RUST] 2026-10-08T07:00:31.277118Z  INFO metanode::node::executor_client::rpc_queries: ✅ [EXECUTOR-REQ] SetLastExecutedCommitHash successful[0m
[32m[INFO][Oct  8 07:00:31]  [RUST] 2026-10-08T07:00:31.278460Z  INFO consensus_core::commit_observer: Commit observer recovery [63706..=63849] completed, took 1.93897ms[0m
[32m[INFO][Oct  8 07:00:31]  [RUST] 2026-10-08T07:00:31.278519Z  INFO consensus_core::transaction_certifier: Recovering certifier state from round 63650[0m
[32m[INFO][Oct  8 07:00:31]  [RUST] 2026-10-08T07:00:31.280885Z  INFO consensus_core::transaction_certifier: Recovered and voting on 202 blocks from authority [0] node-0[0m
[32m[INFO][Oct  8 07:00:31]  [RUST] 2026-10-08T07:00:31.281364Z  INFO consensus_core::authority_node: Adaptive delay enabled: base_delay=25ms[0m
[32m[INFO][Oct  8 07:00:31]  [RUST] 2026-10-08T07:00:31.281461Z  INFO consensus_core::core::commit_manager: 🛡️ [PHASE-GUARD] Blocking local committer. Node is in Bootstrapping phase (startup_sync_active=true). Waiting for DAG to fully catch up.[0m
[33m[WARN][Oct  8 07:00:31]  [RUST] 2026-10-08T07:00:31.281486Z  WARN consensus_core::core::proposer: Skip proposing for round 63852: node phase is Bootstrapping[0m
[33m[WARN][Oct  8 07:00:31]  [RUST] 2026-10-08T07:00:31.281497Z  WARN consensus_core::core::proposer: Skip proposing for round 63852: node phase is Bootstrapping[0m
[32m[INFO][Oct  8 07:00:31]  [RUST] 2026-10-08T07:00:31.281519Z  INFO consensus_core::core: Core recovery completed with last proposed block B63851([0],LYqhQabe6fGNiwgYAlq75mClGm4e4xVHWYi5hH/RrOk=)([B63850([0],kQeb)];1791434695167ms;0t;1c)[0m
[32m[INFO][Oct  8 07:00:31]  [RUST] 2026-10-08T07:00:31.281601Z  INFO consensus_core::core_thread: 🚀 [CORE THREAD] Started core thread[0m
[32m[INFO][Oct  8 07:00:31]  [RUST] 2026-10-08T07:00:31.281616Z  INFO consensus_core::authority_node: ℹ️ [AUTHORITY START] No existing LegacyEpochStoreManager provided[0m
[32m[INFO][Oct  8 07:00:31]  [RUST] 2026-10-08T07:00:31.281632Z  INFO consensus_core::network::tonic_network: Starting tonic service[0m
🔧 [COMMIT-SYNCER-LOOP] ENTERED! phase=Bootstrapping, synced=63849, interval=[32m[INFO][Oct  8 07:00:31]  [RUST] 2026-10-08T07:00:31.281671Z  INFO consensus_core::commit_syncer: 🛡️ [SUPERVISOR] Starting CommitSyncer task...[0m
200[32m[INFO][Oct  8 07:00:31]  [RUST] 2026-10-08T07:00:31.281696Z  INFO consensus_core::commit_syncer: 🛡️ [SUPERVISOR] Pre-seeded CommitVoteMonitor with highest_handled=63705 before restart[0m
ms
[32m[INFO][Oct  8 07:00:31]  [RUST] 2026-10-08T07:00:31.281805Z  INFO consensus_core::commit_syncer: 🔗 [BASELINE] Fetching network schedule/digest data for boundary commit #63600 (current cycle: 212)[0m
[33m[WARN][Oct  8 07:00:31]  [RUST] 2026-10-08T07:00:31.281865Z  WARN consensus_core::commit_syncer: ⚠️ [BASELINE] Attempt 1/5: Failed to fetch baseline commit #63849 from network. Retrying in 1s...[0m
[32m[INFO][Oct  8 07:00:31]  [RUST] 2026-10-08T07:00:31.282196Z  INFO consensus_core::network::tonic_network: Server started at: 127.0.0.1:31001[0m
[32m[INFO][Oct  8 07:00:31]  [RUST] 2026-10-08T07:00:31.282212Z  INFO consensus_core::authority_node: ✅ [AUTHORITY NODE] Consensus authority started, took 61.875805ms[0m
[32m[INFO][Oct  8 07:00:31]  [RUST] 2026-10-08T07:00:31.282224Z  INFO metanode::node::setup_consensus: 🔍 [RECOVERY] Initiating block recovery check using the active consensus store instance...[0m
[32m[INFO][Oct  8 07:00:31]  [RUST] 2026-10-08T07:00:31.282232Z  INFO metanode::node::recovery: 🔍 [RECOVERY] Checking for missing blocks from index 85 (epoch_base=0)...[0m
[33m[WARN][Oct  8 07:00:31]  [RUST] 2026-10-08T07:00:31.282391Z  WARN consensus_core::core::proposer: Skip proposing for round 63852: node phase is Bootstrapping[0m
[33m[WARN][Oct  8 07:00:31]  [RUST] 2026-10-08T07:00:31.282555Z  WARN consensus_core::core::proposer: Skip proposing for round 63852: node phase is Bootstrapping[0m
[32m[INFO][Oct  8 07:00:31]  [RUST] 2026-10-08T07:00:31.282593Z  INFO metanode::node::recovery: 🔍 [RECOVERY] Scanning 144 commit(s) above Go's last commit 63705 (next GEI 85)...[0m
[32m[INFO][Oct  8 07:00:31]  [RUST] 2026-10-08T07:00:31.292170Z  INFO metanode::node::recovery: ✅ [RECOVERY] No missing commits found in local DB that need replaying.[0m
[32m[INFO][Oct  8 07:00:31]  [RUST] 2026-10-08T07:00:31.292199Z  INFO metanode::node::setup_consensus: ♻️ [TX RECYCLER] Created shared TxRecycler instance[0m
[32m[INFO][Oct  8 07:00:31]  [RUST] 2026-10-08T07:00:31.292253Z  INFO consensus_core::legacy_store: 📦 [LEGACY STORE] Creating LegacyEpochStoreManager with max_epochs=5[0m
[32m[INFO][Oct  8 07:00:31]  [RUST] 2026-10-08T07:00:31.292271Z  INFO metanode::node::epoch_transition_manager: 🔧 [STATE MANAGER] Initializing: epoch=0, mode=Validator[0m
[32m[INFO][Oct  8 07:00:31]  [RUST] 2026-10-08T07:00:31.292277Z  INFO metanode::node::consensus_node: 🔧 [STARTUP] Initialized StateTransitionManager: epoch=0, mode=Validator[0m
[32m[INFO][Oct  8 07:00:31]  [RUST] 2026-10-08T07:00:31.292268Z  INFO metanode::consensus::commit_processor::processor: 🛡️ [DIGEST-GATE] Initialized: committee_size=1, quorum_threshold=1, digest_verifier=true[0m
[32m[INFO][Oct  8 07:00:31]  [RUST] 2026-10-08T07:00:31.292305Z  INFO metanode::node::epoch_monitor: 🔄 [EPOCH MONITOR] Starting unified epoch monitor for node-0 (poll_interval=5s)[0m
[32m[INFO][Oct  8 07:00:31]  [RUST] 2026-10-08T07:00:31.292327Z  INFO metanode::node::consensus_node: 🔄 Started unified epoch monitor for Validator mode at epoch=0[0m
[32m[INFO][Oct  8 07:00:31]  [RUST] 2026-10-08T07:00:31.292334Z  INFO metanode::node::recovery: 🔍 [FORK DETECTION] Checking state (Epoch: 0, LastCommit: 84)[0m
[32m[INFO][Oct  8 07:00:31]  [RUST] 2026-10-08T07:00:31.292343Z  INFO metanode::node::consensus_node: ♻️ [TX RECYCLER] Background recycler task spawned[0m
[32m[INFO][Oct  8 07:00:31]  [RUST] 2026-10-08T07:00:31.292343Z  INFO metanode::consensus::commit_processor::wal: 📝 [WAL] Initialized FFI Write-Ahead Log at "/tmp/gate_4val_p06/parent/consensus/rust_consensus/commit_ffi_wal.log"[0m
[32m[INFO][Oct  8 07:00:31]  [RUST] 2026-10-08T07:00:31.292370Z  INFO metanode::node: ✅ Registered node in global transition handler registry[0m
[32m[INFO][Oct  8 07:00:31]  [RUST] 2026-10-08T07:00:31.292378Z  INFO metanode::node::startup: RPC server available at http://127.0.0.1:32901[0m
[32m[INFO][Oct  8 07:00:31]  [RUST] 2026-10-08T07:00:31.292383Z  INFO metanode::node::startup: ♻️ [TX RECYCLER] Injected into UDS server[0m
[32m[INFO][Oct  8 07:00:31]  [RUST] 2026-10-08T07:00:31.292388Z  INFO metanode::node::startup: FFI transaction interface initialized[0m
[32m[INFO][Oct  8 07:00:31]  [RUST] 2026-10-08T07:00:31.292395Z  INFO metanode::node::startup: 📡 [PEER RPC] Node reference injected for dynamic transaction routing[0m
[32m[INFO][Oct  8 07:00:31]  [RUST] 2026-10-08T07:00:31.292475Z  INFO metanode::node::setup_consensus: 🛡️ [DAG-GATE] Waiting for CommitSyncer to explicitly complete historical sync...[0m
[32m[INFO][Oct  8 07:00:31]  [RUST] 2026-10-08T07:00:31.292481Z  INFO metanode::node::block_delivery: 🚚 [STATION 4: DELIVERY] Started BlockDeliveryManager loop. Conveyor belt active.[0m
[32m[INFO][Oct  8 07:00:31]  [RUST] 2026-10-08T07:00:31.292610Z  INFO metanode::network::rpc: RPC server started on 127.0.0.1:32901 (supports HTTP POST and length-prefixed binary)[0m
[32m[INFO][Oct  8 07:00:31]  [RUST] 2026-10-08T07:00:31.292628Z  INFO metanode::network::peer_rpc::server: 🌐 [PEER RPC] Started on 0.0.0.0:31501 (node_id=0, network_address=127.0.0.1:31001)[0m
[32m[INFO][Oct  8 07:00:31]  [RUST] 2026-10-08T07:00:31.292636Z  INFO metanode::node::startup: 📡 [PEER RPC] Server started on 0.0.0.0:31501 for WAN sync[0m
[32m[INFO][Oct  8 07:00:31]  [RUST] 2026-10-08T07:00:31.292522Z  INFO metanode::consensus::tx_recycler: ♻️ [TX RECYCLER] Background recycler started (timeout=300s, max_retries=3)[0m
[32m[INFO][Oct  8 07:00:31]  [RUST] 2026-10-08T07:00:31.292697Z  INFO metanode::node::startup: ✅ [STARTUP] Node initialized. Entering supervisor loop.[0m
[32m[INFO][Oct  8 07:00:31]  [RUST] 2026-10-08T07:00:31.292830Z  INFO metanode::consensus::tx_recycler: 💾 [TX RECYCLER] Hydrated 2 pending transactions from disk[0m
[DIAG tx_recycler] pending=2 submitted=0 confirmed=0 recycled=0 expired=0 capacity_evicted=0
[33m[WARN][Oct  8 07:00:31]  [RUST] 2026-10-08T07:00:31.307228Z  WARN consensus_core::core::proposer: Skip proposing for round 63852: node phase is Bootstrapping[0m
[32m[INFO][Oct  8 07:00:31]  [RUST] 2026-10-08T07:00:31.326940Z  INFO metanode::consensus::commit_processor::processor: 🚀 [COMMIT PROCESSOR] PHASE-B: Go-Authoritative GEI. epoch=0, next_expected_index=63706[0m
[DIAG dispatch_commit] dispatched_txs=0 gei_guard_skips=0 gei_guard_skipped_txs=0[32m[INFO][Oct  8 07:00:31]  [RUST] 2026-10-08T07:00:31.326972Z  INFO metanode::consensus::commit_processor::processor: 🛡️ LagMonitor spawned for CommitProcessor.[0m
 fast_skip_empty=1[32m[INFO][Oct  8 07:00:31]  [RUST] 2026-10-08T07:00:31.326983Z  INFO metanode::consensus::commit_processor::processor: 📡 [COMMIT PROCESSOR] Waiting for commits from consensus...[0m

[32m[INFO][Oct  8 07:00:31]  [RUST] 2026-10-08T07:00:31.326994Z  INFO metanode::consensus::commit_processor::processor: 💓 [COMMIT PROCESSOR HEARTBEAT] Processed 63706 commits (last 1000 commits in 0s, pending_ooo=0, next_expected=63706)[0m
[32m[INFO][Oct  8 07:00:31]  [RUST] 2026-10-08T07:00:31.327014Z  INFO metanode::consensus::commit_processor::processor: [DIAG leader-addr] preembedded=1 resolved_ok=0 waiting_iters=0 out_of_bounds=0 invalid_len=0[0m
[32m[INFO][Oct  8 07:00:31]  [RUST] 2026-10-08T07:00:31.328431Z  INFO metanode::consensus::commit_processor::lag_monitor: 🛡️ [LAG-MONITOR] Started with moderate_threshold=100, severe_threshold=200[0m
[33m[WARN][Oct  8 07:00:31]  [RUST] 2026-10-08T07:00:31.482949Z  WARN consensus_core::core::proposer: Skip proposing for round 63852: node phase is Bootstrapping[0m
[33m[WARN][Oct  8 07:00:32]  [RUST] 2026-10-08T07:00:32.229597Z  WARN metanode::ffi: ⚠️ [FFI TX FLOW] Rust FFI channel is highly saturated! Capacity remaining: 128/10000[0m
[32m[INFO][Oct  8 07:00:32]  [RUST] 2026-10-08T07:00:32.229686Z  INFO metanode::ffi: 📊 [FFI TX METRICS] total_batches=1, total_bytes=336, channel_full_events=0, capacity_remaining=128/10000[0m
[33m[WARN][Oct  8 07:00:32]  [RUST] 2026-10-08T07:00:32.236426Z  WARN metanode::ffi: ⚠️ [FFI TX FLOW] Rust FFI channel is highly saturated! Capacity remaining: 128/10000[0m
[33m[WARN][Oct  8 07:00:32]  [RUST] 2026-10-08T07:00:32.282873Z  WARN consensus_core::commit_syncer: ⚠️ [BASELINE] Attempt 2/5: Failed to fetch baseline commit #63849 from network. Retrying in 1s...[0m
[33m[WARN][Oct  8 07:00:33]  [RUST] 2026-10-08T07:00:33.244670Z  WARN metanode::ffi: ⚠️ [FFI TX FLOW] Rust FFI channel is highly saturated! Capacity remaining: 128/10000[0m
[33m[WARN][Oct  8 07:00:33]  [RUST] 2026-10-08T07:00:33.251241Z  WARN metanode::ffi: ⚠️ [FFI TX FLOW] Rust FFI channel is highly saturated! Capacity remaining: 128/10000[0m
[33m[WARN][Oct  8 07:00:33]  [RUST] 2026-10-08T07:00:33.283750Z  WARN consensus_core::commit_syncer: ⚠️ [BASELINE] Attempt 3/5: Failed to fetch baseline commit #63849 from network. Retrying in 1s...[0m
[33m[WARN][Oct  8 07:00:34]  [RUST] 2026-10-08T07:00:34.284763Z  WARN consensus_core::commit_syncer: ⚠️ [BASELINE] Attempt 4/5: Failed to fetch baseline commit #63849 from network. Retrying in 1s...[0m
[33m[WARN][Oct  8 07:00:34]  [RUST] 2026-10-08T07:00:34.307522Z  WARN metanode::ffi: ⚠️ [FFI TX FLOW] Rust FFI channel is highly saturated! Capacity remaining: 128/10000[0m
[33m[WARN][Oct  8 07:00:34]  [RUST] 2026-10-08T07:00:34.314255Z  WARN metanode::ffi: ⚠️ [FFI TX FLOW] Rust FFI channel is highly saturated! Capacity remaining: 128/10000[0m
[33m[WARN][Oct  8 07:00:35]  [RUST] 2026-10-08T07:00:35.285889Z  WARN consensus_core::commit_syncer: ⚠️ [BASELINE] Attempt 5/5: Failed to fetch baseline commit #63849 from network. Retrying in 1s...[0m
[33m[WARN][Oct  8 07:00:35]  [RUST] 2026-10-08T07:00:35.358621Z  WARN metanode::ffi: ⚠️ [FFI TX FLOW] Rust FFI channel is highly saturated! Capacity remaining: 128/10000[0m
[33m[WARN][Oct  8 07:00:35]  [RUST] 2026-10-08T07:00:35.365248Z  WARN metanode::ffi: ⚠️ [FFI TX FLOW] Rust FFI channel is highly saturated! Capacity remaining: 128/10000[0m
[33m[WARN][Oct  8 07:00:36]  [RUST] 2026-10-08T07:00:36.282945Z  WARN consensus_core::core::proposer: Skip proposing for round 63852: node phase is Bootstrapping[0m
[33m[WARN][Oct  8 07:00:36]  [RUST] 2026-10-08T07:00:36.283095Z  WARN consensus_core::core::proposer: Skip proposing for round 63852: node phase is Bootstrapping[0m
[33m[WARN][Oct  8 07:00:36]  [RUST] 2026-10-08T07:00:36.287236Z  WARN consensus_core::commit_syncer: 🚨 [BASELINE] Failed to fetch baseline commit #63849 after 5 attempts. ALL peers unreachable (network partition?). Skipping baseline — entering ScheduleVerifying for natural rebuild. Fork-safe: no proposals until schedule is verified.[0m
[32m[INFO][Oct  8 07:00:36]  [RUST] 2026-10-08T07:00:36.287291Z  INFO consensus_core::commit_syncer: 🔍 [BOOTSTRAP] Actively polling peers to discover true quorum_commit_index...[0m
[32m[INFO][Oct  8 07:00:36]  [RUST] 2026-10-08T07:00:36.287306Z  INFO consensus_core::commit_syncer: ℹ️ [BOOTSTRAP] Single-node cluster detected. Skipping peer polling.[0m
[32m[INFO][Oct  8 07:00:36]  [RUST] 2026-10-08T07:00:36.287321Z  INFO consensus_core::commit_syncer: 🚀 [COMMIT-SYNCER] Starting with phase=Bootstrapping, interval=200ms[0m
[33m[WARN][Oct  8 07:00:36]  [RUST] 2026-10-08T07:00:36.288441Z  WARN consensus_core::commit_syncer: ⚠️ [RECOVERY-BARRIER] Lag is 0, but schedule_recovery_pending=true. Node restored from snapshot but failed to fetch baseline. MUST enter ScheduleVerifying to rebuild LeaderSchedule naturally.[0m
[32m[INFO][Oct  8 07:00:36]  [RUST] 2026-10-08T07:00:36.288477Z  INFO consensus_core::recovery_barrier: ✅ [RECOVERY-BARRIER] DagCatchingUp → ScheduleVerifying. DAG reached quorum. Waiting for a full 300-commit LeaderSchedule scoring cycle.[0m
[32m[INFO][Oct  8 07:00:36]  [RUST] 2026-10-08T07:00:36.288493Z  INFO consensus_core::commit_syncer::cold_start: 🚀 [BOOTSTRAP] Snapshot restore complete. quorum=63849, transitioning to CatchingUp.[0m
[32m[INFO][Oct  8 07:00:36]  [RUST] 2026-10-08T07:00:36.288505Z  INFO consensus_core::coordination_hub: 🔄 [HUB] Phase transition: Bootstrapping -> CatchingUp[0m
[DIAG tx_recycler] pending=4 submitted=2 confirmed=0 recycled=0 expired=0 capacity_evicted=0
[32m[INFO][Oct  8 07:00:36]  [RUST] 2026-10-08T07:00:36.488215Z  INFO consensus_core::commit_syncer::cold_start: ✅ [COMMIT-SYNCER] Mathematical parity reached (synced=63849 >= quorum=63849, network_synced=0) and RecoveryBarrier=Ready. Clearing startup_sync. Local committer will unlock after DAG density confirmed.[0m
[32m[INFO][Oct  8 07:00:36]  [RUST] 2026-10-08T07:00:36.488321Z  INFO consensus_core::coordination_hub: 🔓 [STARTUP-SYNC] Proposals UNLOCKED — sync complete[0m
[32m[INFO][Oct  8 07:00:36]  [RUST] 2026-10-08T07:00:36.488338Z  INFO consensus_core::coordination_hub: 🔄 [HUB] Phase transition: CatchingUp -> Healthy[0m
[32m[INFO][Oct  8 07:00:36]  [RUST] 2026-10-08T07:00:36.488445Z  INFO consensus_core::commit_syncer: 🛡️ [DAG-GC-GUARD] Transitioning to Healthy. Local committer will automatically remain blocked if it falls behind gc_round.[0m
[32m[INFO][Oct  8 07:00:36]  [RUST] 2026-10-08T07:00:36.488497Z  INFO consensus_core::commit_syncer: 🏃 [LIVENESS] Kicking Core to resume proposals after transitioning to Healthy...[0m
[32m[INFO][Oct  8 07:00:36]  [RUST] 2026-10-08T07:00:36.488767Z  INFO consensus_core::transaction: Proposing block with 8 transactions (2184 bytes). Limit reached: AllTransactionsIncluded[0m
[DIAG submit_no_wait] ok=1 gc=0 timeout=0
[33m[WARN][Oct  8 07:00:36]  [RUST] 2026-10-08T07:00:36.489521Z  WARN consensus_core::commit_finalizer: ⚠️ [COMMIT FINALIZER] Non-sequential commit: expected index 63706, got 63850. Gap of 144 commits (likely FORWARD-JUMP catch-up). Proceeding.[0m
[DIAG digest-gate] direct_ok=1 buffered=0 poll_recovered=0 dropped=0
[DIAG dispatch_commit] dispatched_txs=0 gei_guard_skips=0 gei_guard_skipped_txs=0 fast_skip_empty=145
[32m[INFO][Oct  8 07:00:36]  [RUST] 2026-10-08T07:00:36.492425Z  INFO metanode::consensus::commit_processor::processor: [DIAG leader-addr] preembedded=145 resolved_ok=0 waiting_iters=0 out_of_bounds=0 invalid_len=0[0m
[33m[WARN][Oct  8 07:00:36]  [RUST] 2026-10-08T07:00:36.592827Z  WARN metanode::ffi: ⚠️ [FFI TX FLOW] Rust FFI channel is highly saturated! Capacity remaining: 128/10000[0m
[33m[WARN][Oct  8 07:00:36]  [RUST] 2026-10-08T07:00:36.599514Z  WARN metanode::ffi: ⚠️ [FFI TX FLOW] Rust FFI channel is highly saturated! Capacity remaining: 128/10000[0m
[32m[INFO][Oct  8 07:00:36]  [RUST] 2026-10-08T07:00:36.689116Z  INFO consensus_core::commit_syncer: 🔗 [BASELINE] Fetching network schedule/digest data for boundary commit #63600 (current cycle: 212)[0m
[33m[WARN][Oct  8 07:00:36]  [RUST] 2026-10-08T07:00:36.689185Z  WARN consensus_core::commit_syncer: ⚠️ [BASELINE] Attempt 1/5: Failed to fetch baseline commit #63849 from network. Retrying in 1s...[0m
[32m[INFO][Oct  8 07:00:36]  [RUST] 2026-10-08T07:00:36.690468Z  INFO consensus_core::transaction: Proposing block with 2 transactions (546 bytes). Limit reached: AllTransactionsIncluded[0m
[32m[INFO][Oct  8 07:00:36]  [RUST] 2026-10-08T07:00:36.804905Z  INFO metanode::node::setup_consensus: ✅ [DAG-GATE] CommitSyncer explicitly unlocked node! Notifying SystemTransactionProvider.[0m
[32m[INFO][Oct  8 07:00:36]  [RUST] 2026-10-08T07:00:36.893779Z  INFO metanode::consensus::tx_recycler: ♻️ [TX RECYCLER] Confirmed 2 TXs from committed sub-DAG (4 still pending)[0m
[32m[INFO][Oct  8 07:00:36]  [RUST] 2026-10-08T07:00:36.893876Z  INFO metanode::node::executor_client::block_sending: 🔪 [FRAGMENT-BUILD] Built sorted TX list: input=8, filtered=0, deduped=6, final=2, system_txs=0[0m
[32m[INFO][Oct  8 07:00:36]  [RUST] 2026-10-08T07:00:36.893924Z  INFO metanode::node::executor_client::block_sending: 📊 [BLOCK-NUM-ASSIGN] Assigned block_number=85 for GEI=85, epoch=0, commit_idx=63852, txs_user=2, txs_sys=0[0m
[32m[INFO][Oct  8 07:00:36]  🔄 [FORCE COMMIT] Received ForceCommitRequest from Rust (reason: commit_g85_e0)[0m
2026/10/08 07:00:36 Parent Chain: Processing block 85 (GEI 85) with 2 txs
[32m[INFO][Oct  8 07:00:36]  [RUST] 2026-10-08T07:00:36.894252Z  INFO metanode::node::executor_client::rpc_queries: ✅ [EXECUTOR-REQ] ForceCommit successful: ForceCommit callback is not initialized[0m
[32m[INFO][Oct  8 07:00:37]  [RUST] 2026-10-08T07:00:37.128999Z  INFO metanode::consensus::tx_recycler: ♻️ [TX RECYCLER] Confirmed 2 TXs from committed sub-DAG (2 still pending)[0m
[32m[INFO][Oct  8 07:00:37]  🔄 [FORCE COMMIT] Received ForceCommitRequest from Rust (reason: commit_g86_e0)[0m
[32m[INFO][Oct  8 07:00:37]  [RUST] 2026-10-08T07:00:37.129378Z  INFO metanode::node::executor_client::rpc_queries: ✅ [EXECUTOR-REQ] ForceCommit successful: ForceCommit callback is not initialized[0m
2026/10/08 07:00:37 block_processor: tx 0x25e8438a rejected in block #85: errCode=215 err=RegisterAccount: float account: account already registered
2026/10/08 07:00:37 Parent Chain: Block #85 applied successfully: txs=2 receipts=2 hash=0x45a2ae3ed99d6e0e stateRoot=0x57b87f9910643ca7
[33m[WARN][Oct  8 07:00:37]  ⏱️ [FFI-TRACE] gei=85 stage=GO_CGO unmarshal_ns=16247 queue_to_resp_ns=273898893 serialize_ns=141436 total_ns=274060216[0m
[33m[WARN][Oct  8 07:00:37]  [RUST] 2026-10-08T07:00:37.168229Z  WARN metanode::node::executor_client::block_sending: ⏱️ [FFI-TRACE] gei=85 stage=RUST sched_ns=107286 cgo_ns=274100949 decode_ns=47819[0m
[33m[WARN][Oct  8 07:00:37]  [RUST] 2026-10-08T07:00:37.168294Z  WARN metanode::node::executor_client::block_sending: ⏱️ [PERF-RUST] FFI execute_block for gei 85 (size=643 bytes): 274.326418ms[0m
[32m[INFO][Oct  8 07:00:37]  [RUST] 2026-10-08T07:00:37.168315Z  INFO metanode::node::executor_client::block_sending: 💾 [BLOCK-SEND] Go computed StateRoot for GEI=85: 0x57b87f9910643ca78259e5f0f3aafbfa335ccbd55433f5ce39f3a8a688d1afda[0m
[DIAG block_delivery] ok_commits=1 ok_txs=8
[32m[INFO][Oct  8 07:00:37]  [RUST] 2026-10-08T07:00:37.168706Z  INFO metanode::node::executor_client::block_store: 💾 [BLOCK STORE] Stored 1 executable blocks (GEI 85→85)[0m
[33m[WARN][Oct  8 07:00:37]  [RUST] 2026-10-08T07:00:37.168737Z  WARN metanode::node::block_delivery: 🐌 [PERF-WARN] send_committed_subdag took 275.080654ms for commit 63852 (GEI=85). Go Execution is lagging![0m
[32m[INFO][Oct  8 07:00:37]  [RUST] 2026-10-08T07:00:37.168881Z  INFO metanode::node::executor_client::block_sending: 🔪 [FRAGMENT-BUILD] Built sorted TX list: input=2, filtered=0, deduped=0, final=2, system_txs=0[0m
[32m[INFO][Oct  8 07:00:37]  [RUST] 2026-10-08T07:00:37.168920Z  INFO metanode::node::executor_client::block_sending: 📊 [BLOCK-NUM-ASSIGN] Assigned block_number=86 for GEI=86, epoch=0, commit_idx=63853, txs_user=2, txs_sys=0[0m
2026/10/08 07:00:37 Parent Chain: Processing block 86 (GEI 86) with 2 txs
2026/10/08 07:00:37 block_processor: tx 0xdfd4bba3 rejected in block #86: errCode=215 err=RegisterAccount: float account: account already registered
2026/10/08 07:00:37 Parent Chain: Block #86 applied successfully: txs=2 receipts=2 hash=0x0ca558fc37b1d440 stateRoot=0x6428254ad6c0a1fc
[33m[WARN][Oct  8 07:00:37]  ⏱️ [FFI-TRACE] gei=86 stage=GO_CGO unmarshal_ns=15523 queue_to_resp_ns=12386864 serialize_ns=14655 total_ns=12428113[0m
[33m[WARN][Oct  8 07:00:37]  [RUST] 2026-10-08T07:00:37.181669Z  WARN metanode::node::executor_client::block_sending: ⏱️ [FFI-TRACE] gei=86 stage=RUST sched_ns=98042 cgo_ns=12469708 decode_ns=104865[0m
[33m[WARN][Oct  8 07:00:37]  [RUST] 2026-10-08T07:00:37.181743Z  WARN metanode::node::executor_client::block_sending: ⏱️ [PERF-RUST] FFI execute_block for gei 86 (size=643 bytes): 12.74919ms[0m
[32m[INFO][Oct  8 07:00:37]  [RUST] 2026-10-08T07:00:37.181763Z  INFO metanode::node::executor_client::block_sending: 💾 [BLOCK-SEND] Go computed StateRoot for GEI=86: 0x6428254ad6c0a1fcd524d88755540b8fb6073d2303569ef548c54fa74f3cf7fe[0m
[32m[INFO][Oct  8 07:00:37]  [RUST] 2026-10-08T07:00:37.182122Z  INFO metanode::node::executor_client::block_store: 💾 [BLOCK STORE] Stored 1 executable blocks (GEI 86→86)[0m
[33m[WARN][Oct  8 07:00:37]  [RUST] 2026-10-08T07:00:37.690571Z  WARN consensus_core::commit_syncer: ⚠️ [BASELINE] Attempt 2/5: Failed to fetch baseline commit #63849 from network. Retrying in 1s...[0m
[DIAG digest-gate] direct_ok=9 buffered=0 poll_recovered=0 dropped=0
[DIAG dispatch_commit] dispatched_txs=10 gei_guard_skips=0 gei_guard_skipped_txs=0 fast_skip_empty=151
[33m[WARN][Oct  8 07:00:38]  [RUST] 2026-10-08T07:00:38.691966Z  WARN consensus_core::commit_syncer: ⚠️ [BASELINE] Attempt 3/5: Failed to fetch baseline commit #63849 from network. Retrying in 1s...[0m
[33m[WARN][Oct  8 07:00:39]  [RUST] 2026-10-08T07:00:39.693362Z  WARN consensus_core::commit_syncer: ⚠️ [BASELINE] Attempt 4/5: Failed to fetch baseline commit #63849 from network. Retrying in 1s...[0m
[DIAG digest-gate] direct_ok=19 buffered=0 poll_recovered=0 dropped=0
[DIAG dispatch_commit] dispatched_txs=10 gei_guard_skips=0 gei_guard_skipped_txs=0 fast_skip_empty=161
[33m[WARN][Oct  8 07:00:40]  [RUST] 2026-10-08T07:00:40.694108Z  WARN consensus_core::commit_syncer: ⚠️ [BASELINE] Attempt 5/5: Failed to fetch baseline commit #63849 from network. Retrying in 1s...[0m
[32m[INFO][Oct  8 07:00:41]  [RUST] 2026-10-08T07:00:41.040888Z  INFO metanode::consensus::commit_processor::processor: [DIAG leader-addr] preembedded=167 resolved_ok=0 waiting_iters=0 out_of_bounds=0 invalid_len=0[0m
[DIAG tx_recycler] pending=2 submitted=4 confirmed=4 recycled=0 expired=0 capacity_evicted=0
[33m[WARN][Oct  8 07:00:41]  [RUST] 2026-10-08T07:00:41.695958Z  WARN consensus_core::commit_syncer: 🚨 [BASELINE] Failed to fetch baseline commit #63849 after 5 attempts. ALL peers unreachable (network partition?). Skipping baseline — entering ScheduleVerifying for natural rebuild. Fork-safe: no proposals until schedule is verified.[0m
[32m[INFO][Oct  8 07:00:41]  [RUST] 2026-10-08T07:00:41.696126Z  INFO consensus_core::commit_syncer: 🛡️ [UNIFIED STATE] Phase: Healthy | Local DAG Commit: 63875 | Synced: 63849 | Network Quorum: 63875 | Lag(dag): 0 | Lag(synced,gates-on-this): 26 | Block Source: CONSENSUS (Healthy)[0m
[32m[INFO][Oct  8 07:00:41]  [RUST] 2026-10-08T07:00:41.696158Z  INFO consensus_core::coordination_hub: 🔄 [HUB] Phase transition: Healthy -> CatchingUp[0m
[32m[INFO][Oct  8 07:00:41]  [RUST] 2026-10-08T07:00:41.696189Z  INFO consensus_core::coordination_hub: 🔄 [HUB] Phase transition: CatchingUp -> Healthy[0m
[32m[INFO][Oct  8 07:00:41]  [RUST] 2026-10-08T07:00:41.696196Z  INFO consensus_core::commit_syncer: 🛡️ [DAG-GC-GUARD] Transitioning to Healthy. Local committer will automatically remain blocked if it falls behind gc_round.[0m
[32m[INFO][Oct  8 07:00:41]  [RUST] 2026-10-08T07:00:41.696223Z  INFO consensus_core::commit_syncer: 🔗 [BASELINE] Fetching network schedule/digest data for boundary commit #63600 (current cycle: 212)[0m
[33m[WARN][Oct  8 07:00:41]  [RUST] 2026-10-08T07:00:41.696239Z  WARN consensus_core::commit_syncer: ⚠️ [BASELINE] Attempt 1/5: Failed to fetch baseline commit #63875 from network. Retrying in 1s...[0m
[32m[INFO][Oct  8 07:00:41]  [RUST] 2026-10-08T07:00:41.696265Z  INFO consensus_core::commit_syncer: 🏃 [LIVENESS] Kicking Core to resume proposals after transitioning to Healthy...[0m
[DIAG digest-gate] direct_ok=29 buffered=0 poll_recovered=0 dropped=0
[DIAG dispatch_commit] dispatched_txs=10 gei_guard_skips=0 gei_guard_skipped_txs=0 fast_skip_empty=171
[33m[WARN][Oct  8 07:00:42]  [RUST] 2026-10-08T07:00:42.697333Z  WARN consensus_core::commit_syncer: ⚠️ [BASELINE] Attempt 2/5: Failed to fetch baseline commit #63875 from network. Retrying in 1s...[0m
[33m[WARN][Oct  8 07:00:43]  [RUST] 2026-10-08T07:00:43.698411Z  WARN consensus_core::commit_syncer: ⚠️ [BASELINE] Attempt 3/5: Failed to fetch baseline commit #63875 from network. Retrying in 1s...[0m
[DIAG digest-gate] direct_ok=39 buffered=0 poll_recovered=0 dropped=0
[DIAG dispatch_commit] dispatched_txs=10 gei_guard_skips=0 gei_guard_skipped_txs=0 fast_skip_empty=181
[33m[WARN][Oct  8 07:00:44]  [RUST] 2026-10-08T07:00:44.700027Z  WARN consensus_core::commit_syncer: ⚠️ [BASELINE] Attempt 4/5: Failed to fetch baseline commit #63875 from network. Retrying in 1s...[0m
[33m[WARN][Oct  8 07:00:45]  [RUST] 2026-10-08T07:00:45.701307Z  WARN consensus_core::commit_syncer: ⚠️ [BASELINE] Attempt 5/5: Failed to fetch baseline commit #63875 from network. Retrying in 1s...[0m
[DIAG digest-gate] direct_ok=49 buffered=0 poll_recovered=0 dropped=0
[32m[INFO][Oct  8 07:00:46]  [RUST] 2026-10-08T07:00:46.140369Z  INFO metanode::consensus::commit_processor::processor: [DIAG leader-addr] preembedded=193 resolved_ok=0 waiting_iters=0 out_of_bounds=0 invalid_len=0[0m
[DIAG dispatch_commit] dispatched_txs=10 gei_guard_skips=0 gei_guard_skipped_txs=0 fast_skip_empty=191
[DIAG tx_recycler] pending=2 submitted=4 confirmed=4 recycled=0 expired=0 capacity_evicted=0
[33m[WARN][Oct  8 07:00:46]  [RUST] 2026-10-08T07:00:46.543421Z  WARN consensus_core::core::commit_manager: 🚫 [SCHEDULE-RECOVERY] DAG lacks 300 commits at schedule update boundary (commit_index=63900). Skipping LeaderSchedule update to prevent reputation score divergence. Local committer will remain permanently blocked for this epoch.[0m
[33m[WARN][Oct  8 07:00:46]  [RUST] 2026-10-08T07:00:46.702603Z  WARN consensus_core::commit_syncer: 🚨 [BASELINE] Failed to fetch baseline commit #63875 after 5 attempts. ALL peers unreachable (network partition?). Skipping baseline — entering ScheduleVerifying for natural rebuild. Fork-safe: no proposals until schedule is verified.[0m
[32m[INFO][Oct  8 07:00:46]  [RUST] 2026-10-08T07:00:46.702809Z  INFO consensus_core::commit_syncer: 🛡️ [UNIFIED STATE] Phase: Healthy | Local DAG Commit: 63900 | Synced: 63875 | Network Quorum: 63900 | Lag(dag): 0 | Lag(synced,gates-on-this): 25 | Block Source: CONSENSUS (Healthy)[0m
[32m[INFO][Oct  8 07:00:46]  [RUST] 2026-10-08T07:00:46.702867Z  INFO consensus_core::coordination_hub: 🔄 [HUB] Phase transition: Healthy -> CatchingUp[0m
[32m[INFO][Oct  8 07:00:46]  [RUST] 2026-10-08T07:00:46.702916Z  INFO consensus_core::coordination_hub: 🔄 [HUB] Phase transition: CatchingUp -> Healthy[0m
[32m[INFO][Oct  8 07:00:46]  [RUST] 2026-10-08T07:00:46.702934Z  INFO consensus_core::commit_syncer: 🛡️ [DAG-GC-GUARD] Transitioning to Healthy. Local committer will automatically remain blocked if it falls behind gc_round.[0m
[32m[INFO][Oct  8 07:00:46]  [RUST] 2026-10-08T07:00:46.703059Z  INFO consensus_core::commit_syncer: 🔗 [BASELINE] Fetching network schedule/digest data for boundary commit #63900 (current cycle: 213)[0m
[33m[WARN][Oct  8 07:00:46]  [RUST] 2026-10-08T07:00:46.703083Z  WARN consensus_core::commit_syncer: ⚠️ [BASELINE] Attempt 1/5: Failed to fetch baseline commit #63900 from network. Retrying in 1s...[0m
[32m[INFO][Oct  8 07:00:46]  [RUST] 2026-10-08T07:00:46.703106Z  INFO consensus_core::commit_syncer: 🏃 [LIVENESS] Kicking Core to resume proposals after transitioning to Healthy...[0m
[33m[WARN][Oct  8 07:00:47]  [RUST] 2026-10-08T07:00:47.704494Z  WARN consensus_core::commit_syncer: ⚠️ [BASELINE] Attempt 2/5: Failed to fetch baseline commit #63900 from network. Retrying in 1s...[0m
[DIAG digest-gate] direct_ok=59 buffered=0 poll_recovered=0 dropped=0
[DIAG dispatch_commit] dispatched_txs=10 gei_guard_skips=0 gei_guard_skipped_txs=0 fast_skip_empty=201
[33m[WARN][Oct  8 07:00:48]  [RUST] 2026-10-08T07:00:48.705760Z  WARN consensus_core::commit_syncer: ⚠️ [BASELINE] Attempt 3/5: Failed to fetch baseline commit #63900 from network. Retrying in 1s...[0m
[33m[WARN][Oct  8 07:00:49]  [RUST] 2026-10-08T07:00:49.706859Z  WARN consensus_core::commit_syncer: ⚠️ [BASELINE] Attempt 4/5: Failed to fetch baseline commit #63900 from network. Retrying in 1s...[0m
[DIAG digest-gate] direct_ok=69 buffered=0 poll_recovered=0 dropped=0
[DIAG dispatch_commit] dispatched_txs=10 gei_guard_skips=0 gei_guard_skipped_txs=0 fast_skip_empty=211
[33m[WARN][Oct  8 07:00:50]  [RUST] 2026-10-08T07:00:50.707907Z  WARN consensus_core::commit_syncer: ⚠️ [BASELINE] Attempt 5/5: Failed to fetch baseline commit #63900 from network. Retrying in 1s...[0m
[32m[INFO][Oct  8 07:00:51]  [RUST] 2026-10-08T07:00:51.141809Z  INFO metanode::consensus::commit_processor::processor: [DIAG leader-addr] preembedded=218 resolved_ok=0 waiting_iters=0 out_of_bounds=0 invalid_len=0[0m
[DIAG tx_recycler] pending=2 submitted=4 confirmed=4 recycled=0 expired=0 capacity_evicted=0
[33m[WARN][Oct  8 07:00:51]  [RUST] 2026-10-08T07:00:51.708705Z  WARN consensus_core::commit_syncer: 🚨 [BASELINE] Failed to fetch baseline commit #63900 after 5 attempts. ALL peers unreachable (network partition?). Skipping baseline — entering ScheduleVerifying for natural rebuild. Fork-safe: no proposals until schedule is verified.[0m
[32m[INFO][Oct  8 07:00:51]  [RUST] 2026-10-08T07:00:51.708861Z  INFO consensus_core::commit_syncer: 🛡️ [UNIFIED STATE] Phase: Healthy | Local DAG Commit: 63925 | Synced: 63900 | Network Quorum: 63925 | Lag(dag): 0 | Lag(synced,gates-on-this): 25 | Block Source: CONSENSUS (Healthy)[0m
[32m[INFO][Oct  8 07:00:51]  [RUST] 2026-10-08T07:00:51.708915Z  INFO consensus_core::coordination_hub: 🔄 [HUB] Phase transition: Healthy -> CatchingUp[0m
[32m[INFO][Oct  8 07:00:51]  [RUST] 2026-10-08T07:00:51.708936Z  INFO consensus_core::coordination_hub: 🔄 [HUB] Phase transition: CatchingUp -> Healthy[0m
[32m[INFO][Oct  8 07:00:51]  [RUST] 2026-10-08T07:00:51.708945Z  INFO consensus_core::commit_syncer: 🛡️ [DAG-GC-GUARD] Transitioning to Healthy. Local committer will automatically remain blocked if it falls behind gc_round.[0m
[32m[INFO][Oct  8 07:00:51]  [RUST] 2026-10-08T07:00:51.708966Z  INFO consensus_core::commit_syncer: 🔗 [BASELINE] Fetching network schedule/digest data for boundary commit #63900 (current cycle: 213)[0m
[33m[WARN][Oct  8 07:00:51]  [RUST] 2026-10-08T07:00:51.709021Z  WARN consensus_core::commit_syncer: ⚠️ [BASELINE] Attempt 1/5: Failed to fetch baseline commit #63925 from network. Retrying in 1s...[0m
[32m[INFO][Oct  8 07:00:51]  [RUST] 2026-10-08T07:00:51.709046Z  INFO consensus_core::commit_syncer: 🏃 [LIVENESS] Kicking Core to resume proposals after transitioning to Healthy...[0m
[DIAG digest-gate] direct_ok=79 buffered=0 poll_recovered=0 dropped=0
[DIAG dispatch_commit] dispatched_txs=10 gei_guard_skips=0 gei_guard_skipped_txs=0 fast_skip_empty=221
[33m[WARN][Oct  8 07:00:52]  [RUST] 2026-10-08T07:00:52.710720Z  WARN consensus_core::commit_syncer: ⚠️ [BASELINE] Attempt 2/5: Failed to fetch baseline commit #63925 from network. Retrying in 1s...[0m
[33m[WARN][Oct  8 07:00:53]  [RUST] 2026-10-08T07:00:53.711341Z  WARN consensus_core::commit_syncer: ⚠️ [BASELINE] Attempt 3/5: Failed to fetch baseline commit #63925 from network. Retrying in 1s...[0m
[DIAG digest-gate] direct_ok=89 buffered=0 poll_recovered=0 dropped=0
[DIAG dispatch_commit] dispatched_txs=10 gei_guard_skips=0 gei_guard_skipped_txs=0 fast_skip_empty=231
[33m[WARN][Oct  8 07:00:54]  [RUST] 2026-10-08T07:00:54.712176Z  WARN consensus_core::commit_syncer: ⚠️ [BASELINE] Attempt 4/5: Failed to fetch baseline commit #63925 from network. Retrying in 1s...[0m
[33m[WARN][Oct  8 07:00:55]  [RUST] 2026-10-08T07:00:55.714014Z  WARN consensus_core::commit_syncer: ⚠️ [BASELINE] Attempt 5/5: Failed to fetch baseline commit #63925 from network. Retrying in 1s...[0m
[DIAG digest-gate] direct_ok=99 buffered=0 poll_recovered=0 dropped=0
[32m[INFO][Oct  8 07:00:56]  [RUST] 2026-10-08T07:00:56.148075Z  INFO metanode::consensus::commit_processor::processor: [DIAG leader-addr] preembedded=243 resolved_ok=0 waiting_iters=0 out_of_bounds=0 invalid_len=0[0m
[DIAG dispatch_commit] dispatched_txs=10 gei_guard_skips=0 gei_guard_skipped_txs=0 fast_skip_empty=241
[DIAG tx_recycler] pending=2 submitted=4 confirmed=4 recycled=0 expired=0 capacity_evicted=0
[33m[WARN][Oct  8 07:00:56]  [RUST] 2026-10-08T07:00:56.715568Z  WARN consensus_core::commit_syncer: 🚨 [BASELINE] Failed to fetch baseline commit #63925 after 5 attempts. ALL peers unreachable (network partition?). Skipping baseline — entering ScheduleVerifying for natural rebuild. Fork-safe: no proposals until schedule is verified.[0m
[32m[INFO][Oct  8 07:00:56]  [RUST] 2026-10-08T07:00:56.715713Z  INFO consensus_core::commit_syncer: 🛡️ [UNIFIED STATE] Phase: Healthy | Local DAG Commit: 63950 | Synced: 63925 | Network Quorum: 63950 | Lag(dag): 0 | Lag(synced,gates-on-this): 25 | Block Source: CONSENSUS (Healthy)[0m
[32m[INFO][Oct  8 07:00:56]  [RUST] 2026-10-08T07:00:56.715750Z  INFO consensus_core::coordination_hub: 🔄 [HUB] Phase transition: Healthy -> CatchingUp[0m
[32m[INFO][Oct  8 07:00:56]  [RUST] 2026-10-08T07:00:56.715782Z  INFO consensus_core::coordination_hub: 🔄 [HUB] Phase transition: CatchingUp -> Healthy[0m
[32m[INFO][Oct  8 07:00:56]  [RUST] 2026-10-08T07:00:56.715800Z  INFO consensus_core::commit_syncer: 🛡️ [DAG-GC-GUARD] Transitioning to Healthy. Local committer will automatically remain blocked if it falls behind gc_round.[0m
[32m[INFO][Oct  8 07:00:56]  [RUST] 2026-10-08T07:00:56.715847Z  INFO consensus_core::commit_syncer: 🔗 [BASELINE] Fetching network schedule/digest data for boundary commit #63900 (current cycle: 213)[0m
[33m[WARN][Oct  8 07:00:56]  [RUST] 2026-10-08T07:00:56.715876Z  WARN consensus_core::commit_syncer: ⚠️ [BASELINE] Attempt 1/5: Failed to fetch baseline commit #63950 from network. Retrying in 1s...[0m
[32m[INFO][Oct  8 07:00:56]  [RUST] 2026-10-08T07:00:56.715902Z  INFO consensus_core::commit_syncer: 🏃 [LIVENESS] Kicking Core to resume proposals after transitioning to Healthy...[0m
[33m[WARN][Oct  8 07:00:57]  [RUST] 2026-10-08T07:00:57.716935Z  WARN consensus_core::commit_syncer: ⚠️ [BASELINE] Attempt 2/5: Failed to fetch baseline commit #63950 from network. Retrying in 1s...[0m
[DIAG digest-gate] direct_ok=109 buffered=0 poll_recovered=0 dropped=0
[DIAG dispatch_commit] dispatched_txs=10 gei_guard_skips=0 gei_guard_skipped_txs=0 fast_skip_empty=251
[33m[WARN][Oct  8 07:00:58]  [RUST] 2026-10-08T07:00:58.719030Z  WARN consensus_core::commit_syncer: ⚠️ [BASELINE] Attempt 3/5: Failed to fetch baseline commit #63950 from network. Retrying in 1s...[0m
[33m[WARN][Oct  8 07:00:59]  [RUST] 2026-10-08T07:00:59.720989Z  WARN consensus_core::commit_syncer: ⚠️ [BASELINE] Attempt 4/5: Failed to fetch baseline commit #63950 from network. Retrying in 1s...[0m
[DIAG digest-gate] direct_ok=119 buffered=0 poll_recovered=0 dropped=0
[DIAG dispatch_commit] dispatched_txs=10 gei_guard_skips=0 gei_guard_skipped_txs=0 fast_skip_empty=261
[33m[WARN][Oct  8 07:01:00]  [RUST] 2026-10-08T07:01:00.722824Z  WARN consensus_core::commit_syncer: ⚠️ [BASELINE] Attempt 5/5: Failed to fetch baseline commit #63950 from network. Retrying in 1s...[0m
[32m[INFO][Oct  8 07:01:01]  [RUST] 2026-10-08T07:01:01.179479Z  INFO metanode::consensus::commit_processor::processor: [DIAG leader-addr] preembedded=268 resolved_ok=0 waiting_iters=0 out_of_bounds=0 invalid_len=0[0m
[DIAG tx_recycler] pending=2 submitted=4 confirmed=4 recycled=0 expired=0 capacity_evicted=0
[33m[WARN][Oct  8 07:01:01]  [RUST] 2026-10-08T07:01:01.293531Z  WARN metanode::node::health_check: ⚠️ [HEALTH] No peers configured. Skipping health check.[0m
[32m[INFO][Oct  8 07:01:01]  [RUST] 2026-10-08T07:01:01.293606Z  INFO metanode::node::setup_consensus: ✅ [HEALTH] Post-recovery health check PASSED (attempt 1/3): HealthCheckResult { block_parity: true, gei_parity: true, state_root_match: true, committee_match: true }[0m
[33m[WARN][Oct  8 07:01:01]  [RUST] 2026-10-08T07:01:01.724033Z  WARN consensus_core::commit_syncer: 🚨 [BASELINE] Failed to fetch baseline commit #63950 after 5 attempts. ALL peers unreachable (network partition?). Skipping baseline — entering ScheduleVerifying for natural rebuild. Fork-safe: no proposals until schedule is verified.[0m
[32m[INFO][Oct  8 07:01:01]  [RUST] 2026-10-08T07:01:01.724109Z  INFO consensus_core::commit_syncer: 🛡️ [UNIFIED STATE] Phase: Healthy | Local DAG Commit: 63975 | Synced: 63950 | Network Quorum: 63975 | Lag(dag): 0 | Lag(synced,gates-on-this): 25 | Block Source: CONSENSUS (Healthy)[0m
[32m[INFO][Oct  8 07:01:01]  [RUST] 2026-10-08T07:01:01.724132Z  INFO consensus_core::coordination_hub: 🔄 [HUB] Phase transition: Healthy -> CatchingUp[0m
[32m[INFO][Oct  8 07:01:01]  [RUST] 2026-10-08T07:01:01.724150Z  INFO consensus_core::coordination_hub: 🔄 [HUB] Phase transition: CatchingUp -> Healthy[0m
[32m[INFO][Oct  8 07:01:01]  [RUST] 2026-10-08T07:01:01.724157Z  INFO consensus_core::commit_syncer: 🛡️ [DAG-GC-GUARD] Transitioning to Healthy. Local committer will automatically remain blocked if it falls behind gc_round.[0m
[32m[INFO][Oct  8 07:01:01]  [RUST] 2026-10-08T07:01:01.724194Z  INFO consensus_core::commit_syncer: 🔗 [BASELINE] Fetching network schedule/digest data for boundary commit #63900 (current cycle: 213)[0m
[33m[WARN][Oct  8 07:01:01]  [RUST] 2026-10-08T07:01:01.724213Z  WARN consensus_core::commit_syncer: ⚠️ [BASELINE] Attempt 1/5: Failed to fetch baseline commit #63975 from network. Retrying in 1s...[0m
[32m[INFO][Oct  8 07:01:01]  [RUST] 2026-10-08T07:01:01.724232Z  INFO consensus_core::commit_syncer: 🏃 [LIVENESS] Kicking Core to resume proposals after transitioning to Healthy...[0m
[DIAG dispatch_commit] dispatched_txs=10 gei_guard_skips=0 gei_guard_skipped_txs=0 fast_skip_empty=270
[DIAG digest-gate] direct_ok=129 buffered=0 poll_recovered=0 dropped=0
[33m[WARN][Oct  8 07:01:02]  [RUST] 2026-10-08T07:01:02.725372Z  WARN consensus_core::commit_syncer: ⚠️ [BASELINE] Attempt 2/5: Failed to fetch baseline commit #63975 from network. Retrying in 1s...[0m
[33m[WARN][Oct  8 07:01:03]  [RUST] 2026-10-08T07:01:03.726344Z  WARN consensus_core::commit_syncer: ⚠️ [BASELINE] Attempt 3/5: Failed to fetch baseline commit #63975 from network. Retrying in 1s...[0m
[DIAG digest-gate] direct_ok=139 buffered=0 poll_recovered=0 dropped=0
[DIAG dispatch_commit] dispatched_txs=10 gei_guard_skips=0 gei_guard_skipped_txs=0 fast_skip_empty=281
[33m[WARN][Oct  8 07:01:04]  [RUST] 2026-10-08T07:01:04.727130Z  WARN consensus_core::commit_syncer: ⚠️ [BASELINE] Attempt 4/5: Failed to fetch baseline commit #63975 from network. Retrying in 1s...[0m
[33m[WARN][Oct  8 07:01:05]  [RUST] 2026-10-08T07:01:05.728973Z  WARN consensus_core::commit_syncer: ⚠️ [BASELINE] Attempt 5/5: Failed to fetch baseline commit #63975 from network. Retrying in 1s...[0m
[DIAG digest-gate] direct_ok=149 buffered=0 poll_recovered=0 dropped=0
[32m[INFO][Oct  8 07:01:06]  [RUST] 2026-10-08T07:01:06.227039Z  INFO metanode::consensus::commit_processor::processor: [DIAG leader-addr] preembedded=293 resolved_ok=0 waiting_iters=0 out_of_bounds=0 invalid_len=0[0m
[DIAG dispatch_commit] dispatched_txs=10 gei_guard_skips=0 gei_guard_skipped_txs=0 fast_skip_empty=291
[DIAG tx_recycler] pending=2 submitted=4 confirmed=4 recycled=0 expired=0 capacity_evicted=0
[33m[WARN][Oct  8 07:01:06]  [RUST] 2026-10-08T07:01:06.730458Z  WARN consensus_core::commit_syncer: 🚨 [BASELINE] Failed to fetch baseline commit #63975 after 5 attempts. ALL peers unreachable (network partition?). Skipping baseline — entering ScheduleVerifying for natural rebuild. Fork-safe: no proposals until schedule is verified.[0m
[32m[INFO][Oct  8 07:01:06]  [RUST] 2026-10-08T07:01:06.730622Z  INFO consensus_core::commit_syncer: 🛡️ [UNIFIED STATE] Phase: Healthy | Local DAG Commit: 64000 | Synced: 63975 | Network Quorum: 64000 | Lag(dag): 0 | Lag(synced,gates-on-this): 25 | Block Source: CONSENSUS (Healthy)[0m
[32m[INFO][Oct  8 07:01:06]  [RUST] 2026-10-08T07:01:06.730646Z  INFO consensus_core::coordination_hub: 🔄 [HUB] Phase transition: Healthy -> CatchingUp[0m
[32m[INFO][Oct  8 07:01:06]  [RUST] 2026-10-08T07:01:06.730668Z  INFO consensus_core::coordination_hub: 🔄 [HUB] Phase transition: CatchingUp -> Healthy[0m
[32m[INFO][Oct  8 07:01:06]  [RUST] 2026-10-08T07:01:06.730678Z  INFO consensus_core::commit_syncer: 🛡️ [DAG-GC-GUARD] Transitioning to Healthy. Local committer will automatically remain blocked if it falls behind gc_round.[0m
[32m[INFO][Oct  8 07:01:06]  [RUST] 2026-10-08T07:01:06.730696Z  INFO consensus_core::commit_syncer: 🔗 [BASELINE] Fetching network schedule/digest data for boundary commit #63900 (current cycle: 213)[0m
[33m[WARN][Oct  8 07:01:06]  [RUST] 2026-10-08T07:01:06.730719Z  WARN consensus_core::commit_syncer: ⚠️ [BASELINE] Attempt 1/5: Failed to fetch baseline commit #64000 from network. Retrying in 1s...[0m
[32m[INFO][Oct  8 07:01:06]  [RUST] 2026-10-08T07:01:06.730743Z  INFO consensus_core::commit_syncer: 🏃 [LIVENESS] Kicking Core to resume proposals after transitioning to Healthy...[0m
[33m[WARN][Oct  8 07:01:07]  [RUST] 2026-10-08T07:01:07.731170Z  WARN consensus_core::commit_syncer: ⚠️ [BASELINE] Attempt 2/5: Failed to fetch baseline commit #64000 from network. Retrying in 1s...[0m
[DIAG digest-gate] direct_ok=159 buffered=0 poll_recovered=0 dropped=0
[DIAG dispatch_commit] dispatched_txs=10 gei_guard_skips=0 gei_guard_skipped_txs=0 fast_skip_empty=301
[33m[WARN][Oct  8 07:01:08]  [RUST] 2026-10-08T07:01:08.732100Z  WARN consensus_core::commit_syncer: ⚠️ [BASELINE] Attempt 3/5: Failed to fetch baseline commit #64000 from network. Retrying in 1s...[0m
[33m[WARN][Oct  8 07:01:09]  [RUST] 2026-10-08T07:01:09.733572Z  WARN consensus_core::commit_syncer: ⚠️ [BASELINE] Attempt 4/5: Failed to fetch baseline commit #64000 from network. Retrying in 1s...[0m
[DIAG digest-gate] direct_ok=169 buffered=0 poll_recovered=0 dropped=0
[DIAG dispatch_commit] dispatched_txs=10 gei_guard_skips=0 gei_guard_skipped_txs=0 fast_skip_empty=311
[33m[WARN][Oct  8 07:01:10]  [RUST] 2026-10-08T07:01:10.734632Z  WARN consensus_core::commit_syncer: ⚠️ [BASELINE] Attempt 5/5: Failed to fetch baseline commit #64000 from network. Retrying in 1s...[0m
[32m[INFO][Oct  8 07:01:11]  [RUST] 2026-10-08T07:01:11.172324Z  INFO metanode::consensus::commit_processor::processor: [DIAG leader-addr] preembedded=318 resolved_ok=0 waiting_iters=0 out_of_bounds=0 invalid_len=0[0m
[DIAG tx_recycler] pending=2 submitted=4 confirmed=4 recycled=0 expired=0 capacity_evicted=0
[33m[WARN][Oct  8 07:01:11]  [RUST] 2026-10-08T07:01:11.735404Z  WARN consensus_core::commit_syncer: 🚨 [BASELINE] Failed to fetch baseline commit #64000 after 5 attempts. ALL peers unreachable (network partition?). Skipping baseline — entering ScheduleVerifying for natural rebuild. Fork-safe: no proposals until schedule is verified.[0m
[32m[INFO][Oct  8 07:01:11]  [RUST] 2026-10-08T07:01:11.735530Z  INFO consensus_core::commit_syncer: 🛡️ [UNIFIED STATE] Phase: Healthy | Local DAG Commit: 64025 | Synced: 64000 | Network Quorum: 64025 | Lag(dag): 0 | Lag(synced,gates-on-this): 25 | Block Source: CONSENSUS (Healthy)[0m
[32m[INFO][Oct  8 07:01:11]  [RUST] 2026-10-08T07:01:11.735570Z  INFO consensus_core::coordination_hub: 🔄 [HUB] Phase transition: Healthy -> CatchingUp[0m
[32m[INFO][Oct  8 07:01:11]  [RUST] 2026-10-08T07:01:11.735592Z  INFO consensus_core::coordination_hub: 🔄 [HUB] Phase transition: CatchingUp -> Healthy[0m
[32m[INFO][Oct  8 07:01:11]  [RUST] 2026-10-08T07:01:11.735599Z  INFO consensus_core::commit_syncer: 🛡️ [DAG-GC-GUARD] Transitioning to Healthy. Local committer will automatically remain blocked if it falls behind gc_round.[0m
[32m[INFO][Oct  8 07:01:11]  [RUST] 2026-10-08T07:01:11.735630Z  INFO consensus_core::commit_syncer: 🔗 [BASELINE] Fetching network schedule/digest data for boundary commit #63900 (current cycle: 213)[0m
[33m[WARN][Oct  8 07:01:11]  [RUST] 2026-10-08T07:01:11.735644Z  WARN consensus_core::commit_syncer: ⚠️ [BASELINE] Attempt 1/5: Failed to fetch baseline commit #64025 from network. Retrying in 1s...[0m
[32m[INFO][Oct  8 07:01:11]  [RUST] 2026-10-08T07:01:11.735663Z  INFO consensus_core::commit_syncer: 🏃 [LIVENESS] Kicking Core to resume proposals after transitioning to Healthy...[0m
[DIAG digest-gate] direct_ok=179 buffered=0 poll_recovered=0 dropped=0
[DIAG dispatch_commit] dispatched_txs=10 gei_guard_skips=0 gei_guard_skipped_txs=0 fast_skip_empty=321
[33m[WARN][Oct  8 07:01:12]  [RUST] 2026-10-08T07:01:12.737039Z  WARN consensus_core::commit_syncer: ⚠️ [BASELINE] Attempt 2/5: Failed to fetch baseline commit #64025 from network. Retrying in 1s...[0m
[33m[WARN][Oct  8 07:01:13]  [RUST] 2026-10-08T07:01:13.738311Z  WARN consensus_core::commit_syncer: ⚠️ [BASELINE] Attempt 3/5: Failed to fetch baseline commit #64025 from network. Retrying in 1s...[0m
[DIAG digest-gate] direct_ok=188 buffered=0 poll_recovered=0 dropped=0
[DIAG dispatch_commit] dispatched_txs=10 gei_guard_skips=0 gei_guard_skipped_txs=0 fast_skip_empty=330
[33m[WARN][Oct  8 07:01:14]  [RUST] 2026-10-08T07:01:14.739662Z  WARN consensus_core::commit_syncer: ⚠️ [BASELINE] Attempt 4/5: Failed to fetch baseline commit #64025 from network. Retrying in 1s...[0m
[33m[WARN][Oct  8 07:01:15]  [RUST] 2026-10-08T07:01:15.740737Z  WARN consensus_core::commit_syncer: ⚠️ [BASELINE] Attempt 5/5: Failed to fetch baseline commit #64025 from network. Retrying in 1s...[0m
[DIAG digest-gate] direct_ok=199 buffered=0 poll_recovered=0 dropped=0
[DIAG dispatch_commit] dispatched_txs=10 gei_guard_skips=0 gei_guard_skipped_txs=0 fast_skip_empty=341
[32m[INFO][Oct  8 07:01:16]  [RUST] 2026-10-08T07:01:16.174984Z  INFO metanode::consensus::commit_processor::processor: [DIAG leader-addr] preembedded=343 resolved_ok=0 waiting_iters=0 out_of_bounds=0 invalid_len=0[0m
[DIAG tx_recycler] pending=2 submitted=4 confirmed=4 recycled=0 expired=0 capacity_evicted=0
[33m[WARN][Oct  8 07:01:16]  [RUST] 2026-10-08T07:01:16.741217Z  WARN consensus_core::commit_syncer: 🚨 [BASELINE] Failed to fetch baseline commit #64025 after 5 attempts. ALL peers unreachable (network partition?). Skipping baseline — entering ScheduleVerifying for natural rebuild. Fork-safe: no proposals until schedule is verified.[0m
[32m[INFO][Oct  8 07:01:16]  [RUST] 2026-10-08T07:01:16.741323Z  INFO consensus_core::commit_syncer: 🛡️ [UNIFIED STATE] Phase: Healthy | Local DAG Commit: 64050 | Synced: 64025 | Network Quorum: 64050 | Lag(dag): 0 | Lag(synced,gates-on-this): 25 | Block Source: CONSENSUS (Healthy)[0m
[32m[INFO][Oct  8 07:01:16]  [RUST] 2026-10-08T07:01:16.741351Z  INFO consensus_core::coordination_hub: 🔄 [HUB] Phase transition: Healthy -> CatchingUp[0m
[32m[INFO][Oct  8 07:01:16]  [RUST] 2026-10-08T07:01:16.741376Z  INFO consensus_core::coordination_hub: 🔄 [HUB] Phase transition: CatchingUp -> Healthy[0m
[32m[INFO][Oct  8 07:01:16]  [RUST] 2026-10-08T07:01:16.741385Z  INFO consensus_core::commit_syncer: 🛡️ [DAG-GC-GUARD] Transitioning to Healthy. Local committer will automatically remain blocked if it falls behind gc_round.[0m
[32m[INFO][Oct  8 07:01:16]  [RUST] 2026-10-08T07:01:16.741426Z  INFO consensus_core::commit_syncer: 🔗 [BASELINE] Fetching network schedule/digest data for boundary commit #63900 (current cycle: 213)[0m
[33m[WARN][Oct  8 07:01:16]  [RUST] 2026-10-08T07:01:16.741446Z  WARN consensus_core::commit_syncer: ⚠️ [BASELINE] Attempt 1/5: Failed to fetch baseline commit #64050 from network. Retrying in 1s...[0m
[32m[INFO][Oct  8 07:01:16]  [RUST] 2026-10-08T07:01:16.741473Z  INFO consensus_core::commit_syncer: 🏃 [LIVENESS] Kicking Core to resume proposals after transitioning to Healthy...[0m
[33m[WARN][Oct  8 07:01:17]  [RUST] 2026-10-08T07:01:17.742633Z  WARN consensus_core::commit_syncer: ⚠️ [BASELINE] Attempt 2/5: Failed to fetch baseline commit #64050 from network. Retrying in 1s...[0m
[DIAG digest-gate] direct_ok=209 buffered=0 poll_recovered=0 dropped=0
[DIAG dispatch_commit] dispatched_txs=10 gei_guard_skips=0 gei_guard_skipped_txs=0 fast_skip_empty=351
[33m[WARN][Oct  8 07:01:18]  [RUST] 2026-10-08T07:01:18.743733Z  WARN consensus_core::commit_syncer: ⚠️ [BASELINE] Attempt 3/5: Failed to fetch baseline commit #64050 from network. Retrying in 1s...[0m
[33m[WARN][Oct  8 07:01:19]  [RUST] 2026-10-08T07:01:19.745009Z  WARN consensus_core::commit_syncer: ⚠️ [BASELINE] Attempt 4/5: Failed to fetch baseline commit #64050 from network. Retrying in 1s...[0m
[DIAG digest-gate] direct_ok=219 buffered=0 poll_recovered=0 dropped=0
[DIAG dispatch_commit] dispatched_txs=10 gei_guard_skips=0 gei_guard_skipped_txs=0 fast_skip_empty=361
[33m[WARN][Oct  8 07:01:20]  [RUST] 2026-10-08T07:01:20.746903Z  WARN consensus_core::commit_syncer: ⚠️ [BASELINE] Attempt 5/5: Failed to fetch baseline commit #64050 from network. Retrying in 1s...[0m
[32m[INFO][Oct  8 07:01:21]  [RUST] 2026-10-08T07:01:21.176882Z  INFO metanode::consensus::commit_processor::processor: [DIAG leader-addr] preembedded=368 resolved_ok=0 waiting_iters=0 out_of_bounds=0 invalid_len=0[0m
[DIAG tx_recycler] pending=2 submitted=4 confirmed=4 recycled=0 expired=0 capacity_evicted=0
[33m[WARN][Oct  8 07:01:21]  [RUST] 2026-10-08T07:01:21.748858Z  WARN consensus_core::commit_syncer: 🚨 [BASELINE] Failed to fetch baseline commit #64050 after 5 attempts. ALL peers unreachable (network partition?). Skipping baseline — entering ScheduleVerifying for natural rebuild. Fork-safe: no proposals until schedule is verified.[0m
[32m[INFO][Oct  8 07:01:21]  [RUST] 2026-10-08T07:01:21.748959Z  INFO consensus_core::commit_syncer: 🛡️ [UNIFIED STATE] Phase: Healthy | Local DAG Commit: 64075 | Synced: 64050 | Network Quorum: 64075 | Lag(dag): 0 | Lag(synced,gates-on-this): 25 | Block Source: CONSENSUS (Healthy)[0m
[32m[INFO][Oct  8 07:01:21]  [RUST] 2026-10-08T07:01:21.749024Z  INFO consensus_core::coordination_hub: 🔄 [HUB] Phase transition: Healthy -> CatchingUp[0m
[32m[INFO][Oct  8 07:01:21]  [RUST] 2026-10-08T07:01:21.749041Z  INFO consensus_core::coordination_hub: 🔄 [HUB] Phase transition: CatchingUp -> Healthy[0m
[32m[INFO][Oct  8 07:01:21]  [RUST] 2026-10-08T07:01:21.749054Z  INFO consensus_core::commit_syncer: 🛡️ [DAG-GC-GUARD] Transitioning to Healthy. Local committer will automatically remain blocked if it falls behind gc_round.[0m
[32m[INFO][Oct  8 07:01:21]  [RUST] 2026-10-08T07:01:21.749070Z  INFO consensus_core::commit_syncer: 🔗 [BASELINE] Fetching network schedule/digest data for boundary commit #63900 (current cycle: 213)[0m
[33m[WARN][Oct  8 07:01:21]  [RUST] 2026-10-08T07:01:21.749092Z  WARN consensus_core::commit_syncer: ⚠️ [BASELINE] Attempt 1/5: Failed to fetch baseline commit #64075 from network. Retrying in 1s...[0m
[32m[INFO][Oct  8 07:01:21]  [RUST] 2026-10-08T07:01:21.749108Z  INFO consensus_core::commit_syncer: 🏃 [LIVENESS] Kicking Core to resume proposals after transitioning to Healthy...[0m
[DIAG digest-gate] direct_ok=229 buffered=0 poll_recovered=0 dropped=0
[DIAG dispatch_commit] dispatched_txs=10 gei_guard_skips=0 gei_guard_skipped_txs=0 fast_skip_empty=371
[33m[WARN][Oct  8 07:01:22]  [RUST] 2026-10-08T07:01:22.750679Z  WARN consensus_core::commit_syncer: ⚠️ [BASELINE] Attempt 2/5: Failed to fetch baseline commit #64075 from network. Retrying in 1s...[0m
[33m[WARN][Oct  8 07:01:23]  [RUST] 2026-10-08T07:01:23.751335Z  WARN consensus_core::commit_syncer: ⚠️ [BASELINE] Attempt 3/5: Failed to fetch baseline commit #64075 from network. Retrying in 1s...[0m
[DIAG digest-gate] direct_ok=239 buffered=0 poll_recovered=0 dropped=0
[DIAG dispatch_commit] dispatched_txs=10 gei_guard_skips=0 gei_guard_skipped_txs=0 fast_skip_empty=381
[33m[WARN][Oct  8 07:01:24]  [RUST] 2026-10-08T07:01:24.752140Z  WARN consensus_core::commit_syncer: ⚠️ [BASELINE] Attempt 4/5: Failed to fetch baseline commit #64075 from network. Retrying in 1s...[0m
[33m[WARN][Oct  8 07:01:25]  [RUST] 2026-10-08T07:01:25.753549Z  WARN consensus_core::commit_syncer: ⚠️ [BASELINE] Attempt 5/5: Failed to fetch baseline commit #64075 from network. Retrying in 1s...[0m
[DIAG digest-gate] direct_ok=249 buffered=0 poll_recovered=0 dropped=0
[DIAG dispatch_commit] dispatched_txs=10 gei_guard_skips=0 gei_guard_skipped_txs=0 fast_skip_empty=391
[32m[INFO][Oct  8 07:01:26]  [RUST] 2026-10-08T07:01:26.190224Z  INFO metanode::consensus::commit_processor::processor: [DIAG leader-addr] preembedded=393 resolved_ok=0 waiting_iters=0 out_of_bounds=0 invalid_len=0[0m
[DIAG tx_recycler] pending=2 submitted=4 confirmed=4 recycled=0 expired=0 capacity_evicted=0
[33m[WARN][Oct  8 07:01:26]  [RUST] 2026-10-08T07:01:26.754541Z  WARN consensus_core::commit_syncer: 🚨 [BASELINE] Failed to fetch baseline commit #64075 after 5 attempts. ALL peers unreachable (network partition?). Skipping baseline — entering ScheduleVerifying for natural rebuild. Fork-safe: no proposals until schedule is verified.[0m
[32m[INFO][Oct  8 07:01:26]  [RUST] 2026-10-08T07:01:26.754767Z  INFO consensus_core::commit_syncer: 🛡️ [UNIFIED STATE] Phase: Healthy | Local DAG Commit: 64100 | Synced: 64075 | Network Quorum: 64100 | Lag(dag): 0 | Lag(synced,gates-on-this): 25 | Block Source: CONSENSUS (Healthy)[0m
[32m[INFO][Oct  8 07:01:26]  [RUST] 2026-10-08T07:01:26.754808Z  INFO consensus_core::coordination_hub: 🔄 [HUB] Phase transition: Healthy -> CatchingUp[0m
[32m[INFO][Oct  8 07:01:26]  [RUST] 2026-10-08T07:01:26.754843Z  INFO consensus_core::coordination_hub: 🔄 [HUB] Phase transition: CatchingUp -> Healthy[0m
[32m[INFO][Oct  8 07:01:26]  [RUST] 2026-10-08T07:01:26.754859Z  INFO consensus_core::commit_syncer: 🛡️ [DAG-GC-GUARD] Transitioning to Healthy. Local committer will automatically remain blocked if it falls behind gc_round.[0m
[32m[INFO][Oct  8 07:01:26]  [RUST] 2026-10-08T07:01:26.754883Z  INFO consensus_core::commit_syncer: 🔗 [BASELINE] Fetching network schedule/digest data for boundary commit #63900 (current cycle: 213)[0m
[33m[WARN][Oct  8 07:01:26]  [RUST] 2026-10-08T07:01:26.754901Z  WARN consensus_core::commit_syncer: ⚠️ [BASELINE] Attempt 1/5: Failed to fetch baseline commit #64100 from network. Retrying in 1s...[0m
[32m[INFO][Oct  8 07:01:26]  [RUST] 2026-10-08T07:01:26.754925Z  INFO consensus_core::commit_syncer: 🏃 [LIVENESS] Kicking Core to resume proposals after transitioning to Healthy...[0m
[33m[WARN][Oct  8 07:01:27]  [RUST] 2026-10-08T07:01:27.756103Z  WARN consensus_core::commit_syncer: ⚠️ [BASELINE] Attempt 2/5: Failed to fetch baseline commit #64100 from network. Retrying in 1s...[0m
[DIAG digest-gate] direct_ok=259 buffered=0 poll_recovered=0 dropped=0
[DIAG dispatch_commit] dispatched_txs=10 gei_guard_skips=0 gei_guard_skipped_txs=0 fast_skip_empty=401
[33m[WARN][Oct  8 07:01:28]  [RUST] 2026-10-08T07:01:28.758134Z  WARN consensus_core::commit_syncer: ⚠️ [BASELINE] Attempt 3/5: Failed to fetch baseline commit #64100 from network. Retrying in 1s...[0m
[33m[WARN][Oct  8 07:01:29]  [RUST] 2026-10-08T07:01:29.759662Z  WARN consensus_core::commit_syncer: ⚠️ [BASELINE] Attempt 4/5: Failed to fetch baseline commit #64100 from network. Retrying in 1s...[0m
[DIAG digest-gate] direct_ok=269 buffered=0 poll_recovered=0 dropped=0
[DIAG dispatch_commit] dispatched_txs=10 gei_guard_skips=0 gei_guard_skipped_txs=0 fast_skip_empty=411
[33m[WARN][Oct  8 07:01:30]  [RUST] 2026-10-08T07:01:30.760853Z  WARN consensus_core::commit_syncer: ⚠️ [BASELINE] Attempt 5/5: Failed to fetch baseline commit #64100 from network. Retrying in 1s...[0m
[32m[INFO][Oct  8 07:01:31]  [RUST] 2026-10-08T07:01:31.190628Z  INFO metanode::consensus::commit_processor::processor: [DIAG leader-addr] preembedded=418 resolved_ok=0 waiting_iters=0 out_of_bounds=0 invalid_len=0[0m
[DIAG tx_recycler] pending=2 submitted=4 confirmed=4 recycled=0 expired=0 capacity_evicted=0
[32m[INFO][Oct  8 07:01:31]  [RUST] 2026-10-08T07:01:31.294711Z  INFO metanode::consensus::tx_recycler: ♻️ [TX RECYCLER STATS] pending=2, submitted=4, confirmed=4, recycled=0, expired=0, capacity_evicted=0[0m
[33m[WARN][Oct  8 07:01:31]  [RUST] 2026-10-08T07:01:31.761108Z  WARN consensus_core::commit_syncer: 🚨 [BASELINE] Failed to fetch baseline commit #64100 after 5 attempts. ALL peers unreachable (network partition?). Skipping baseline — entering ScheduleVerifying for natural rebuild. Fork-safe: no proposals until schedule is verified.[0m
[32m[INFO][Oct  8 07:01:31]  [RUST] 2026-10-08T07:01:31.761251Z  INFO consensus_core::commit_syncer: 🛡️ [UNIFIED STATE] Phase: Healthy | Local DAG Commit: 64125 | Synced: 64100 | Network Quorum: 64125 | Lag(dag): 0 | Lag(synced,gates-on-this): 25 | Block Source: CONSENSUS (Healthy)[0m
[32m[INFO][Oct  8 07:01:31]  [RUST] 2026-10-08T07:01:31.761285Z  INFO consensus_core::coordination_hub: 🔄 [HUB] Phase transition: Healthy -> CatchingUp[0m
[32m[INFO][Oct  8 07:01:31]  [RUST] 2026-10-08T07:01:31.761316Z  INFO consensus_core::coordination_hub: 🔄 [HUB] Phase transition: CatchingUp -> Healthy[0m
[32m[INFO][Oct  8 07:01:31]  [RUST] 2026-10-08T07:01:31.761326Z  INFO consensus_core::commit_syncer: 🛡️ [DAG-GC-GUARD] Transitioning to Healthy. Local committer will automatically remain blocked if it falls behind gc_round.[0m
[32m[INFO][Oct  8 07:01:31]  [RUST] 2026-10-08T07:01:31.761356Z  INFO consensus_core::commit_syncer: 🔗 [BASELINE] Fetching network schedule/digest data for boundary commit #63900 (current cycle: 213)[0m
[33m[WARN][Oct  8 07:01:31]  [RUST] 2026-10-08T07:01:31.761390Z  WARN consensus_core::commit_syncer: ⚠️ [BASELINE] Attempt 1/5: Failed to fetch baseline commit #64125 from network. Retrying in 1s...[0m
[32m[INFO][Oct  8 07:01:31]  [RUST] 2026-10-08T07:01:31.761429Z  INFO consensus_core::commit_syncer: 🏃 [LIVENESS] Kicking Core to resume proposals after transitioning to Healthy...[0m
[DIAG digest-gate] direct_ok=279 buffered=0 poll_recovered=0 dropped=0
[DIAG dispatch_commit] dispatched_txs=10 gei_guard_skips=0 gei_guard_skipped_txs=0 fast_skip_empty=421
[33m[WARN][Oct  8 07:01:32]  [RUST] 2026-10-08T07:01:32.763026Z  WARN consensus_core::commit_syncer: ⚠️ [BASELINE] Attempt 2/5: Failed to fetch baseline commit #64125 from network. Retrying in 1s...[0m
[33m[WARN][Oct  8 07:01:33]  [RUST] 2026-10-08T07:01:33.764873Z  WARN consensus_core::commit_syncer: ⚠️ [BASELINE] Attempt 3/5: Failed to fetch baseline commit #64125 from network. Retrying in 1s...[0m
[DIAG digest-gate] direct_ok=288 buffered=0 poll_recovered=0 dropped=0
[DIAG dispatch_commit] dispatched_txs=10 gei_guard_skips=0 gei_guard_skipped_txs=0 fast_skip_empty=430
[33m[WARN][Oct  8 07:01:34]  [RUST] 2026-10-08T07:01:34.765320Z  WARN consensus_core::commit_syncer: ⚠️ [BASELINE] Attempt 4/5: Failed to fetch baseline commit #64125 from network. Retrying in 1s...[0m
[33m[WARN][Oct  8 07:01:35]  [RUST] 2026-10-08T07:01:35.766533Z  WARN consensus_core::commit_syncer: ⚠️ [BASELINE] Attempt 5/5: Failed to fetch baseline commit #64125 from network. Retrying in 1s...[0m
[DIAG digest-gate] direct_ok=298 buffered=0 poll_recovered=0 dropped=0
[32m[INFO][Oct  8 07:01:36]  [RUST] 2026-10-08T07:01:36.011350Z  INFO metanode::consensus::commit_processor::processor: [DIAG leader-addr] preembedded=442 resolved_ok=0 waiting_iters=0 out_of_bounds=0 invalid_len=0[0m
[DIAG dispatch_commit] dispatched_txs=10 gei_guard_skips=0 gei_guard_skipped_txs=0 fast_skip_empty=440
[DIAG tx_recycler] pending=2 submitted=4 confirmed=4 recycled=0 expired=0 capacity_evicted=0
[33m[WARN][Oct  8 07:01:36]  [RUST] 2026-10-08T07:01:36.767663Z  WARN consensus_core::commit_syncer: 🚨 [BASELINE] Failed to fetch baseline commit #64125 after 5 attempts. ALL peers unreachable (network partition?). Skipping baseline — entering ScheduleVerifying for natural rebuild. Fork-safe: no proposals until schedule is verified.[0m
[32m[INFO][Oct  8 07:01:36]  [RUST] 2026-10-08T07:01:36.767848Z  INFO consensus_core::commit_syncer: 🛡️ [UNIFIED STATE] Phase: Healthy | Local DAG Commit: 64150 | Synced: 64125 | Network Quorum: 64150 | Lag(dag): 0 | Lag(synced,gates-on-this): 25 | Block Source: CONSENSUS (Healthy)[0m
[32m[INFO][Oct  8 07:01:36]  [RUST] 2026-10-08T07:01:36.767907Z  INFO consensus_core::coordination_hub: 🔄 [HUB] Phase transition: Healthy -> CatchingUp[0m
[32m[INFO][Oct  8 07:01:36]  [RUST] 2026-10-08T07:01:36.767954Z  INFO consensus_core::coordination_hub: 🔄 [HUB] Phase transition: CatchingUp -> Healthy[0m
[32m[INFO][Oct  8 07:01:36]  [RUST] 2026-10-08T07:01:36.767971Z  INFO consensus_core::commit_syncer: 🛡️ [DAG-GC-GUARD] Transitioning to Healthy. Local committer will automatically remain blocked if it falls behind gc_round.[0m
[32m[INFO][Oct  8 07:01:36]  [RUST] 2026-10-08T07:01:36.768030Z  INFO consensus_core::commit_syncer: 🔗 [BASELINE] Fetching network schedule/digest data for boundary commit #63900 (current cycle: 213)[0m
[33m[WARN][Oct  8 07:01:36]  [RUST] 2026-10-08T07:01:36.768066Z  WARN consensus_core::commit_syncer: ⚠️ [BASELINE] Attempt 1/5: Failed to fetch baseline commit #64150 from network. Retrying in 1s...[0m
[32m[INFO][Oct  8 07:01:36]  [RUST] 2026-10-08T07:01:36.768109Z  INFO consensus_core::commit_syncer: 🏃 [LIVENESS] Kicking Core to resume proposals after transitioning to Healthy...[0m
[33m[WARN][Oct  8 07:01:37]  [RUST] 2026-10-08T07:01:37.769621Z  WARN consensus_core::commit_syncer: ⚠️ [BASELINE] Attempt 2/5: Failed to fetch baseline commit #64150 from network. Retrying in 1s...[0m
[DIAG digest-gate] direct_ok=309 buffered=0 poll_recovered=0 dropped=0
[DIAG dispatch_commit] dispatched_txs=10 gei_guard_skips=0 gei_guard_skipped_txs=0 fast_skip_empty=451
[33m[WARN][Oct  8 07:01:38]  [RUST] 2026-10-08T07:01:38.770776Z  WARN consensus_core::commit_syncer: ⚠️ [BASELINE] Attempt 3/5: Failed to fetch baseline commit #64150 from network. Retrying in 1s...[0m
[33m[WARN][Oct  8 07:01:39]  [RUST] 2026-10-08T07:01:39.771113Z  WARN consensus_core::commit_syncer: ⚠️ [BASELINE] Attempt 4/5: Failed to fetch baseline commit #64150 from network. Retrying in 1s...[0m
[DIAG digest-gate] direct_ok=319 buffered=0 poll_recovered=0 dropped=0
[DIAG dispatch_commit] dispatched_txs=10 gei_guard_skips=0 gei_guard_skipped_txs=0 fast_skip_empty=461
[33m[WARN][Oct  8 07:01:40]  [RUST] 2026-10-08T07:01:40.772200Z  WARN consensus_core::commit_syncer: ⚠️ [BASELINE] Attempt 5/5: Failed to fetch baseline commit #64150 from network. Retrying in 1s...[0m
[32m[INFO][Oct  8 07:01:41]  [RUST] 2026-10-08T07:01:41.008918Z  INFO metanode::consensus::commit_processor::processor: [DIAG leader-addr] preembedded=467 resolved_ok=0 waiting_iters=0 out_of_bounds=0 invalid_len=0[0m
[DIAG tx_recycler] pending=2 submitted=4 confirmed=4 recycled=0 expired=0 capacity_evicted=0
[33m[WARN][Oct  8 07:01:41]  [RUST] 2026-10-08T07:01:41.773385Z  WARN consensus_core::commit_syncer: 🚨 [BASELINE] Failed to fetch baseline commit #64150 after 5 attempts. ALL peers unreachable (network partition?). Skipping baseline — entering ScheduleVerifying for natural rebuild. Fork-safe: no proposals until schedule is verified.[0m
[32m[INFO][Oct  8 07:01:41]  [RUST] 2026-10-08T07:01:41.773575Z  INFO consensus_core::commit_syncer: 🛡️ [UNIFIED STATE] Phase: Healthy | Local DAG Commit: 64175 | Synced: 64150 | Network Quorum: 64175 | Lag(dag): 0 | Lag(synced,gates-on-this): 25 | Block Source: CONSENSUS (Healthy)[0m
[32m[INFO][Oct  8 07:01:41]  [RUST] 2026-10-08T07:01:41.773611Z  INFO consensus_core::coordination_hub: 🔄 [HUB] Phase transition: Healthy -> CatchingUp[0m
[32m[INFO][Oct  8 07:01:41]  [RUST] 2026-10-08T07:01:41.773640Z  INFO consensus_core::coordination_hub: 🔄 [HUB] Phase transition: CatchingUp -> Healthy[0m
[32m[INFO][Oct  8 07:01:41]  [RUST] 2026-10-08T07:01:41.773652Z  INFO consensus_core::commit_syncer: 🛡️ [DAG-GC-GUARD] Transitioning to Healthy. Local committer will automatically remain blocked if it falls behind gc_round.[0m
[32m[INFO][Oct  8 07:01:41]  [RUST] 2026-10-08T07:01:41.773717Z  INFO consensus_core::commit_syncer: 🔗 [BASELINE] Fetching network schedule/digest data for boundary commit #63900 (current cycle: 213)[0m
[33m[WARN][Oct  8 07:01:41]  [RUST] 2026-10-08T07:01:41.773738Z  WARN consensus_core::commit_syncer: ⚠️ [BASELINE] Attempt 1/5: Failed to fetch baseline commit #64175 from network. Retrying in 1s...[0m
[32m[INFO][Oct  8 07:01:41]  [RUST] 2026-10-08T07:01:41.773763Z  INFO consensus_core::commit_syncer: 🏃 [LIVENESS] Kicking Core to resume proposals after transitioning to Healthy...[0m
[DIAG digest-gate] direct_ok=329 buffered=0 poll_recovered=0 dropped=0
[DIAG dispatch_commit] dispatched_txs=10 gei_guard_skips=0 gei_guard_skipped_txs=0 fast_skip_empty=471
[33m[WARN][Oct  8 07:01:42]  [RUST] 2026-10-08T07:01:42.774488Z  WARN consensus_core::commit_syncer: ⚠️ [BASELINE] Attempt 2/5: Failed to fetch baseline commit #64175 from network. Retrying in 1s...[0m
[33m[WARN][Oct  8 07:01:43]  [RUST] 2026-10-08T07:01:43.776037Z  WARN consensus_core::commit_syncer: ⚠️ [BASELINE] Attempt 3/5: Failed to fetch baseline commit #64175 from network. Retrying in 1s...[0m
[DIAG digest-gate] direct_ok=339 buffered=0 poll_recovered=0 dropped=0
[DIAG dispatch_commit] dispatched_txs=10 gei_guard_skips=0 gei_guard_skipped_txs=0 fast_skip_empty=481
[33m[WARN][Oct  8 07:01:44]  [RUST] 2026-10-08T07:01:44.777252Z  WARN consensus_core::commit_syncer: ⚠️ [BASELINE] Attempt 4/5: Failed to fetch baseline commit #64175 from network. Retrying in 1s...[0m
[33m[WARN][Oct  8 07:01:45]  [RUST] 2026-10-08T07:01:45.778653Z  WARN consensus_core::commit_syncer: ⚠️ [BASELINE] Attempt 5/5: Failed to fetch baseline commit #64175 from network. Retrying in 1s...[0m
[DIAG digest-gate] direct_ok=348 buffered=0 poll_recovered=0 dropped=0
[32m[INFO][Oct  8 07:01:46]  [RUST] 2026-10-08T07:01:46.015248Z  INFO metanode::consensus::commit_processor::processor: [DIAG leader-addr] preembedded=492 resolved_ok=0 waiting_iters=0 out_of_bounds=0 invalid_len=0[0m
[DIAG dispatch_commit] dispatched_txs=10 gei_guard_skips=0 gei_guard_skipped_txs=0 fast_skip_empty=490
[DIAG tx_recycler] pending=2 submitted=4 confirmed=4 recycled=0 expired=0 capacity_evicted=0
[33m[WARN][Oct  8 07:01:46]  [RUST] 2026-10-08T07:01:46.619781Z  WARN consensus_core::core::commit_manager: 🚫 [SCHEDULE-RECOVERY] DAG lacks 300 commits at schedule update boundary (commit_index=64200). Skipping LeaderSchedule update to prevent reputation score divergence. Local committer will remain permanently blocked for this epoch.[0m
[33m[WARN][Oct  8 07:01:46]  [RUST] 2026-10-08T07:01:46.779128Z  WARN consensus_core::commit_syncer: 🚨 [BASELINE] Failed to fetch baseline commit #64175 after 5 attempts. ALL peers unreachable (network partition?). Skipping baseline — entering ScheduleVerifying for natural rebuild. Fork-safe: no proposals until schedule is verified.[0m
[32m[INFO][Oct  8 07:01:46]  [RUST] 2026-10-08T07:01:46.779278Z  INFO consensus_core::commit_syncer: 🛡️ [UNIFIED STATE] Phase: Healthy | Local DAG Commit: 64200 | Synced: 64175 | Network Quorum: 64200 | Lag(dag): 0 | Lag(synced,gates-on-this): 25 | Block Source: CONSENSUS (Healthy)[0m
[32m[INFO][Oct  8 07:01:46]  [RUST] 2026-10-08T07:01:46.779420Z  INFO consensus_core::coordination_hub: 🔄 [HUB] Phase transition: Healthy -> CatchingUp[0m
[32m[INFO][Oct  8 07:01:46]  [RUST] 2026-10-08T07:01:46.779468Z  INFO consensus_core::coordination_hub: 🔄 [HUB] Phase transition: CatchingUp -> Healthy[0m
[32m[INFO][Oct  8 07:01:46]  [RUST] 2026-10-08T07:01:46.779491Z  INFO consensus_core::commit_syncer: 🛡️ [DAG-GC-GUARD] Transitioning to Healthy. Local committer will automatically remain blocked if it falls behind gc_round.[0m
[32m[INFO][Oct  8 07:01:46]  [RUST] 2026-10-08T07:01:46.779531Z  INFO consensus_core::commit_syncer: 🔗 [BASELINE] Fetching network schedule/digest data for boundary commit #64200 (current cycle: 214)[0m
[33m[WARN][Oct  8 07:01:46]  [RUST] 2026-10-08T07:01:46.779560Z  WARN consensus_core::commit_syncer: ⚠️ [BASELINE] Attempt 1/5: Failed to fetch baseline commit #64200 from network. Retrying in 1s...[0m
[32m[INFO][Oct  8 07:01:46]  [RUST] 2026-10-08T07:01:46.779599Z  INFO consensus_core::commit_syncer: 🏃 [LIVENESS] Kicking Core to resume proposals after transitioning to Healthy...[0m
[33m[WARN][Oct  8 07:01:47]  [RUST] 2026-10-08T07:01:47.780773Z  WARN consensus_core::commit_syncer: ⚠️ [BASELINE] Attempt 2/5: Failed to fetch baseline commit #64200 from network. Retrying in 1s...[0m
[DIAG digest-gate] direct_ok=359 buffered=0 poll_recovered=0 dropped=0
[DIAG dispatch_commit] dispatched_txs=10 gei_guard_skips=0 gei_guard_skipped_txs=0 fast_skip_empty=501
[33m[WARN][Oct  8 07:01:48]  [RUST] 2026-10-08T07:01:48.781268Z  WARN consensus_core::commit_syncer: ⚠️ [BASELINE] Attempt 3/5: Failed to fetch baseline commit #64200 from network. Retrying in 1s...[0m
[33m[WARN][Oct  8 07:01:49]  [RUST] 2026-10-08T07:01:49.782506Z  WARN consensus_core::commit_syncer: ⚠️ [BASELINE] Attempt 4/5: Failed to fetch baseline commit #64200 from network. Retrying in 1s...[0m
[DIAG digest-gate] direct_ok=368 buffered=0 poll_recovered=0 dropped=0
[DIAG dispatch_commit] dispatched_txs=10 gei_guard_skips=0 gei_guard_skipped_txs=0 fast_skip_empty=510
[33m[WARN][Oct  8 07:01:50]  [RUST] 2026-10-08T07:01:50.783095Z  WARN consensus_core::commit_syncer: ⚠️ [BASELINE] Attempt 5/5: Failed to fetch baseline commit #64200 from network. Retrying in 1s...[0m
[32m[INFO][Oct  8 07:01:51]  [RUST] 2026-10-08T07:01:51.018968Z  INFO metanode::consensus::commit_processor::processor: [DIAG leader-addr] preembedded=517 resolved_ok=0 waiting_iters=0 out_of_bounds=0 invalid_len=0[0m
[DIAG tx_recycler] pending=2 submitted=4 confirmed=4 recycled=0 expired=0 capacity_evicted=0
[33m[WARN][Oct  8 07:01:51]  [RUST] 2026-10-08T07:01:51.784196Z  WARN consensus_core::commit_syncer: 🚨 [BASELINE] Failed to fetch baseline commit #64200 after 5 attempts. ALL peers unreachable (network partition?). Skipping baseline — entering ScheduleVerifying for natural rebuild. Fork-safe: no proposals until schedule is verified.[0m
[32m[INFO][Oct  8 07:01:51]  [RUST] 2026-10-08T07:01:51.784315Z  INFO consensus_core::commit_syncer: 🛡️ [UNIFIED STATE] Phase: Healthy | Local DAG Commit: 64225 | Synced: 64200 | Network Quorum: 64225 | Lag(dag): 0 | Lag(synced,gates-on-this): 25 | Block Source: CONSENSUS (Healthy)[0m
[32m[INFO][Oct  8 07:01:51]  [RUST] 2026-10-08T07:01:51.784381Z  INFO consensus_core::coordination_hub: 🔄 [HUB] Phase transition: Healthy -> CatchingUp[0m
[32m[INFO][Oct  8 07:01:51]  [RUST] 2026-10-08T07:01:51.784410Z  INFO consensus_core::coordination_hub: 🔄 [HUB] Phase transition: CatchingUp -> Healthy[0m
[32m[INFO][Oct  8 07:01:51]  [RUST] 2026-10-08T07:01:51.784422Z  INFO consensus_core::commit_syncer: 🛡️ [DAG-GC-GUARD] Transitioning to Healthy. Local committer will automatically remain blocked if it falls behind gc_round.[0m
[32m[INFO][Oct  8 07:01:51]  [RUST] 2026-10-08T07:01:51.784450Z  INFO consensus_core::commit_syncer: 🔗 [BASELINE] Fetching network schedule/digest data for boundary commit #64200 (current cycle: 214)[0m
[33m[WARN][Oct  8 07:01:51]  [RUST] 2026-10-08T07:01:51.784470Z  WARN consensus_core::commit_syncer: ⚠️ [BASELINE] Attempt 1/5: Failed to fetch baseline commit #64225 from network. Retrying in 1s...[0m
[32m[INFO][Oct  8 07:01:51]  [RUST] 2026-10-08T07:01:51.784496Z  INFO consensus_core::commit_syncer: 🏃 [LIVENESS] Kicking Core to resume proposals after transitioning to Healthy...[0m
[DIAG digest-gate] direct_ok=379 buffered=0 poll_recovered=0 dropped=0
[DIAG dispatch_commit] dispatched_txs=10 gei_guard_skips=0 gei_guard_skipped_txs=0 fast_skip_empty=521
[33m[WARN][Oct  8 07:01:52]  [RUST] 2026-10-08T07:01:52.786060Z  WARN consensus_core::commit_syncer: ⚠️ [BASELINE] Attempt 2/5: Failed to fetch baseline commit #64225 from network. Retrying in 1s...[0m
