[State Cleaner Thread] Started.
2026/10/08 07:07:28 Starting Parent Chain Node...
[nomt_ffi] Detected existing HT file for path '/tmp/gate_4val_p06/parent/parentchain_db/nomt' with 64000 pages (requested 64000). Overriding.
2026/10/08 07:07:28 🔍 [PARENT-CHAIN-STARTUP] NOMT state root verified with block #84: 0x7570d0a370e0b03336f7fd82fbc3edaa5e8a85acd6162235a2afde1b66b14e00
⚠️ Warning: Genesis has 1 validators (< 4). Minimum 4 required for BFT quorum in production.
2026/10/08 07:07:28 Loaded genesis from /tmp/gate_4val_p06/parent/parent_genesis.json: chain_id=991, validators=1
2026/10/08 07:07:28 ⚠️ open_cluster_registration=true: ANY key may register as a cluster and certify deposits (devnet only)
2026/10/08 07:07:28 Genesis float: 2 account(s) will be created in block 1
2026/10/08 07:07:28 ⚠️ allow_deposit_to_float=true: clusters can MINT float (devnet only)
2026/10/08 07:07:28 Parent Chain: Recovered at block #84 (GEI 84), stateRoot=0x7570d0a370e0b03336f7fd82fbc3edaa5e8a85acd6162235a2afde1b66b14e00
2026/10/08 07:07:28 Initializing FFI Bridge...
2026/10/08 07:07:28 Loaded last block #84 from DBStore (state_root=0x7570d0a370e0b03336f7fd82fbc3edaa5e8a85acd6162235a2afde1b66b14e00, commit_index=63705)
[32m[INFO][Oct  8 07:07:28]  ✅ [INIT-DEBUG] SetBlockchainInitDone() CALLED! flag=1 (should be 1), lastBlockNumber=84[0m
2026/10/08 07:07:28 Starting Parent Chain RPC server on :31601
Starting MetaNode Consensus Engine via CGo FFI. Config: /tmp/gate_4val_p06/parent/node_parent.toml
[32m[INFO][Oct  8 07:07:28]  [FFI Bridge] Starting MetaNode Consensus Engine via CGo FFI[0m
[33m[WARN][Oct  8 07:07:28]  [FFI Bridge] MetaNode Consensus Engine exited[0m
[32m[INFO][Oct  8 07:07:28]  [RUST] 2026-10-08T07:07:28.281656Z  INFO metanode::ffi: Starting MetaNode Consensus Engine (FFI Thread)...[0m
[32m[INFO][Oct  8 07:07:28]  [RUST] 2026-10-08T07:07:28.281891Z  INFO metanode::liveness_watchdog: 🐕 [LIVENESS WATCHDOG] started (timeout=30s) -- see liveness_watchdog.rs doc comment / project memory Phuong an A mục 21[0m
[32m[INFO][Oct  8 07:07:28]  [RUST] 2026-10-08T07:07:28.293649Z  INFO metanode::ffi: Storage path unified to Go data dir: "/tmp/gate_4val_p06/parent/consensus/rust_consensus"[0m
[32m[INFO][Oct  8 07:07:28]  [RUST] 2026-10-08T07:07:28.293694Z  INFO metanode::ffi: Node ID: 0[0m
[32m[INFO][Oct  8 07:07:28]  [RUST] 2026-10-08T07:07:28.293706Z  INFO metanode::ffi: Network address: 127.0.0.1:31001[0m
[32m[INFO][Oct  8 07:07:28]  [RUST] 2026-10-08T07:07:28.293785Z  INFO metanode::node::startup: 🔌 [STARTUP] Early FFI Transaction Channel initialized to prevent Go deadlocks.[0m
[32m[INFO][Oct  8 07:07:28]  [RUST] 2026-10-08T07:07:28.293964Z  INFO metanode::node::startup: Metrics server started at http://127.0.0.1:31901/metrics[0m
[32m[INFO][Oct  8 07:07:28]  [RUST] 2026-10-08T07:07:28.294083Z  INFO metanode::node::consensus_node: Initializing consensus node 0...[0m
[32m[INFO][Oct  8 07:07:28]  [RUST] 2026-10-08T07:07:28.294167Z  INFO metanode::node::setup_storage: 🚀 [STARTUP] Loading latest block, epoch and committee from Go state...[0m
[32m[INFO][Oct  8 07:07:28]  [RUST] 2026-10-08T07:07:28.294194Z  INFO metanode::node::executor_client: 🔧 [EXECUTOR CLIENT] Creating executor client: initial_next_expected=1, storage_path=Some("/tmp/gate_4val_p06/parent/consensus/rust_consensus")[0m
[32m[INFO][Oct  8 07:07:28]  [RUST] 2026-10-08T07:07:28.294234Z  INFO metanode::node::executor_client::connection_pool: 🏊 [CONN POOL] Created NO-OP pool (FFI mode — connections bypassed)[0m
[32m[INFO][Oct  8 07:07:28]  [RUST] 2026-10-08T07:07:28.295533Z  INFO metanode::node::setup_storage: ✅ [STARTUP] Got block number 84 from Go (is_ready=true) (attempt 1)[0m
[32m[INFO][Oct  8 07:07:28]  [RUST] 2026-10-08T07:07:28.295624Z  INFO metanode::node::setup_storage: ✅ [STARTUP] Got epoch 0 from Go (block=84)[0m
[32m[INFO][Oct  8 07:07:28]  [RUST] 2026-10-08T07:07:28.295632Z  INFO metanode::node::setup_storage: 📋 [STARTUP] Using LOCAL Go epoch 0 (skipping peer discovery to prevent deadlock)[0m
[32m[INFO][Oct  8 07:07:28]  [RUST] 2026-10-08T07:07:28.295638Z  INFO metanode::node::setup_storage: 📊 [STARTUP] Go State: Block 84, Epoch 0 (peer_block=84)[0m
[32m[INFO][Oct  8 07:07:28]  [RUST] 2026-10-08T07:07:28.295690Z  INFO metanode::node::setup_storage: 📊 [STARTUP] Using epoch 0 (synced with Go)[0m
[32m[INFO][Oct  8 07:07:28]  [Go Server] Received GetEpochBoundaryDataRequest (unified epoch boundary) for epoch 0[0m
[32m[INFO][Oct  8 07:07:28]  📊 [EPOCH BOUNDARY] Handling GetEpochBoundaryDataRequest%!(EXTRA string=epoch, uint64=0)[0m
[32m[INFO][Oct  8 07:07:28]  [Go Server] GetEpochBoundaryDataRequest handled, sending EpochBoundaryData with epoch=0, timestamp_ms=1700000000000, boundary_block=0, validator_count=1[0m
[32m[INFO][Oct  8 07:07:28]  [RUST] 2026-10-08T07:07:28.296086Z  INFO metanode::node::executor_client::rpc_queries_epoch: 📥 [EXECUTOR-REQ] Received 282 bytes from Go FFI (GetEpochBoundaryData), decoding...[0m
[32m[INFO][Oct  8 07:07:28]  [RUST] 2026-10-08T07:07:28.296124Z  INFO metanode::node::executor_client::rpc_queries_epoch: ✅ [EPOCH BOUNDARY] Received unified epoch boundary data from Go FFI: epoch=0, timestamp_ms=1700000000000, boundary_block=0, validator_count=1[0m
[32m[INFO][Oct  8 07:07:28]  [RUST] 2026-10-08T07:07:28.296147Z  INFO metanode::node::executor_client::rpc_queries_epoch: 📥 [RUST←GO] EpochBoundaryData Validator[0]: address=0x7e615e4a500AB42b7Bb3FdBb62Fbb8Bd10385fC5, stake=1000000000000000000, name=node-0, authority_key=91462b62f7ff7c3532805f3e9c874d013000967414dc16520f...[0m
[32m[INFO][Oct  8 07:07:28]  [RUST] 2026-10-08T07:07:28.296162Z  INFO metanode::node::setup_storage: ✅ [STARTUP] Got epoch boundary data for epoch 0 from Go (epoch_duration=86400s, boundary_gei=0)[0m
[32m[INFO][Oct  8 07:07:28]  [RUST] 2026-10-08T07:07:28.296169Z  INFO metanode::node::setup_storage: 📊 [STARTUP] Using epoch boundary data: epoch=0, boundary_block=0, epoch_timestamp=1700000000000ms, validators=1, boundary_gei=0[0m
[32m[INFO][Oct  8 07:07:28]  [RUST] 2026-10-08T07:07:28.296321Z  INFO metanode::node::committee: 📊 Built committee with 1 authorities and 1 eth_addresses for epoch 0[0m
[32m[INFO][Oct  8 07:07:28]  [RUST] 2026-10-08T07:07:28.296337Z  INFO metanode::node::setup_storage: ✅ Loaded committee with 1 authorities and 1 eth_addresses (from epoch boundary). Committee hash=355ccff787b55d59... (epoch 0)[0m
[32m[INFO][Oct  8 07:07:28]  [RUST] 2026-10-08T07:07:28.296347Z  INFO metanode::node::setup_storage:   📋 [COMMITTEE] Validator 0: ETH=0x7e615e4a500ab42b7bb3fdbb62fbb8bd10385fc5, Protocol=7cdfc1340f0f1728c4de1725ca3c6791882316547a336ee3a5ba1cabb5fce3b6, Network=8d9fe40cd34f06c657503dbc15cc4c2cb67ebc26426c426852f741f33811bee8[0m
[32m[INFO][Oct  8 07:07:28]  [Go Server] 📥 Received GetLastHandledCommitIndexRequest (GO-AUTH GEI recovery)[0m
[33m[WARN][Oct  8 07:07:28]  BlockChain instance has not been initialized. Call InitBlockChain() first.[0m
[32m[INFO][Oct  8 07:07:28]  🔑 [GO-AUTH GEI] Recovery query: last_commit=63705 (epoch=0), last_gei=84, last_block=84, current_epoch=0, authoritative=true, ts=0, state_root=[0m
[32m[INFO][Oct  8 07:07:28]  [Go Server] ✅ GetLastHandledCommitIndexRequest: last_commit=63705, last_gei=84, block=84, epoch=0[0m
[32m[INFO][Oct  8 07:07:28]  [RUST] 2026-10-08T07:07:28.296663Z  INFO metanode::node::executor_client::rpc_queries: 🔑 [GO-AUTH GEI] Recovery state received: last_commit=63705, last_gei=84, block=84, epoch=0, authoritative=true, timestamp=0, state_root=0 bytes[0m
[32m[INFO][Oct  8 07:07:28]  [RUST] 2026-10-08T07:07:28.296678Z  INFO metanode::node::setup_storage::index_sync: 🔑 [GO-AUTH GEI] Post-init query: state_root=0x, go_epoch=0, rust_epoch=0[0m
[32m[INFO][Oct  8 07:07:28]  [RUST] 2026-10-08T07:07:28.296698Z  INFO metanode::node::setup_storage::index_sync: 📊 [STARTUP] No peer reference, using Local Go Last GEI: 84 (Block: 84)[0m
[32m[INFO][Oct  8 07:07:28]  [RUST] 2026-10-08T07:07:28.296734Z  INFO metanode::node::setup_storage: ✅ [STARTUP] Using epoch_base=0 from Go boundary_gei (epoch=0, boundary_block=0)[0m
[32m[INFO][Oct  8 07:07:28]  [RUST] 2026-10-08T07:07:28.296744Z  INFO metanode::node::setup_storage: 📊 [STARTUP] Synchronizing executor client memory state from Go Master prior to recovery check...[0m
[32m[INFO][Oct  8 07:07:28]  [RUST] 2026-10-08T07:07:28.296782Z  INFO metanode::node::executor_client: 📊 [INIT] Fetched current epoch from Go: 0[0m
[32m[INFO][Oct  8 07:07:28]  [RUST] 2026-10-08T07:07:28.296855Z  INFO metanode::node::executor_client: 📊 [INIT] Connected to Go Master. Last block=84, GEI=84, Epoch=0[0m
[32m[INFO][Oct  8 07:07:28]  [RUST] 2026-10-08T07:07:28.296866Z  INFO metanode::node::executor_client: 📊 [INIT] Initialized next_block_number to 85 (from Go last_block_number=84, old=0)[0m
[32m[INFO][Oct  8 07:07:28]  [RUST] 2026-10-08T07:07:28.296872Z  INFO metanode::node::executor_client: 📊 [INIT] Initialized last_processed_epoch to 0[0m
[32m[INFO][Oct  8 07:07:28]  [RUST] 2026-10-08T07:07:28.296876Z  INFO metanode::node::executor_client: 📊 [INIT] Updating next_expected_index from 1 to 85 (last_global_exec_index=84, go_next_expected=85)[0m
[32m[INFO][Oct  8 07:07:28]  [RUST] 2026-10-08T07:07:28.296884Z  INFO metanode::node::executor_client: ✅ [READY] Rust executor: go_connection=connected, next_expected=85, go_last_block=84[0m
[32m[INFO][Oct  8 07:07:28]  [RUST] 2026-10-08T07:07:28.296892Z  INFO metanode::node::setup_storage: ✅ [STARTUP] Executor client memory state synchronized successfully (block/GEI guards updated).[0m
[32m[INFO][Oct  8 07:07:28]  [RUST] 2026-10-08T07:07:28.297055Z  INFO metanode::node::setup_storage: 🔑 [STARTUP] Rust Protocol PubKey (hex): 7cdfc1340f0f1728c4de1725ca3c6791882316547a336ee3a5ba1cabb5fce3b6[0m
[32m[INFO][Oct  8 07:07:28]  [RUST] 2026-10-08T07:07:28.297066Z  INFO metanode::node::setup_storage: 🔑 [STARTUP] Rust Network PubKey (hex): 8d9fe40cd34f06c657503dbc15cc4c2cb67ebc26426c426852f741f33811bee8[0m
[32m[INFO][Oct  8 07:07:28]  [RUST] 2026-10-08T07:07:28.297078Z  INFO metanode::node::setup_storage: ✅ [IDENTITY] Found self in committee at index [0] using protocol_key match[0m
[33m[WARN][Oct  8 07:07:28]  [RUST] 2026-10-08T07:07:28.297163Z  WARN consensus_core::recovery_barrier: 🛡️ [RECOVERY-BARRIER] ACTIVATED: Inactive → GoSyncing. Snapshot recovery detected. ALL proposals blocked until recovery completes.[0m
[32m[INFO][Oct  8 07:07:28]  [RUST] 2026-10-08T07:07:28.297186Z  INFO consensus_core::coordination_hub: 🛡️ [SPARSE-DAG-BOUNDARY] Recovery session activated. Sparse DAG Evaluation Prevention will be enabled when transitioning to Healthy.[0m
[32m[INFO][Oct  8 07:07:28]  [RUST] 2026-10-08T07:07:28.297193Z  INFO metanode::node::setup_consensus: 🛡️ [RECOVERY-BARRIER] Go has prior state (block=84, last_handled=Some(63705), dag_has_history=true). Activating unified recovery barrier. ALL proposals blocked until GoSyncing → DagCatchingUp → ScheduleVerifying → Ready.[0m
[32m[INFO][Oct  8 07:07:28]  [RUST] 2026-10-08T07:07:28.297205Z  INFO metanode::node::setup_consensus: 🔑 [GO-AUTH GEI] Setting go_replay_after=63705 based on Go Authoritative LastHandledCommitIndex.[0m
[32m[INFO][Oct  8 07:07:28]  [RUST] 2026-10-08T07:07:28.297211Z  INFO metanode::node::setup_consensus: 📊 [STARTUP] CommitConsumerArgs: go_replay_after=63705 (from authoritative Go/fallback)[0m
[32m[INFO][Oct  8 07:07:28]  [RUST] 2026-10-08T07:07:28.297216Z  INFO metanode::node::setup_consensus: 🤝 [HANDSHAKE] Passing last_executed_commit_hash from Go to Rust DAG: "b527c570ce75ae1e781c0fc062d4e91afd75fc665afef48c4ea40449ea71369b"[0m
[32m[INFO][Oct  8 07:07:28]  [RUST] 2026-10-08T07:07:28.297545Z  INFO metanode::node::transition::tx_recovery: 📋 [TX HASH REGISTRY] Loaded 148 committed transaction hashes from epoch 0[0m
[32m[INFO][Oct  8 07:07:28]  [RUST] 2026-10-08T07:07:28.297557Z  INFO metanode::node::setup_consensus: 💾 Loaded 148 committed transaction hashes from epoch 0[0m
[32m[INFO][Oct  8 07:07:28]  [RUST] 2026-10-08T07:07:28.297627Z  INFO metanode::node::setup_consensus: 📊 [COMMIT PROCESSOR INIT] Startup: next_expected_commit_index=63706, from go_replay_after=63705[0m
[32m[INFO][Oct  8 07:07:28]  [RUST] 2026-10-08T07:07:28.297655Z  INFO consensus_core::system_transaction_provider: 📅 SystemTransactionProvider initialized: epoch=0, epoch_start=1700000000000ms, now=1791443248297ms, elapsed=91443248s, duration=86400s, time_based_enabled=false[0m
[32m[INFO][Oct  8 07:07:28]  [RUST] 2026-10-08T07:07:28.297663Z  INFO metanode::node::executor_client: 🔧 [EXECUTOR CLIENT] Creating executor client: initial_next_expected=85, storage_path=Some("/tmp/gate_4val_p06/parent/consensus/rust_consensus")[0m
[32m[INFO][Oct  8 07:07:28]  [RUST] 2026-10-08T07:07:28.297674Z  INFO metanode::node::executor_client::connection_pool: 🏊 [CONN POOL] Created NO-OP pool (FFI mode — connections bypassed)[0m
[32m[INFO][Oct  8 07:07:28]  [RUST] 2026-10-08T07:07:28.297697Z  INFO consensus_core::coordination_hub: 🔒 [STARTUP-SYNC] Proposals LOCKED until sync completes[0m
[32m[INFO][Oct  8 07:07:28]  [RUST] 2026-10-08T07:07:28.798566Z  INFO metanode::node::setup_consensus::startup_sync: 📡 [PEER RPC] Starting EARLY server on 0.0.0.0:31501 to prevent STARTUP-SYNC deadlock[0m
[32m[INFO][Oct  8 07:07:28]  [RUST] 2026-10-08T07:07:28.798880Z  INFO metanode::node::setup_consensus::startup_sync: 📡 [PEER RPC] EARLY server confirmed bound on 0.0.0.0:31501[0m
[32m[INFO][Oct  8 07:07:28]  [RUST] 2026-10-08T07:07:28.798912Z  INFO metanode::node::setup_consensus::startup_sync: 📊 [STARTUP-SYNC] Barrier using verified block=84 from setup_storage()[0m
[32m[INFO][Oct  8 07:07:28]  [RUST] 2026-10-08T07:07:28.798881Z  INFO metanode::network::peer_rpc::server: 🌐 [PEER RPC] Started on 0.0.0.0:31501 (node_id=0, network_address=127.0.0.1:31001)[0m
[32m[INFO][Oct  8 07:07:28]  [RUST] 2026-10-08T07:07:28.799254Z  INFO metanode::node::setup_consensus::startup_sync: ✅ [STARTUP-SYNC] No peers configured (single-node or seed). Skipping startup sync.[0m
[32m[INFO][Oct  8 07:07:28]  [RUST] 2026-10-08T07:07:28.799279Z  INFO metanode::node::setup_consensus::startup_sync: 📡 [PEER RPC] Stopping early server. Handing over to full server in startup.rs...[0m
[32m[INFO][Oct  8 07:07:28]  [Go Server] 📥 Received GetLastHandledCommitIndexRequest (GO-AUTH GEI recovery)[0m
[33m[WARN][Oct  8 07:07:28]  BlockChain instance has not been initialized. Call InitBlockChain() first.[0m
[32m[INFO][Oct  8 07:07:28]  🔑 [GO-AUTH GEI] Recovery query: last_commit=63705 (epoch=0), last_gei=84, last_block=84, current_epoch=0, authoritative=true, ts=0, state_root=[0m
[32m[INFO][Oct  8 07:07:28]  [Go Server] ✅ GetLastHandledCommitIndexRequest: last_commit=63705, last_gei=84, block=84, epoch=0[0m
[32m[INFO][Oct  8 07:07:28]  [RUST] 2026-10-08T07:07:28.799504Z  INFO metanode::node::executor_client::rpc_queries: 🔑 [GO-AUTH GEI] Recovery state received: last_commit=63705, last_gei=84, block=84, epoch=0, authoritative=true, timestamp=0, state_root=0 bytes[0m
[32m[INFO][Oct  8 07:07:28]  [RUST] 2026-10-08T07:07:28.799525Z  INFO metanode::node::setup_consensus: 🔍 [CONSISTENCY CHECK] Go state: block=84, gei=84, commit_index=63705, epoch=0, Rust state: go_replay_after=63705, current_epoch=0, next_expected_commit=63706[0m
[32m[INFO][Oct  8 07:07:28]  [RUST] 2026-10-08T07:07:28.799536Z  INFO metanode::node::setup_consensus: ✅ [CONSISTENCY CHECK] Post-sync state OK: block=84, gei=84, commit_index=63705, epoch=0[0m
[32m[INFO][Oct  8 07:07:28]  [RUST] 2026-10-08T07:07:28.799586Z  INFO metanode::node::executor_client: 📊 [INIT] Fetched current epoch from Go: 0[0m
[32m[INFO][Oct  8 07:07:28]  [RUST] 2026-10-08T07:07:28.799677Z  INFO metanode::node::executor_client: 📊 [INIT] Connected to Go Master. Last block=84, GEI=84, Epoch=0[0m
[32m[INFO][Oct  8 07:07:28]  [RUST] 2026-10-08T07:07:28.799692Z  INFO metanode::node::executor_client: 📊 [INIT] Initialized next_block_number to 85 (from Go last_block_number=84, old=0)[0m
[32m[INFO][Oct  8 07:07:28]  [RUST] 2026-10-08T07:07:28.799727Z  INFO metanode::node::executor_client: 📊 [INIT] Initialized last_processed_epoch to 0[0m
[32m[INFO][Oct  8 07:07:28]  [RUST] 2026-10-08T07:07:28.799736Z  INFO metanode::node::executor_client: 📊 [INIT] next_expected_index matches Go Master: last_global_exec_index=84, next_expected=85[0m
[32m[INFO][Oct  8 07:07:28]  [RUST] 2026-10-08T07:07:28.799750Z  INFO metanode::node::executor_client: ✅ [READY] Rust executor: go_connection=connected, next_expected=85, go_last_block=84[0m
[32m[INFO][Oct  8 07:07:28]  [RUST] 2026-10-08T07:07:28.799761Z  INFO metanode::node::setup_consensus: ✅ [STARTUP] initialize_from_go() completed synchronously (block/GEI guards updated)[0m
[32m[INFO][Oct  8 07:07:28]  [Go Server] 📥 Received GetLastHandledCommitIndexRequest (GO-AUTH GEI recovery)[0m
[33m[WARN][Oct  8 07:07:28]  BlockChain instance has not been initialized. Call InitBlockChain() first.[0m
[32m[INFO][Oct  8 07:07:28]  🔑 [GO-AUTH GEI] Recovery query: last_commit=63705 (epoch=0), last_gei=84, last_block=84, current_epoch=0, authoritative=true, ts=0, state_root=[0m
[32m[INFO][Oct  8 07:07:28]  [Go Server] ✅ GetLastHandledCommitIndexRequest: last_commit=63705, last_gei=84, block=84, epoch=0[0m
[32m[INFO][Oct  8 07:07:28]  [RUST] 2026-10-08T07:07:28.799845Z  INFO metanode::node::executor_client::rpc_queries: 🔑 [GO-AUTH GEI] Recovery state received: last_commit=63705, last_gei=84, block=84, epoch=0, authoritative=true, timestamp=0, state_root=0 bytes[0m
[32m[INFO][Oct  8 07:07:28]  [RUST] 2026-10-08T07:07:28.799862Z  INFO metanode::node::setup_consensus: 🔍 [SYNC-PARITY] Post-init state comparison:
  CommitProcessor:  go_last_commit_index=63705, next_expected_index=63706
  ExecutorClient:   next_expected_index=85
  Go (authoritative): commit_index=63705, gei=84, block=84, epoch=0
  Go State Root: 0x[0m
[32m[INFO][Oct  8 07:07:28]  [RUST] 2026-10-08T07:07:28.799881Z  INFO metanode::node::setup_consensus: ✅ [SYNC-PARITY] ExecutorClient and CommitProcessor GEI matched (EC=85, CP=85)[0m
[32m[INFO][Oct  8 07:07:28]  [RUST] 2026-10-08T07:07:28.799962Z  INFO metanode::node::setup_consensus: 🔍 [GEI-CROSSCHECK] Post-startup state: block=84, gei=84[0m
[33m[WARN][Oct  8 07:07:28]  [RUST] 2026-10-08T07:07:28.799988Z  WARN metanode::consensus::commit_processor::gei_validator: 🔍 [GEI-VALIDATOR] No peers configured for cross-check (local_gei=84, block=84)[0m
[32m[INFO][Oct  8 07:07:28]  [RUST] 2026-10-08T07:07:28.800021Z  INFO metanode::node::setup_consensus: ✅ [GEI-CROSSCHECK] Post-startup GEI validation passed (gei=84, block=84)[0m
[32m[INFO][Oct  8 07:07:28]  [RUST] 2026-10-08T07:07:28.800055Z  INFO consensus_core::recovery_barrier: ✅ [RECOVERY-BARRIER] GoSyncing → DagCatchingUp. Go execution layer synced. Waiting for Rust DAG to catch up via CertifiedCommits.[0m
[32m[INFO][Oct  8 07:07:28]  [RUST] 2026-10-08T07:07:28.800078Z  INFO consensus_core::coordination_hub: ✅ [STARTUP-SYNC] Go sync completed, advancing barrier to DagCatchingUp[0m
[32m[INFO][Oct  8 07:07:28]  [RUST] 2026-10-08T07:07:28.800144Z  INFO consensus_core::coordination_hub: 🔄 [HUB] Phase transition: Initializing -> Bootstrapping[0m
[32m[INFO][Oct  8 07:07:28]  [RUST] 2026-10-08T07:07:28.800261Z  INFO metanode::node::setup_consensus: 🚀 Starting consensus authority node (phase=Bootstrapping)...[0m
[32m[INFO][Oct  8 07:07:28]  [RUST] 2026-10-08T07:07:28.800430Z  INFO consensus_core::authority_node: Starting consensus authority [0] node-0, ProtocolVersion(105), epoch start timestamp 1700000000000, boot counter 0, replaying after commit index 63705, consumer last processed commit index 63705[0m
[32m[INFO][Oct  8 07:07:28]  [RUST] 2026-10-08T07:07:28.800457Z  INFO consensus_core::authority_node: Consensus authorities: [0]: node-0[0m
[32m[INFO][Oct  8 07:07:28]  [RUST] 2026-10-08T07:07:28.800286Z  INFO metanode::node::setup_consensus::verification: ℹ️ [POST-GATE-VERIFY] No peers configured. Setting block_hash_verified=true (single-node mode).[0m
[32m[INFO][Oct  8 07:07:28]  [RUST] 2026-10-08T07:07:28.800464Z  INFO consensus_core::authority_node: Consensus parameters: Parameters { db_path: "/tmp/gate_4val_p06/parent/consensus/rust_consensus/epochs/epoch_0/consensus_db", leader_timeout: 200ms, min_round_delay: 25ms, max_forward_time_drift: 500ms, max_blocks_per_sync: 32, max_blocks_per_fetch: 1000, sync_last_known_own_block_timeout: 5s, round_prober_interval_ms: 5000, round_prober_request_timeout_ms: 4000, propagation_delay_stop_proposal_threshold: 100, dag_state_cached_rounds: 500, commit_sync_parallel_fetches: 32, commit_sync_batch_size: 500, commit_sync_batches_ahead: 128, tonic: TonicParameters { keepalive_interval: 10s, connection_buffer_size: 33554432, excessive_message_size: 16777216, message_size_limit: 67108864 }, adaptive_delay_enabled: false, compact_blocks_enabled: false }[0m
[32m[INFO][Oct  8 07:07:28]  [RUST] 2026-10-08T07:07:28.800514Z  INFO consensus_core::coordination_hub: ✅ [BLOCK-HASH-GATE] Block hash VERIFIED against peers. Gate 5 cleared — node state is bit-perfect.[0m
[32m[INFO][Oct  8 07:07:28]  [RUST] 2026-10-08T07:07:28.800516Z  INFO consensus_core::authority_node: Consensus committee: Committee { epoch: 0, total_stake: 1000000000000000000, quorum_threshold: 666666666666666667, validity_threshold: 333333333333333334, authorities: [Authority { stake: 1000000000000000000, address: Multiaddr(/ip4/127.0.0.1/tcp/31001), hostname: "node-0", authority_key: AuthorityPublicKey(kUYrYvf/fDUygF8+nIdNATAAlnQU3BZSD3aGuHNoAZQv3OJOIZKW+Uw+UbH/1LWCAlbyWnQra9vUSDJfFVIxlV4XlraaNkLsZSb3HMJJQK3qEc1L20Yqb5YM8uGRXvnB), protocol_key: ProtocolPublicKey(fN/BNA8PFyjE3hclyjxnkYgjFlR6M27jpbocq7X847Y=), network_key: NetworkPublicKey(jZ/kDNNPBsZXUD28FcxMLLZ+vCZCbEJoUvdB8zgRvug=) }] }[0m
[32m[INFO][Oct  8 07:07:28]  [RUST] 2026-10-08T07:07:28.801404Z  INFO consensus_core::transaction: TransactionConsumer initialized with max_num_transactions_in_block: 4000, max_transactions_in_block_bytes: 2097152[0m
[32m[INFO][Oct  8 07:07:28]  [RUST] 2026-10-08T07:07:28.801490Z  INFO consensus_core::authority_node: 📡 [AUTHORITY NODE] Broadcast sender keeper obtained, receiver_count=1, total_senders_should_be=3[0m
[32m[INFO][Oct  8 07:07:28]  [RUST] 2026-10-08T07:07:28.839263Z  INFO consensus_core::dag_state::dag_state_impl: ✅ Loaded 1 genesis block refs from storage for epoch 0[0m
[33m[WARN][Oct  8 07:07:28]  [RUST] 2026-10-08T07:07:28.839356Z  WARN consensus_core::dag_state::dag_state_impl: Missing genesis block for ref B0([0],TjU0bSUY8KHY6u0jkTMGbX53pNYIckp+8ya7DChrH5k=)[0m
[33m[WARN][Oct  8 07:07:28]  [RUST] 2026-10-08T07:07:28.839368Z  WARN consensus_core::dag_state::dag_state_impl: Incomplete genesis blocks in storage (0 vs 1), regenerating[0m
[32m[INFO][Oct  8 07:07:28]  [RUST] 2026-10-08T07:07:28.839373Z  INFO consensus_core::block: 🛠️ [GENESIS DEBUG] Generating genesis blocks for epoch 0 with timestamp 1700000000000ms. Committee size: 1[0m
[32m[INFO][Oct  8 07:07:28]  [RUST] 2026-10-08T07:07:28.839388Z  INFO consensus_core::block: 🛠️ [GENESIS DEBUG] Generated B0 for Auth AuthorityIndex(0) (KeyPrefix: [145, 70, 43, 98]): Hash=TjU0bSUY8KHY6u0jkTMGbX53pNYIckp+8ya7DChrH5k=, Timestamp=1700000000000ms[0m
[32m[INFO][Oct  8 07:07:28]  [RUST] 2026-10-08T07:07:28.839412Z  INFO consensus_core::threshold_clock: Recovered ThresholdClock at round 1[0m
[32m[INFO][Oct  8 07:07:28]  [RUST] 2026-10-08T07:07:28.839678Z  INFO consensus_core::dag_state::dag_state_impl: Recovering committed state from C63600(rUTf) CommitInfo { committed_rounds: [63600], reputation_scores: ReputationScores { scores_per_authority: [2852094820647174144], commit_range: CommitRange(63301..=63600) } }[0m
[32m[INFO][Oct  8 07:07:28]  [RUST] 2026-10-08T07:07:28.844309Z  INFO consensus_core::dag_state::dag_state_impl: DagState was initialized with the following state: Some(TrustedCommit { inner: V1(CommitV1 { index: 63849, previous_digest: 5zjXZA7mrbaceWIpy+18PGVmy8ajIJtx3ob9S8S9IIQ=, timestamp_ms: 1791434694562, leader: B63849([0],uFuEhKmi6vKnFMVUy2ecoIMLrVXYc7Yqnil5bpVjAr8=), blocks: [B63849([0],uFuEhKmi6vKnFMVUy2ecoIMLrVXYc7Yqnil5bpVjAr8=)], global_exec_index: 63849, leader_address: [126, 97, 94, 74, 80, 10, 180, 43, 123, 179, 253, 187, 98, 251, 184, 189, 16, 56, 95, 197] }), digest: qITBm5uCCK36C79gPnWm3MWh2WBPL5e5yvaL4tJyrjs=, serialized: b"\0i\xf9\0\0\xe78\xd7d\x0e\xe6\xad\xb6\x9cyb)\xcb\xed|<ef\xcb\xc6\xa3 \x9bq\xde\x86\xfdK\xc4\xbd \x84\xa2\x1f\xd4\x19\xa1\x01\0\0i\xf9\0\0\0\0\0\0\xb8[\x84\x84\xa9\xa2\xea\xf2\xa7\x14\xc5T\xcbg\x9c\xa0\x83\x0b\xadU\xd8s\xb6*\x9e)yn\x95c\x02\xbf\x01i\xf9\0\0\0\0\0\0\xb8[\x84\x84\xa9\xa2\xea\xf2\xa7\x14\xc5T\xcbg\x9c\xa0\x83\x0b\xadU\xd8s\xb6*\x9e)yn\x95c\x02\xbfi\xf9\0\0\0\0\0\0\x14~a^JP\n\xb4+{\xb3\xfd\xbbb\xfb\xb8\xbd\x108_\xc5" }); [63849]; 249 unscored committed subdags; 249 scored subdags[0m
[32m[INFO][Oct  8 07:07:28]  [RUST] 2026-10-08T07:07:28.846356Z  INFO consensus_core::dag_state::dag_state_impl: Recovering block commit statuses from commit index 63849 and backwards until leader of round <= gc_round 63649[0m
[32m[INFO][Oct  8 07:07:28]  [RUST] 2026-10-08T07:07:28.847837Z  INFO consensus_core::dag_state::dag_state_impl: Recovering finished, reached commit leader round 63649 <= gc_round 63649[0m
[32m[INFO][Oct  8 07:07:28]  [RUST] 2026-10-08T07:07:28.848630Z  INFO consensus_core::authority_node: 📊 [STARTUP] CommitConsumerMonitor aligned: go_handled=63705, dag_handled=63849, effective=63849[0m
[32m[INFO][Oct  8 07:07:28]  [RUST] 2026-10-08T07:07:28.848646Z  INFO consensus_core::authority_node: 🔴 [GUARD-POLICY] Recovery Mode (dag=63849, go=63705): RECOVERY-GUARD active. Waiting for 5 network CertifiedCommits to prove density before local evaluation.[0m
[32m[INFO][Oct  8 07:07:28]  [RUST] 2026-10-08T07:07:28.848738Z  INFO consensus_core::block: 🛠️ [GENESIS DEBUG] Generating genesis blocks for epoch 0 with timestamp 1700000000000ms. Committee size: 1[0m
[32m[INFO][Oct  8 07:07:28]  [RUST] 2026-10-08T07:07:28.848751Z  INFO consensus_core::block: 🛠️ [GENESIS DEBUG] Generated B0 for Auth AuthorityIndex(0) (KeyPrefix: [145, 70, 43, 98]): Hash=TjU0bSUY8KHY6u0jkTMGbX53pNYIckp+8ya7DChrH5k=, Timestamp=1700000000000ms[0m
[32m[INFO][Oct  8 07:07:28]  [RUST] 2026-10-08T07:07:28.848762Z  INFO consensus_core::authority_node: 📡 [AUTHORITY NODE] About to spawn ProposedBlockHandler, keeper receiver_count=2[0m
[32m[INFO][Oct  8 07:07:28]  [RUST] 2026-10-08T07:07:28.848772Z  INFO consensus_core::authority_node: Sync last known own block: false[0m
[32m[INFO][Oct  8 07:07:28]  [RUST] 2026-10-08T07:07:28.848854Z  INFO consensus_core::leader_schedule: LeaderSchedule recovered using LeaderSwapTable for CommitRange(63301..=63600), good_nodes: [] with stake: 0, bad_nodes: Map { iter: [] } with stake: 0. There are 249 committed subdags scored in DagState. schedule_confirmed=true[0m
[32m[INFO][Oct  8 07:07:28]  [RUST] 2026-10-08T07:07:28.848825Z  INFO consensus_core::proposed_block_handler: 🚀 [PROPOSED BLOCK HANDLER] RUN LOOP STARTED[0m
[33m[WARN][Oct  8 07:07:28]  [RUST] 2026-10-08T07:07:28.848911Z  WARN consensus_core::commit_observer: ⚠️ [ANTI-FORK] Hash mismatch detected! Hash from Go ([181, 39, 197, 112, 206, 117, 174, 30, 120, 28, 15, 192, 98, 212, 233, 26, 253, 117, 252, 102, 90, 254, 244, 140, 78, 164, 4, 73, 234, 113, 54, 155]) != Local hash at block 63705 ([81, 196, 159, 135, 11, 227, 255, 208, 77, 95, 78, 14, 223, 175, 22, 104, 141, 115, 167, 1, 5, 253, 200, 248, 169, 59, 59, 79, 172, 78, 56, 236]). Auto-aligning to local DAG hash (single source of truth) to prevent deadlock and preserve data.[0m
[32m[INFO][Oct  8 07:07:28]  [RUST] 2026-10-08T07:07:28.848951Z  INFO consensus_core::commit_observer: Recovering commit observer in the range [63706..=63849][0m
[32m[INFO][Oct  8 07:07:28]  [RUST] 2026-10-08T07:07:28.848951Z  INFO metanode::node::setup_consensus: 🔄 [ANTI-FORK] Aligner callback triggered, calling Go to set hash to: 51c49f870be3ffd04d5f4e0edfaf16688d73a70105fdc8f8a93b3b4fac4e38ec[0m
[32m[INFO][Oct  8 07:07:28]  [RUST] 2026-10-08T07:07:28.848908Z  INFO consensus_core::commit_finalizer: 🚀 [COMMIT FINALIZER] RUN LOOP STARTED[0m
[32m[INFO][Oct  8 07:07:28]  [RUST] 2026-10-08T07:07:28.848913Z  INFO consensus_core::dag_state_actor: 🟢 [DAG-STATE-ACTOR] Started on dedicated thread[0m
[32m[INFO][Oct  8 07:07:28]  [Go Server] 📥 Received SetLastExecutedCommitHashRequest[0m
[32m[INFO][Oct  8 07:07:28]  [RUST] 2026-10-08T07:07:28.849244Z  INFO consensus_core::commit_observer: Recovering 144 unsent commits in range [63706..=63849][0m
[32m[INFO][Oct  8 07:07:28]  ✅ [RPC] Aligned LastExecutedCommitHash to: 51c49f870be3ffd04d5f4e0edfaf16688d73a70105fdc8f8a93b3b4fac4e38ec[0m
[32m[INFO][Oct  8 07:07:28]  [RUST] 2026-10-08T07:07:28.849529Z  INFO metanode::node::executor_client::rpc_queries: ✅ [EXECUTOR-REQ] SetLastExecutedCommitHash successful[0m
[32m[INFO][Oct  8 07:07:28]  [RUST] 2026-10-08T07:07:28.850850Z  INFO consensus_core::commit_observer: Commit observer recovery [63706..=63849] completed, took 1.970372ms[0m
[32m[INFO][Oct  8 07:07:28]  [RUST] 2026-10-08T07:07:28.851011Z  INFO consensus_core::transaction_certifier: Recovering certifier state from round 63650[0m
[32m[INFO][Oct  8 07:07:28]  [RUST] 2026-10-08T07:07:28.853310Z  INFO consensus_core::transaction_certifier: Recovered and voting on 202 blocks from authority [0] node-0[0m
[32m[INFO][Oct  8 07:07:28]  [RUST] 2026-10-08T07:07:28.853757Z  INFO consensus_core::authority_node: Adaptive delay enabled: base_delay=25ms[0m
[32m[INFO][Oct  8 07:07:28]  [RUST] 2026-10-08T07:07:28.853840Z  INFO consensus_core::core::commit_manager: 🛡️ [PHASE-GUARD] Blocking local committer. Node is in Bootstrapping phase (startup_sync_active=true). Waiting for DAG to fully catch up.[0m
[33m[WARN][Oct  8 07:07:28]  [RUST] 2026-10-08T07:07:28.853854Z  WARN consensus_core::core::proposer: Skip proposing for round 63852: node phase is Bootstrapping[0m
[33m[WARN][Oct  8 07:07:28]  [RUST] 2026-10-08T07:07:28.853863Z  WARN consensus_core::core::proposer: Skip proposing for round 63852: node phase is Bootstrapping[0m
[32m[INFO][Oct  8 07:07:28]  [RUST] 2026-10-08T07:07:28.853886Z  INFO consensus_core::core: Core recovery completed with last proposed block B63851([0],LYqhQabe6fGNiwgYAlq75mClGm4e4xVHWYi5hH/RrOk=)([B63850([0],kQeb)];1791434695167ms;0t;1c)[0m
[32m[INFO][Oct  8 07:07:28]  [RUST] 2026-10-08T07:07:28.853948Z  INFO consensus_core::authority_node: ℹ️ [AUTHORITY START] No existing LegacyEpochStoreManager provided[0m
[32m[INFO][Oct  8 07:07:28]  [RUST] 2026-10-08T07:07:28.853959Z  INFO consensus_core::network::tonic_network: Starting tonic service[0m
[32m[INFO][Oct  8 07:07:28]  [RUST] 2026-10-08T07:07:28.853943Z  INFO consensus_core::core_thread: 🚀 [CORE THREAD] Started core thread[0m
[32m[INFO][Oct  8 07:07:28]  [RUST] 2026-10-08T07:07:28.853990Z  INFO consensus_core::commit_syncer: 🛡️ [SUPERVISOR] Starting CommitSyncer task...[0m
[32m[INFO][Oct  8 07:07:28]  [RUST] 2026-10-08T07:07:28.854012Z  INFO consensus_core::commit_syncer: 🛡️ [SUPERVISOR] Pre-seeded CommitVoteMonitor with highest_handled=63705 before restart[0m
🔧 [COMMIT-SYNCER-LOOP] ENTERED! phase=Bootstrapping, synced=63849, interval=200ms
[32m[INFO][Oct  8 07:07:28]  [RUST] 2026-10-08T07:07:28.854097Z  INFO consensus_core::commit_syncer: 🔗 [BASELINE] Fetching network schedule/digest data for boundary commit #63600 (current cycle: 212)[0m
[33m[WARN][Oct  8 07:07:28]  [RUST] 2026-10-08T07:07:28.854170Z  WARN consensus_core::commit_syncer: ⚠️ [BASELINE] Attempt 1/5: Failed to fetch baseline commit #63849 from network. Retrying in 1s...[0m
[32m[INFO][Oct  8 07:07:28]  [RUST] 2026-10-08T07:07:28.854462Z  INFO consensus_core::network::tonic_network: Server started at: 127.0.0.1:31001[0m
[32m[INFO][Oct  8 07:07:28]  [RUST] 2026-10-08T07:07:28.854481Z  INFO consensus_core::authority_node: ✅ [AUTHORITY NODE] Consensus authority started, took 53.084885ms[0m
[32m[INFO][Oct  8 07:07:28]  [RUST] 2026-10-08T07:07:28.854489Z  INFO metanode::node::setup_consensus: 🔍 [RECOVERY] Initiating block recovery check using the active consensus store instance...[0m
[32m[INFO][Oct  8 07:07:28]  [RUST] 2026-10-08T07:07:28.854493Z  INFO metanode::node::recovery: 🔍 [RECOVERY] Checking for missing blocks from index 85 (epoch_base=0)...[0m
[32m[INFO][Oct  8 07:07:28]  [RUST] 2026-10-08T07:07:28.854786Z  INFO metanode::node::recovery: 🔍 [RECOVERY] Scanning 144 commit(s) above Go's last commit 63705 (next GEI 85)...[0m
[33m[WARN][Oct  8 07:07:28]  [RUST] 2026-10-08T07:07:28.855286Z  WARN consensus_core::core::proposer: Skip proposing for round 63852: node phase is Bootstrapping[0m
[33m[WARN][Oct  8 07:07:28]  [RUST] 2026-10-08T07:07:28.855392Z  WARN consensus_core::core::proposer: Skip proposing for round 63852: node phase is Bootstrapping[0m
[32m[INFO][Oct  8 07:07:28]  [RUST] 2026-10-08T07:07:28.864107Z  INFO metanode::node::recovery: ✅ [RECOVERY] No missing commits found in local DB that need replaying.[0m
[32m[INFO][Oct  8 07:07:28]  [RUST] 2026-10-08T07:07:28.864130Z  INFO metanode::node::setup_consensus: ♻️ [TX RECYCLER] Created shared TxRecycler instance[0m
[32m[INFO][Oct  8 07:07:28]  [RUST] 2026-10-08T07:07:28.864263Z  INFO consensus_core::legacy_store: 📦 [LEGACY STORE] Creating LegacyEpochStoreManager with max_epochs=5[0m
[32m[INFO][Oct  8 07:07:28]  [RUST] 2026-10-08T07:07:28.864273Z  INFO metanode::node::epoch_transition_manager: 🔧 [STATE MANAGER] Initializing: epoch=0, mode=Validator[0m
[32m[INFO][Oct  8 07:07:28]  [RUST] 2026-10-08T07:07:28.864280Z  INFO metanode::node::consensus_node: 🔧 [STARTUP] Initialized StateTransitionManager: epoch=0, mode=Validator[0m
[32m[INFO][Oct  8 07:07:28]  [RUST] 2026-10-08T07:07:28.864301Z  INFO metanode::node::epoch_monitor: 🔄 [EPOCH MONITOR] Starting unified epoch monitor for node-0 (poll_interval=5s)[0m
[32m[INFO][Oct  8 07:07:28]  [RUST] 2026-10-08T07:07:28.864311Z  INFO metanode::node::consensus_node: 🔄 Started unified epoch monitor for Validator mode at epoch=0[0m
[32m[INFO][Oct  8 07:07:28]  [RUST] 2026-10-08T07:07:28.864316Z  INFO metanode::node::recovery: 🔍 [FORK DETECTION] Checking state (Epoch: 0, LastCommit: 84)[0m
[32m[INFO][Oct  8 07:07:28]  [RUST] 2026-10-08T07:07:28.864322Z  INFO metanode::node::consensus_node: ♻️ [TX RECYCLER] Background recycler task spawned[0m
[32m[INFO][Oct  8 07:07:28]  [RUST] 2026-10-08T07:07:28.864337Z  INFO metanode::node: ✅ Registered node in global transition handler registry[0m
[32m[INFO][Oct  8 07:07:28]  [RUST] 2026-10-08T07:07:28.864344Z  INFO metanode::node::startup: RPC server available at http://127.0.0.1:32901[0m
[32m[INFO][Oct  8 07:07:28]  [RUST] 2026-10-08T07:07:28.864366Z  INFO metanode::node::startup: ♻️ [TX RECYCLER] Injected into UDS server[0m
[32m[INFO][Oct  8 07:07:28]  [RUST] 2026-10-08T07:07:28.864370Z  INFO metanode::node::startup: FFI transaction interface initialized[0m
[32m[INFO][Oct  8 07:07:28]  [RUST] 2026-10-08T07:07:28.864376Z  INFO metanode::node::startup: 📡 [PEER RPC] Node reference injected for dynamic transaction routing[0m
[32m[INFO][Oct  8 07:07:28]  [RUST] 2026-10-08T07:07:28.864374Z  INFO metanode::consensus::commit_processor::processor: 🛡️ [DIGEST-GATE] Initialized: committee_size=1, quorum_threshold=1, digest_verifier=true[0m
[32m[INFO][Oct  8 07:07:28]  [RUST] 2026-10-08T07:07:28.864456Z  INFO metanode::consensus::commit_processor::wal: 📝 [WAL] Initialized FFI Write-Ahead Log at "/tmp/gate_4val_p06/parent/consensus/rust_consensus/commit_ffi_wal.log"[0m
[32m[INFO][Oct  8 07:07:28]  [RUST] 2026-10-08T07:07:28.864504Z  INFO metanode::node::setup_consensus: 🛡️ [DAG-GATE] Waiting for CommitSyncer to explicitly complete historical sync...[0m
[32m[INFO][Oct  8 07:07:28]  [RUST] 2026-10-08T07:07:28.864548Z  INFO metanode::node::block_delivery: 🚚 [STATION 4: DELIVERY] Started BlockDeliveryManager loop. Conveyor belt active.[0m
[32m[INFO][Oct  8 07:07:28]  [RUST] 2026-10-08T07:07:28.864597Z  INFO metanode::consensus::tx_recycler: ♻️ [TX RECYCLER] Background recycler started (timeout=300s, max_retries=3)[0m
[32m[INFO][Oct  8 07:07:28]  [RUST] 2026-10-08T07:07:28.864674Z  INFO metanode::node::startup: 📡 [PEER RPC] Server started on 0.0.0.0:31501 for WAN sync[0m
[32m[INFO][Oct  8 07:07:28]  [RUST] 2026-10-08T07:07:28.864669Z  INFO metanode::network::peer_rpc::server: 🌐 [PEER RPC] Started on 0.0.0.0:31501 (node_id=0, network_address=127.0.0.1:31001)[0m
[32m[INFO][Oct  8 07:07:28]  [RUST] 2026-10-08T07:07:28.864684Z  INFO metanode::node::startup: ✅ [STARTUP] Node initialized. Entering supervisor loop.[0m
[32m[INFO][Oct  8 07:07:28]  [RUST] 2026-10-08T07:07:28.864656Z  INFO metanode::network::rpc: RPC server started on 127.0.0.1:32901 (supports HTTP POST and length-prefixed binary)[0m
[32m[INFO][Oct  8 07:07:28]  [RUST] 2026-10-08T07:07:28.864810Z  INFO metanode::consensus::tx_recycler: 💾 [TX RECYCLER] Hydrated 2 pending transactions from disk[0m
[DIAG tx_recycler] pending=2 submitted=0 confirmed=0 recycled=0 expired=0 capacity_evicted=0
[33m[WARN][Oct  8 07:07:28]  [RUST] 2026-10-08T07:07:28.880144Z  WARN consensus_core::core::proposer: Skip proposing for round 63852: node phase is Bootstrapping[0m
[32m[INFO][Oct  8 07:07:28]  [RUST] 2026-10-08T07:07:28.898075Z  INFO metanode::consensus::commit_processor::processor: 🚀 [COMMIT PROCESSOR] PHASE-B: Go-Authoritative GEI. epoch=0, next_expected_index=63706[0m
[32m[INFO][Oct  8 07:07:28]  [RUST] 2026-10-08T07:07:28.898207Z  INFO metanode::consensus::commit_processor::processor: 🛡️ LagMonitor spawned for CommitProcessor.[0m
[32m[INFO][Oct  8 07:07:28]  [RUST] 2026-10-08T07:07:28.898212Z  INFO metanode::consensus::commit_processor::processor: 📡 [COMMIT PROCESSOR] Waiting for commits from consensus...[0m
[32m[INFO][Oct  8 07:07:28]  [RUST] 2026-10-08T07:07:28.898222Z  INFO metanode::consensus::commit_processor::processor: 💓 [COMMIT PROCESSOR HEARTBEAT] Processed 63706 commits (last 1000 commits in 0s, pending_ooo=0, next_expected=63706)[0m
[32m[INFO][Oct  8 07:07:28]  [RUST] 2026-10-08T07:07:28.898247Z  INFO metanode::consensus::commit_processor::processor: [DIAG leader-addr] preembedded=1 resolved_ok=0 waiting_iters=0 out_of_bounds=0 invalid_len=0[0m
[DIAG dispatch_commit] dispatched_txs=0 gei_guard_skips=0 gei_guard_skipped_txs=0 fast_skip_empty=1
[32m[INFO][Oct  8 07:07:28]  [RUST] 2026-10-08T07:07:28.899160Z  INFO metanode::consensus::commit_processor::lag_monitor: 🛡️ [LAG-MONITOR] Started with moderate_threshold=100, severe_threshold=200[0m
[33m[WARN][Oct  8 07:07:29]  [RUST] 2026-10-08T07:07:29.054559Z  WARN consensus_core::core::proposer: Skip proposing for round 63852: node phase is Bootstrapping[0m
[33m[WARN][Oct  8 07:07:29]  [RUST] 2026-10-08T07:07:29.808145Z  WARN metanode::ffi: ⚠️ [FFI TX FLOW] Rust FFI channel is highly saturated! Capacity remaining: 128/10000[0m
[32m[INFO][Oct  8 07:07:29]  [RUST] 2026-10-08T07:07:29.808212Z  INFO metanode::ffi: 📊 [FFI TX METRICS] total_batches=1, total_bytes=336, channel_full_events=0, capacity_remaining=128/10000[0m
[33m[WARN][Oct  8 07:07:29]  [RUST] 2026-10-08T07:07:29.814892Z  WARN metanode::ffi: ⚠️ [FFI TX FLOW] Rust FFI channel is highly saturated! Capacity remaining: 128/10000[0m
[33m[WARN][Oct  8 07:07:29]  [RUST] 2026-10-08T07:07:29.855356Z  WARN consensus_core::commit_syncer: ⚠️ [BASELINE] Attempt 2/5: Failed to fetch baseline commit #63849 from network. Retrying in 1s...[0m
[33m[WARN][Oct  8 07:07:30]  [RUST] 2026-10-08T07:07:30.856367Z  WARN consensus_core::commit_syncer: ⚠️ [BASELINE] Attempt 3/5: Failed to fetch baseline commit #63849 from network. Retrying in 1s...[0m
[33m[WARN][Oct  8 07:07:30]  [RUST] 2026-10-08T07:07:30.858389Z  WARN metanode::ffi: ⚠️ [FFI TX FLOW] Rust FFI channel is highly saturated! Capacity remaining: 128/10000[0m
[33m[WARN][Oct  8 07:07:30]  [RUST] 2026-10-08T07:07:30.865168Z  WARN metanode::ffi: ⚠️ [FFI TX FLOW] Rust FFI channel is highly saturated! Capacity remaining: 128/10000[0m
[33m[WARN][Oct  8 07:07:31]  [RUST] 2026-10-08T07:07:31.858264Z  WARN consensus_core::commit_syncer: ⚠️ [BASELINE] Attempt 4/5: Failed to fetch baseline commit #63849 from network. Retrying in 1s...[0m
[33m[WARN][Oct  8 07:07:31]  [RUST] 2026-10-08T07:07:31.898193Z  WARN metanode::ffi: ⚠️ [FFI TX FLOW] Rust FFI channel is highly saturated! Capacity remaining: 128/10000[0m
[33m[WARN][Oct  8 07:07:31]  [RUST] 2026-10-08T07:07:31.903465Z  WARN metanode::ffi: ⚠️ [FFI TX FLOW] Rust FFI channel is highly saturated! Capacity remaining: 128/10000[0m
[33m[WARN][Oct  8 07:07:32]  [RUST] 2026-10-08T07:07:32.859244Z  WARN consensus_core::commit_syncer: ⚠️ [BASELINE] Attempt 5/5: Failed to fetch baseline commit #63849 from network. Retrying in 1s...[0m
[33m[WARN][Oct  8 07:07:32]  [RUST] 2026-10-08T07:07:32.904561Z  WARN metanode::ffi: ⚠️ [FFI TX FLOW] Rust FFI channel is highly saturated! Capacity remaining: 128/10000[0m
[33m[WARN][Oct  8 07:07:32]  [RUST] 2026-10-08T07:07:32.910860Z  WARN metanode::ffi: ⚠️ [FFI TX FLOW] Rust FFI channel is highly saturated! Capacity remaining: 128/10000[0m
[33m[WARN][Oct  8 07:07:33]  [RUST] 2026-10-08T07:07:33.854557Z  WARN consensus_core::core::proposer: Skip proposing for round 63852: node phase is Bootstrapping[0m
[33m[WARN][Oct  8 07:07:33]  [RUST] 2026-10-08T07:07:33.854634Z  WARN consensus_core::core::proposer: Skip proposing for round 63852: node phase is Bootstrapping[0m
[33m[WARN][Oct  8 07:07:33]  [RUST] 2026-10-08T07:07:33.860813Z  WARN consensus_core::commit_syncer: 🚨 [BASELINE] Failed to fetch baseline commit #63849 after 5 attempts. ALL peers unreachable (network partition?). Skipping baseline — entering ScheduleVerifying for natural rebuild. Fork-safe: no proposals until schedule is verified.[0m
[32m[INFO][Oct  8 07:07:33]  [RUST] 2026-10-08T07:07:33.860874Z  INFO consensus_core::commit_syncer: 🔍 [BOOTSTRAP] Actively polling peers to discover true quorum_commit_index...[0m
[32m[INFO][Oct  8 07:07:33]  [RUST] 2026-10-08T07:07:33.860889Z  INFO consensus_core::commit_syncer: ℹ️ [BOOTSTRAP] Single-node cluster detected. Skipping peer polling.[0m
[32m[INFO][Oct  8 07:07:33]  [RUST] 2026-10-08T07:07:33.860904Z  INFO consensus_core::commit_syncer: 🚀 [COMMIT-SYNCER] Starting with phase=Bootstrapping, interval=200ms[0m
[33m[WARN][Oct  8 07:07:33]  [RUST] 2026-10-08T07:07:33.862086Z  WARN consensus_core::commit_syncer: ⚠️ [RECOVERY-BARRIER] Lag is 0, but schedule_recovery_pending=true. Node restored from snapshot but failed to fetch baseline. MUST enter ScheduleVerifying to rebuild LeaderSchedule naturally.[0m
[32m[INFO][Oct  8 07:07:33]  [RUST] 2026-10-08T07:07:33.862136Z  INFO consensus_core::recovery_barrier: ✅ [RECOVERY-BARRIER] DagCatchingUp → ScheduleVerifying. DAG reached quorum. Waiting for a full 300-commit LeaderSchedule scoring cycle.[0m
[32m[INFO][Oct  8 07:07:33]  [RUST] 2026-10-08T07:07:33.862177Z  INFO consensus_core::commit_syncer::cold_start: 🚀 [BOOTSTRAP] Snapshot restore complete. quorum=63849, transitioning to CatchingUp.[0m
[32m[INFO][Oct  8 07:07:33]  [RUST] 2026-10-08T07:07:33.862191Z  INFO consensus_core::coordination_hub: 🔄 [HUB] Phase transition: Bootstrapping -> CatchingUp[0m
[DIAG tx_recycler] pending=4 submitted=2 confirmed=0 recycled=0 expired=0 capacity_evicted=0
[32m[INFO][Oct  8 07:07:34]  [RUST] 2026-10-08T07:07:34.062192Z  INFO consensus_core::commit_syncer::cold_start: ✅ [COMMIT-SYNCER] Mathematical parity reached (synced=63849 >= quorum=63849, network_synced=0) and RecoveryBarrier=Ready. Clearing startup_sync. Local committer will unlock after DAG density confirmed.[0m
[32m[INFO][Oct  8 07:07:34]  [RUST] 2026-10-08T07:07:34.062347Z  INFO consensus_core::coordination_hub: 🔓 [STARTUP-SYNC] Proposals UNLOCKED — sync complete[0m
[32m[INFO][Oct  8 07:07:34]  [RUST] 2026-10-08T07:07:34.062365Z  INFO consensus_core::coordination_hub: 🔄 [HUB] Phase transition: CatchingUp -> Healthy[0m
[32m[INFO][Oct  8 07:07:34]  [RUST] 2026-10-08T07:07:34.062377Z  INFO consensus_core::commit_syncer: 🛡️ [DAG-GC-GUARD] Transitioning to Healthy. Local committer will automatically remain blocked if it falls behind gc_round.[0m
[32m[INFO][Oct  8 07:07:34]  [RUST] 2026-10-08T07:07:34.062415Z  INFO consensus_core::commit_syncer: 🏃 [LIVENESS] Kicking Core to resume proposals after transitioning to Healthy...[0m
[32m[INFO][Oct  8 07:07:34]  [RUST] 2026-10-08T07:07:34.062640Z  INFO consensus_core::transaction: Proposing block with 8 transactions (2184 bytes). Limit reached: AllTransactionsIncluded[0m
[DIAG submit_no_wait] ok=1 gc=0 timeout=0
[33m[WARN][Oct  8 07:07:34]  [RUST] 2026-10-08T07:07:34.063425Z  WARN consensus_core::commit_finalizer: ⚠️ [COMMIT FINALIZER] Non-sequential commit: expected index 63706, got 63850. Gap of 144 commits (likely FORWARD-JUMP catch-up). Proceeding.[0m
[DIAG digest-gate] direct_ok=1 buffered=0 poll_recovered=0 dropped=0
[DIAG dispatch_commit] dispatched_txs=0 gei_guard_skips=0 gei_guard_skipped_txs=0 fast_skip_empty=145
[32m[INFO][Oct  8 07:07:34]  [RUST] 2026-10-08T07:07:34.066066Z  INFO metanode::consensus::commit_processor::processor: [DIAG leader-addr] preembedded=145 resolved_ok=0 waiting_iters=0 out_of_bounds=0 invalid_len=0[0m
[33m[WARN][Oct  8 07:07:34]  [RUST] 2026-10-08T07:07:34.175547Z  WARN metanode::ffi: ⚠️ [FFI TX FLOW] Rust FFI channel is highly saturated! Capacity remaining: 128/10000[0m
[32m[INFO][Oct  8 07:07:34]  [RUST] 2026-10-08T07:07:34.175611Z  INFO metanode::ffi: 📊 [FFI TX METRICS] total_batches=9, total_bytes=2544, channel_full_events=0, capacity_remaining=128/10000[0m
[33m[WARN][Oct  8 07:07:34]  [RUST] 2026-10-08T07:07:34.181958Z  WARN metanode::ffi: ⚠️ [FFI TX FLOW] Rust FFI channel is highly saturated! Capacity remaining: 128/10000[0m
[32m[INFO][Oct  8 07:07:34]  [RUST] 2026-10-08T07:07:34.261584Z  INFO consensus_core::commit_syncer: 🔗 [BASELINE] Fetching network schedule/digest data for boundary commit #63600 (current cycle: 212)[0m
[33m[WARN][Oct  8 07:07:34]  [RUST] 2026-10-08T07:07:34.261703Z  WARN consensus_core::commit_syncer: ⚠️ [BASELINE] Attempt 1/5: Failed to fetch baseline commit #63849 from network. Retrying in 1s...[0m
[32m[INFO][Oct  8 07:07:34]  [RUST] 2026-10-08T07:07:34.265131Z  INFO consensus_core::transaction: Proposing block with 2 transactions (546 bytes). Limit reached: AllTransactionsIncluded[0m
[32m[INFO][Oct  8 07:07:34]  [RUST] 2026-10-08T07:07:34.376821Z  INFO metanode::node::setup_consensus: ✅ [DAG-GATE] CommitSyncer explicitly unlocked node! Notifying SystemTransactionProvider.[0m
[32m[INFO][Oct  8 07:07:34]  [RUST] 2026-10-08T07:07:34.469264Z  INFO metanode::consensus::tx_recycler: ♻️ [TX RECYCLER] Confirmed 2 TXs from committed sub-DAG (4 still pending)[0m
[32m[INFO][Oct  8 07:07:34]  [RUST] 2026-10-08T07:07:34.469378Z  INFO metanode::node::executor_client::block_sending: 🔪 [FRAGMENT-BUILD] Built sorted TX list: input=8, filtered=0, deduped=6, final=2, system_txs=0[0m
[32m[INFO][Oct  8 07:07:34]  [RUST] 2026-10-08T07:07:34.469428Z  INFO metanode::node::executor_client::block_sending: 📊 [BLOCK-NUM-ASSIGN] Assigned block_number=85 for GEI=85, epoch=0, commit_idx=63852, txs_user=2, txs_sys=0[0m
[32m[INFO][Oct  8 07:07:34]  🔄 [FORCE COMMIT] Received ForceCommitRequest from Rust (reason: commit_g85_e0)[0m
[32m[INFO][Oct  8 07:07:34]  [RUST] 2026-10-08T07:07:34.469742Z  INFO metanode::node::executor_client::rpc_queries: ✅ [EXECUTOR-REQ] ForceCommit successful: ForceCommit callback is not initialized[0m
2026/10/08 07:07:34 Parent Chain: Processing block 85 (GEI 85) with 2 txs
[32m[INFO][Oct  8 07:07:34]  [RUST] 2026-10-08T07:07:34.749446Z  INFO metanode::consensus::tx_recycler: ♻️ [TX RECYCLER] Confirmed 2 TXs from committed sub-DAG (2 still pending)[0m
[32m[INFO][Oct  8 07:07:34]  🔄 [FORCE COMMIT] Received ForceCommitRequest from Rust (reason: commit_g86_e0)[0m
[32m[INFO][Oct  8 07:07:34]  [RUST] 2026-10-08T07:07:34.749692Z  INFO metanode::node::executor_client::rpc_queries: ✅ [EXECUTOR-REQ] ForceCommit successful: ForceCommit callback is not initialized[0m
2026/10/08 07:07:34 block_processor: tx 0x25e8438a rejected in block #85: errCode=215 err=RegisterAccount: float account: account already registered
2026/10/08 07:07:34 Parent Chain: Block #85 applied successfully: txs=2 receipts=2 hash=0x45a2ae3ed99d6e0e stateRoot=0x57b87f9910643ca7
[33m[WARN][Oct  8 07:07:34]  ⏱️ [FFI-TRACE] gei=85 stage=GO_CGO unmarshal_ns=110754 queue_to_resp_ns=289775246 serialize_ns=148108 total_ns=290044914[0m
[33m[WARN][Oct  8 07:07:34]  [RUST] 2026-10-08T07:07:34.759810Z  WARN metanode::node::executor_client::block_sending: ⏱️ [FFI-TRACE] gei=85 stage=RUST sched_ns=126735 cgo_ns=290084424 decode_ns=123578[0m
[33m[WARN][Oct  8 07:07:34]  [RUST] 2026-10-08T07:07:34.759897Z  WARN metanode::node::executor_client::block_sending: ⏱️ [PERF-RUST] FFI execute_block for gei 85 (size=643 bytes): 290.424876ms[0m
[32m[INFO][Oct  8 07:07:34]  [RUST] 2026-10-08T07:07:34.759928Z  INFO metanode::node::executor_client::block_sending: 💾 [BLOCK-SEND] Go computed StateRoot for GEI=85: 0x57b87f9910643ca78259e5f0f3aafbfa335ccbd55433f5ce39f3a8a688d1afda[0m
[DIAG block_delivery] ok_commits=1 ok_txs=8
[32m[INFO][Oct  8 07:07:34]  [RUST] 2026-10-08T07:07:34.760275Z  INFO metanode::node::executor_client::block_store: 💾 [BLOCK STORE] Stored 1 executable blocks (GEI 85→85)[0m
[33m[WARN][Oct  8 07:07:34]  [RUST] 2026-10-08T07:07:34.760346Z  WARN metanode::node::block_delivery: 🐌 [PERF-WARN] send_committed_subdag took 291.192965ms for commit 63852 (GEI=85). Go Execution is lagging![0m
[32m[INFO][Oct  8 07:07:34]  [RUST] 2026-10-08T07:07:34.760477Z  INFO metanode::node::executor_client::block_sending: 🔪 [FRAGMENT-BUILD] Built sorted TX list: input=2, filtered=0, deduped=0, final=2, system_txs=0[0m
[32m[INFO][Oct  8 07:07:34]  [RUST] 2026-10-08T07:07:34.760504Z  INFO metanode::node::executor_client::block_sending: 📊 [BLOCK-NUM-ASSIGN] Assigned block_number=86 for GEI=86, epoch=0, commit_idx=63853, txs_user=2, txs_sys=0[0m
2026/10/08 07:07:34 Parent Chain: Processing block 86 (GEI 86) with 2 txs
2026/10/08 07:07:34 block_processor: tx 0xdfd4bba3 rejected in block #86: errCode=215 err=RegisterAccount: float account: account already registered
2026/10/08 07:07:34 Parent Chain: Block #86 applied successfully: txs=2 receipts=2 hash=0x31206bbb74aae10c stateRoot=0x6428254ad6c0a1fc
[33m[WARN][Oct  8 07:07:34]  ⏱️ [FFI-TRACE] gei=86 stage=GO_CGO unmarshal_ns=44190 queue_to_resp_ns=12894848 serialize_ns=11922 total_ns=12960372[0m
[33m[WARN][Oct  8 07:07:34]  [RUST] 2026-10-08T07:07:34.773705Z  WARN metanode::node::executor_client::block_sending: ⏱️ [FFI-TRACE] gei=86 stage=RUST sched_ns=30057 cgo_ns=13003282 decode_ns=113620[0m
[33m[WARN][Oct  8 07:07:34]  [RUST] 2026-10-08T07:07:34.773766Z  WARN metanode::node::executor_client::block_sending: ⏱️ [PERF-RUST] FFI execute_block for gei 86 (size=643 bytes): 13.209727ms[0m
[32m[INFO][Oct  8 07:07:34]  [RUST] 2026-10-08T07:07:34.773786Z  INFO metanode::node::executor_client::block_sending: 💾 [BLOCK-SEND] Go computed StateRoot for GEI=86: 0x6428254ad6c0a1fcd524d88755540b8fb6073d2303569ef548c54fa74f3cf7fe[0m
[32m[INFO][Oct  8 07:07:34]  [RUST] 2026-10-08T07:07:34.774181Z  INFO metanode::node::executor_client::block_store: 💾 [BLOCK STORE] Stored 1 executable blocks (GEI 86→86)[0m
[33m[WARN][Oct  8 07:07:35]  [RUST] 2026-10-08T07:07:35.262785Z  WARN consensus_core::commit_syncer: ⚠️ [BASELINE] Attempt 2/5: Failed to fetch baseline commit #63849 from network. Retrying in 1s...[0m
[DIAG digest-gate] direct_ok=11 buffered=0 poll_recovered=0 dropped=0
[DIAG dispatch_commit] dispatched_txs=10 gei_guard_skips=0 gei_guard_skipped_txs=0 fast_skip_empty=153
[33m[WARN][Oct  8 07:07:36]  [RUST] 2026-10-08T07:07:36.264176Z  WARN consensus_core::commit_syncer: ⚠️ [BASELINE] Attempt 3/5: Failed to fetch baseline commit #63849 from network. Retrying in 1s...[0m
[33m[WARN][Oct  8 07:07:37]  [RUST] 2026-10-08T07:07:37.265395Z  WARN consensus_core::commit_syncer: ⚠️ [BASELINE] Attempt 4/5: Failed to fetch baseline commit #63849 from network. Retrying in 1s...[0m
[DIAG digest-gate] direct_ok=21 buffered=0 poll_recovered=0 dropped=0
[DIAG dispatch_commit] dispatched_txs=10 gei_guard_skips=0 gei_guard_skipped_txs=0 fast_skip_empty=163
[33m[WARN][Oct  8 07:07:38]  [RUST] 2026-10-08T07:07:38.266858Z  WARN consensus_core::commit_syncer: ⚠️ [BASELINE] Attempt 5/5: Failed to fetch baseline commit #63849 from network. Retrying in 1s...[0m
[DIAG tx_recycler] pending=2 submitted=4 confirmed=4 recycled=0 expired=0 capacity_evicted=0
[32m[INFO][Oct  8 07:07:39]  [RUST] 2026-10-08T07:07:39.109754Z  INFO metanode::consensus::commit_processor::processor: [DIAG leader-addr] preembedded=170 resolved_ok=0 waiting_iters=0 out_of_bounds=0 invalid_len=0[0m
[33m[WARN][Oct  8 07:07:39]  [RUST] 2026-10-08T07:07:39.267709Z  WARN consensus_core::commit_syncer: 🚨 [BASELINE] Failed to fetch baseline commit #63849 after 5 attempts. ALL peers unreachable (network partition?). Skipping baseline — entering ScheduleVerifying for natural rebuild. Fork-safe: no proposals until schedule is verified.[0m
[32m[INFO][Oct  8 07:07:39]  [RUST] 2026-10-08T07:07:39.267833Z  INFO consensus_core::commit_syncer: 🛡️ [UNIFIED STATE] Phase: Healthy | Local DAG Commit: 63875 | Synced: 63849 | Network Quorum: 63875 | Lag(dag): 0 | Lag(synced,gates-on-this): 26 | Block Source: CONSENSUS (Healthy)[0m
[32m[INFO][Oct  8 07:07:39]  [RUST] 2026-10-08T07:07:39.267888Z  INFO consensus_core::coordination_hub: 🔄 [HUB] Phase transition: Healthy -> CatchingUp[0m
[32m[INFO][Oct  8 07:07:39]  [RUST] 2026-10-08T07:07:39.267918Z  INFO consensus_core::coordination_hub: 🔄 [HUB] Phase transition: CatchingUp -> Healthy[0m
[32m[INFO][Oct  8 07:07:39]  [RUST] 2026-10-08T07:07:39.267928Z  INFO consensus_core::commit_syncer: 🛡️ [DAG-GC-GUARD] Transitioning to Healthy. Local committer will automatically remain blocked if it falls behind gc_round.[0m
[32m[INFO][Oct  8 07:07:39]  [RUST] 2026-10-08T07:07:39.267950Z  INFO consensus_core::commit_syncer: 🔗 [BASELINE] Fetching network schedule/digest data for boundary commit #63600 (current cycle: 212)[0m
[33m[WARN][Oct  8 07:07:39]  [RUST] 2026-10-08T07:07:39.267968Z  WARN consensus_core::commit_syncer: ⚠️ [BASELINE] Attempt 1/5: Failed to fetch baseline commit #63875 from network. Retrying in 1s...[0m
[32m[INFO][Oct  8 07:07:39]  [RUST] 2026-10-08T07:07:39.268027Z  INFO consensus_core::commit_syncer: 🏃 [LIVENESS] Kicking Core to resume proposals after transitioning to Healthy...[0m
[DIAG digest-gate] direct_ok=31 buffered=0 poll_recovered=0 dropped=0
[DIAG dispatch_commit] dispatched_txs=10 gei_guard_skips=0 gei_guard_skipped_txs=0 fast_skip_empty=173
[33m[WARN][Oct  8 07:07:40]  [RUST] 2026-10-08T07:07:40.269275Z  WARN consensus_core::commit_syncer: ⚠️ [BASELINE] Attempt 2/5: Failed to fetch baseline commit #63875 from network. Retrying in 1s...[0m
[33m[WARN][Oct  8 07:07:41]  [RUST] 2026-10-08T07:07:41.271182Z  WARN consensus_core::commit_syncer: ⚠️ [BASELINE] Attempt 3/5: Failed to fetch baseline commit #63875 from network. Retrying in 1s...[0m
[DIAG digest-gate] direct_ok=41 buffered=0 poll_recovered=0 dropped=0
[DIAG dispatch_commit] dispatched_txs=10 gei_guard_skips=0 gei_guard_skipped_txs=0 fast_skip_empty=183
[33m[WARN][Oct  8 07:07:42]  [RUST] 2026-10-08T07:07:42.272938Z  WARN consensus_core::commit_syncer: ⚠️ [BASELINE] Attempt 4/5: Failed to fetch baseline commit #63875 from network. Retrying in 1s...[0m
[33m[WARN][Oct  8 07:07:43]  [RUST] 2026-10-08T07:07:43.273494Z  WARN consensus_core::commit_syncer: ⚠️ [BASELINE] Attempt 5/5: Failed to fetch baseline commit #63875 from network. Retrying in 1s...[0m
[DIAG tx_recycler] pending=2 submitted=4 confirmed=4 recycled=0 expired=0 capacity_evicted=0
[33m[WARN][Oct  8 07:07:44]  [RUST] 2026-10-08T07:07:44.111556Z  WARN consensus_core::core::commit_manager: 🚫 [SCHEDULE-RECOVERY] DAG lacks 300 commits at schedule update boundary (commit_index=63900). Skipping LeaderSchedule update to prevent reputation score divergence. Local committer will remain permanently blocked for this epoch.[0m
[DIAG digest-gate] direct_ok=51 buffered=0 poll_recovered=0 dropped=0
[DIAG dispatch_commit] dispatched_txs=[32m[INFO][Oct  8 07:07:44]  [RUST] 2026-10-08T07:07:44.113215Z  INFO metanode::consensus::commit_processor::processor: [DIAG leader-addr] preembedded=195 resolved_ok=0 waiting_iters=0 out_of_bounds=0 invalid_len=0[0m
10 gei_guard_skips=0 gei_guard_skipped_txs=0 fast_skip_empty=193
[33m[WARN][Oct  8 07:07:44]  [RUST] 2026-10-08T07:07:44.274627Z  WARN consensus_core::commit_syncer: 🚨 [BASELINE] Failed to fetch baseline commit #63875 after 5 attempts. ALL peers unreachable (network partition?). Skipping baseline — entering ScheduleVerifying for natural rebuild. Fork-safe: no proposals until schedule is verified.[0m
[32m[INFO][Oct  8 07:07:44]  [RUST] 2026-10-08T07:07:44.274704Z  INFO consensus_core::commit_syncer: 🛡️ [UNIFIED STATE] Phase: Healthy | Local DAG Commit: 63900 | Synced: 63875 | Network Quorum: 63900 | Lag(dag): 0 | Lag(synced,gates-on-this): 25 | Block Source: CONSENSUS (Healthy)[0m
[32m[INFO][Oct  8 07:07:44]  [RUST] 2026-10-08T07:07:44.274725Z  INFO consensus_core::coordination_hub: 🔄 [HUB] Phase transition: Healthy -> CatchingUp[0m
[32m[INFO][Oct  8 07:07:44]  [RUST] 2026-10-08T07:07:44.274824Z  INFO consensus_core::coordination_hub: 🔄 [HUB] Phase transition: CatchingUp -> Healthy[0m
[32m[INFO][Oct  8 07:07:44]  [RUST] 2026-10-08T07:07:44.274850Z  INFO consensus_core::commit_syncer: 🛡️ [DAG-GC-GUARD] Transitioning to Healthy. Local committer will automatically remain blocked if it falls behind gc_round.[0m
[32m[INFO][Oct  8 07:07:44]  [RUST] 2026-10-08T07:07:44.274864Z  INFO consensus_core::commit_syncer: 🔗 [BASELINE] Fetching network schedule/digest data for boundary commit #63900 (current cycle: 213)[0m
[33m[WARN][Oct  8 07:07:44]  [RUST] 2026-10-08T07:07:44.274880Z  WARN consensus_core::commit_syncer: ⚠️ [BASELINE] Attempt 1/5: Failed to fetch baseline commit #63900 from network. Retrying in 1s...[0m
[32m[INFO][Oct  8 07:07:44]  [RUST] 2026-10-08T07:07:44.274893Z  INFO consensus_core::commit_syncer: 🏃 [LIVENESS] Kicking Core to resume proposals after transitioning to Healthy...[0m
[33m[WARN][Oct  8 07:07:45]  [RUST] 2026-10-08T07:07:45.275954Z  WARN consensus_core::commit_syncer: ⚠️ [BASELINE] Attempt 2/5: Failed to fetch baseline commit #63900 from network. Retrying in 1s...[0m
[DIAG digest-gate] direct_ok=61 buffered=0 poll_recovered=0 dropped=0
[DIAG dispatch_commit] dispatched_txs=10 gei_guard_skips=0 gei_guard_skipped_txs=0 fast_skip_empty=203
[33m[WARN][Oct  8 07:07:46]  [RUST] 2026-10-08T07:07:46.277076Z  WARN consensus_core::commit_syncer: ⚠️ [BASELINE] Attempt 3/5: Failed to fetch baseline commit #63900 from network. Retrying in 1s...[0m
[33m[WARN][Oct  8 07:07:47]  [RUST] 2026-10-08T07:07:47.278902Z  WARN consensus_core::commit_syncer: ⚠️ [BASELINE] Attempt 4/5: Failed to fetch baseline commit #63900 from network. Retrying in 1s...[0m
[DIAG digest-gate] direct_ok=71 buffered=0 poll_recovered=0 dropped=0
[DIAG dispatch_commit] dispatched_txs=10 gei_guard_skips=0 gei_guard_skipped_txs=0 fast_skip_empty=213
[33m[WARN][Oct  8 07:07:48]  [RUST] 2026-10-08T07:07:48.279796Z  WARN consensus_core::commit_syncer: ⚠️ [BASELINE] Attempt 5/5: Failed to fetch baseline commit #63900 from network. Retrying in 1s...[0m
[DIAG tx_recycler] pending=2 submitted=4 confirmed=4 recycled=0 expired=0 capacity_evicted=0
[32m[INFO][Oct  8 07:07:49]  [RUST] 2026-10-08T07:07:49.115128Z  INFO metanode::consensus::commit_processor::processor: [DIAG leader-addr] preembedded=220 resolved_ok=0 waiting_iters=0 out_of_bounds=0 invalid_len=0[0m
[33m[WARN][Oct  8 07:07:49]  [RUST] 2026-10-08T07:07:49.280667Z  WARN consensus_core::commit_syncer: 🚨 [BASELINE] Failed to fetch baseline commit #63900 after 5 attempts. ALL peers unreachable (network partition?). Skipping baseline — entering ScheduleVerifying for natural rebuild. Fork-safe: no proposals until schedule is verified.[0m
[32m[INFO][Oct  8 07:07:49]  [RUST] 2026-10-08T07:07:49.280749Z  INFO consensus_core::commit_syncer: 🛡️ [UNIFIED STATE] Phase: Healthy | Local DAG Commit: 63925 | Synced: 63900 | Network Quorum: 63925 | Lag(dag): 0 | Lag(synced,gates-on-this): 25 | Block Source: CONSENSUS (Healthy)[0m
[32m[INFO][Oct  8 07:07:49]  [RUST] 2026-10-08T07:07:49.280771Z  INFO consensus_core::coordination_hub: 🔄 [HUB] Phase transition: Healthy -> CatchingUp[0m
[32m[INFO][Oct  8 07:07:49]  [RUST] 2026-10-08T07:07:49.280791Z  INFO consensus_core::coordination_hub: 🔄 [HUB] Phase transition: CatchingUp -> Healthy[0m
[32m[INFO][Oct  8 07:07:49]  [RUST] 2026-10-08T07:07:49.280796Z  INFO consensus_core::commit_syncer: 🛡️ [DAG-GC-GUARD] Transitioning to Healthy. Local committer will automatically remain blocked if it falls behind gc_round.[0m
[32m[INFO][Oct  8 07:07:49]  [RUST] 2026-10-08T07:07:49.280815Z  INFO consensus_core::commit_syncer: 🔗 [BASELINE] Fetching network schedule/digest data for boundary commit #63900 (current cycle: 213)[0m
[33m[WARN][Oct  8 07:07:49]  [RUST] 2026-10-08T07:07:49.280827Z  WARN consensus_core::commit_syncer: ⚠️ [BASELINE] Attempt 1/5: Failed to fetch baseline commit #63925 from network. Retrying in 1s...[0m
[32m[INFO][Oct  8 07:07:49]  [RUST] 2026-10-08T07:07:49.280846Z  INFO consensus_core::commit_syncer: 🏃 [LIVENESS] Kicking Core to resume proposals after transitioning to Healthy...[0m
[DIAG digest-gate] direct_ok=81 buffered=0 poll_recovered=0 dropped=0
[DIAG dispatch_commit] dispatched_txs=10 gei_guard_skips=0 gei_guard_skipped_txs=0 fast_skip_empty=223
[33m[WARN][Oct  8 07:07:50]  [RUST] 2026-10-08T07:07:50.281657Z  WARN consensus_core::commit_syncer: ⚠️ [BASELINE] Attempt 2/5: Failed to fetch baseline commit #63925 from network. Retrying in 1s...[0m
[33m[WARN][Oct  8 07:07:51]  [RUST] 2026-10-08T07:07:51.282863Z  WARN consensus_core::commit_syncer: ⚠️ [BASELINE] Attempt 3/5: Failed to fetch baseline commit #63925 from network. Retrying in 1s...[0m
[DIAG digest-gate] direct_ok=91 buffered=0 poll_recovered=0 dropped=0
[DIAG dispatch_commit] dispatched_txs=10 gei_guard_skips=0 gei_guard_skipped_txs=0 fast_skip_empty=233
[33m[WARN][Oct  8 07:07:52]  [RUST] 2026-10-08T07:07:52.283354Z  WARN consensus_core::commit_syncer: ⚠️ [BASELINE] Attempt 4/5: Failed to fetch baseline commit #63925 from network. Retrying in 1s...[0m
[33m[WARN][Oct  8 07:07:53]  [RUST] 2026-10-08T07:07:53.284645Z  WARN consensus_core::commit_syncer: ⚠️ [BASELINE] Attempt 5/5: Failed to fetch baseline commit #63925 from network. Retrying in 1s...[0m
[DIAG tx_recycler] pending=2 submitted=4 confirmed=4 recycled=0 expired=0 capacity_evicted=0
[DIAG digest-gate] direct_ok=101 buffered=0 poll_recovered=0 dropped=0
[32m[INFO][Oct  8 07:07:54]  [RUST] 2026-10-08T07:07:54.126063Z  INFO metanode::consensus::commit_processor::processor: [DIAG leader-addr] preembedded=245 resolved_ok=0 waiting_iters=0 out_of_bounds=0 invalid_len=0[0m
[DIAG dispatch_commit] dispatched_txs=10 gei_guard_skips=0 gei_guard_skipped_txs=0 fast_skip_empty=243
[33m[WARN][Oct  8 07:07:54]  [RUST] 2026-10-08T07:07:54.285598Z  WARN consensus_core::commit_syncer: 🚨 [BASELINE] Failed to fetch baseline commit #63925 after 5 attempts. ALL peers unreachable (network partition?). Skipping baseline — entering ScheduleVerifying for natural rebuild. Fork-safe: no proposals until schedule is verified.[0m
[32m[INFO][Oct  8 07:07:54]  [RUST] 2026-10-08T07:07:54.285670Z  INFO consensus_core::commit_syncer: 🛡️ [UNIFIED STATE] Phase: Healthy | Local DAG Commit: 63950 | Synced: 63925 | Network Quorum: 63950 | Lag(dag): 0 | Lag(synced,gates-on-this): 25 | Block Source: CONSENSUS (Healthy)[0m
[32m[INFO][Oct  8 07:07:54]  [RUST] 2026-10-08T07:07:54.285693Z  INFO consensus_core::coordination_hub: 🔄 [HUB] Phase transition: Healthy -> CatchingUp[0m
[32m[INFO][Oct  8 07:07:54]  [RUST] 2026-10-08T07:07:54.285717Z  INFO consensus_core::coordination_hub: 🔄 [HUB] Phase transition: CatchingUp -> Healthy[0m
[32m[INFO][Oct  8 07:07:54]  [RUST] 2026-10-08T07:07:54.285723Z  INFO consensus_core::commit_syncer: 🛡️ [DAG-GC-GUARD] Transitioning to Healthy. Local committer will automatically remain blocked if it falls behind gc_round.[0m
[32m[INFO][Oct  8 07:07:54]  [RUST] 2026-10-08T07:07:54.285741Z  INFO consensus_core::commit_syncer: 🔗 [BASELINE] Fetching network schedule/digest data for boundary commit #63900 (current cycle: 213)[0m
[33m[WARN][Oct  8 07:07:54]  [RUST] 2026-10-08T07:07:54.285755Z  WARN consensus_core::commit_syncer: ⚠️ [BASELINE] Attempt 1/5: Failed to fetch baseline commit #63950 from network. Retrying in 1s...[0m
[32m[INFO][Oct  8 07:07:54]  [RUST] 2026-10-08T07:07:54.285779Z  INFO consensus_core::commit_syncer: 🏃 [LIVENESS] Kicking Core to resume proposals after transitioning to Healthy...[0m
[33m[WARN][Oct  8 07:07:55]  [RUST] 2026-10-08T07:07:55.286476Z  WARN consensus_core::commit_syncer: ⚠️ [BASELINE] Attempt 2/5: Failed to fetch baseline commit #63950 from network. Retrying in 1s...[0m
[DIAG digest-gate] direct_ok=111 buffered=0 poll_recovered=0 dropped=0
[DIAG dispatch_commit] dispatched_txs=10 gei_guard_skips=0 gei_guard_skipped_txs=0 fast_skip_empty=253
[33m[WARN][Oct  8 07:07:56]  [RUST] 2026-10-08T07:07:56.288074Z  WARN consensus_core::commit_syncer: ⚠️ [BASELINE] Attempt 3/5: Failed to fetch baseline commit #63950 from network. Retrying in 1s...[0m
[33m[WARN][Oct  8 07:07:57]  [RUST] 2026-10-08T07:07:57.289758Z  WARN consensus_core::commit_syncer: ⚠️ [BASELINE] Attempt 4/5: Failed to fetch baseline commit #63950 from network. Retrying in 1s...[0m
[DIAG digest-gate] direct_ok=121 buffered=0 poll_recovered=0 dropped=0
[DIAG dispatch_commit] dispatched_txs=10 gei_guard_skips=0 gei_guard_skipped_txs=0 fast_skip_empty=263
[33m[WARN][Oct  8 07:07:58]  [RUST] 2026-10-08T07:07:58.290454Z  WARN consensus_core::commit_syncer: ⚠️ [BASELINE] Attempt 5/5: Failed to fetch baseline commit #63950 from network. Retrying in 1s...[0m
[DIAG tx_recycler] pending=2 submitted=4 confirmed=4 recycled=0 expired=0 capacity_evicted=0
[33m[WARN][Oct  8 07:07:58]  [RUST] 2026-10-08T07:07:58.865571Z  WARN metanode::node::health_check: ⚠️ [HEALTH] No peers configured. Skipping health check.[0m
[32m[INFO][Oct  8 07:07:58]  [RUST] 2026-10-08T07:07:58.865690Z  INFO metanode::node::setup_consensus: ✅ [HEALTH] Post-recovery health check PASSED (attempt 1/3): HealthCheckResult { block_parity: true, gei_parity: true, state_root_match: true, committee_match: true }[0m
[32m[INFO][Oct  8 07:07:59]  [RUST] 2026-10-08T07:07:59.162293Z  INFO metanode::consensus::commit_processor::processor: [DIAG leader-addr] preembedded=270 resolved_ok=0 waiting_iters=0 out_of_bounds=0 invalid_len=0[0m
[33m[WARN][Oct  8 07:07:59]  [RUST] 2026-10-08T07:07:59.291788Z  WARN consensus_core::commit_syncer: 🚨 [BASELINE] Failed to fetch baseline commit #63950 after 5 attempts. ALL peers unreachable (network partition?). Skipping baseline — entering ScheduleVerifying for natural rebuild. Fork-safe: no proposals until schedule is verified.[0m
[32m[INFO][Oct  8 07:07:59]  [RUST] 2026-10-08T07:07:59.291922Z  INFO consensus_core::commit_syncer: 🛡️ [UNIFIED STATE] Phase: Healthy | Local DAG Commit: 63975 | Synced: 63950 | Network Quorum: 63975 | Lag(dag): 0 | Lag(synced,gates-on-this): 25 | Block Source: CONSENSUS (Healthy)[0m
[32m[INFO][Oct  8 07:07:59]  [RUST] 2026-10-08T07:07:59.291960Z  INFO consensus_core::coordination_hub: 🔄 [HUB] Phase transition: Healthy -> CatchingUp[0m
[32m[INFO][Oct  8 07:07:59]  [RUST] 2026-10-08T07:07:59.292015Z  INFO consensus_core::coordination_hub: 🔄 [HUB] Phase transition: CatchingUp -> Healthy[0m
[32m[INFO][Oct  8 07:07:59]  [RUST] 2026-10-08T07:07:59.292027Z  INFO consensus_core::commit_syncer: 🛡️ [DAG-GC-GUARD] Transitioning to Healthy. Local committer will automatically remain blocked if it falls behind gc_round.[0m
[32m[INFO][Oct  8 07:07:59]  [RUST] 2026-10-08T07:07:59.292045Z  INFO consensus_core::commit_syncer: 🔗 [BASELINE] Fetching network schedule/digest data for boundary commit #63900 (current cycle: 213)[0m
[33m[WARN][Oct  8 07:07:59]  [RUST] 2026-10-08T07:07:59.292067Z  WARN consensus_core::commit_syncer: ⚠️ [BASELINE] Attempt 1/5: Failed to fetch baseline commit #63975 from network. Retrying in 1s...[0m
[32m[INFO][Oct  8 07:07:59]  [RUST] 2026-10-08T07:07:59.292109Z  INFO consensus_core::commit_syncer: 🏃 [LIVENESS] Kicking Core to resume proposals after transitioning to Healthy...[0m
[DIAG digest-gate] direct_ok=131 buffered=0 poll_recovered=0 dropped=0
[DIAG dispatch_commit] dispatched_txs=10 gei_guard_skips=0 gei_guard_skipped_txs=0 fast_skip_empty=273
[33m[WARN][Oct  8 07:08:00]  [RUST] 2026-10-08T07:08:00.293075Z  WARN consensus_core::commit_syncer: ⚠️ [BASELINE] Attempt 2/5: Failed to fetch baseline commit #63975 from network. Retrying in 1s...[0m
[33m[WARN][Oct  8 07:08:01]  [RUST] 2026-10-08T07:08:01.294520Z  WARN consensus_core::commit_syncer: ⚠️ [BASELINE] Attempt 3/5: Failed to fetch baseline commit #63975 from network. Retrying in 1s...[0m
[DIAG digest-gate] direct_ok=141 buffered=0 poll_recovered=0 dropped=0
[DIAG dispatch_commit] dispatched_txs=10 gei_guard_skips=0 gei_guard_skipped_txs=0 fast_skip_empty=283
[33m[WARN][Oct  8 07:08:02]  [RUST] 2026-10-08T07:08:02.295287Z  WARN consensus_core::commit_syncer: ⚠️ [BASELINE] Attempt 4/5: Failed to fetch baseline commit #63975 from network. Retrying in 1s...[0m
[33m[WARN][Oct  8 07:08:03]  [RUST] 2026-10-08T07:08:03.296408Z  WARN consensus_core::commit_syncer: ⚠️ [BASELINE] Attempt 5/5: Failed to fetch baseline commit #63975 from network. Retrying in 1s...[0m
[DIAG tx_recycler] pending=2 submitted=4 confirmed=4 recycled=0 expired=0 capacity_evicted=0
[DIAG digest-gate] direct_ok=150 buffered=0 poll_recovered=0 dropped=0
[DIAG dispatch_commit] dispatched_txs=10 gei_guard_skips=0 gei_guard_skipped_txs=0 fast_skip_empty=292
[32m[INFO][Oct  8 07:08:04]  [RUST] 2026-10-08T07:08:04.071227Z  INFO metanode::consensus::commit_processor::processor: [DIAG leader-addr] preembedded=294 resolved_ok=0 waiting_iters=0 out_of_bounds=0 invalid_len=0[0m
[33m[WARN][Oct  8 07:08:04]  [RUST] 2026-10-08T07:08:04.297747Z  WARN consensus_core::commit_syncer: 🚨 [BASELINE] Failed to fetch baseline commit #63975 after 5 attempts. ALL peers unreachable (network partition?). Skipping baseline — entering ScheduleVerifying for natural rebuild. Fork-safe: no proposals until schedule is verified.[0m
[32m[INFO][Oct  8 07:08:04]  [RUST] 2026-10-08T07:08:04.297816Z  INFO consensus_core::commit_syncer: 🛡️ [UNIFIED STATE] Phase: Healthy | Local DAG Commit: 64000 | Synced: 63975 | Network Quorum: 64000 | Lag(dag): 0 | Lag(synced,gates-on-this): 25 | Block Source: CONSENSUS (Healthy)[0m
[32m[INFO][Oct  8 07:08:04]  [RUST] 2026-10-08T07:08:04.297835Z  INFO consensus_core::coordination_hub: 🔄 [HUB] Phase transition: Healthy -> CatchingUp[0m
[32m[INFO][Oct  8 07:08:04]  [RUST] 2026-10-08T07:08:04.297851Z  INFO consensus_core::coordination_hub: 🔄 [HUB] Phase transition: CatchingUp -> Healthy[0m
[32m[INFO][Oct  8 07:08:04]  [RUST] 2026-10-08T07:08:04.297908Z  INFO consensus_core::commit_syncer: 🛡️ [DAG-GC-GUARD] Transitioning to Healthy. Local committer will automatically remain blocked if it falls behind gc_round.[0m
[32m[INFO][Oct  8 07:08:04]  [RUST] 2026-10-08T07:08:04.297938Z  INFO consensus_core::commit_syncer: 🔗 [BASELINE] Fetching network schedule/digest data for boundary commit #63900 (current cycle: 213)[0m
[33m[WARN][Oct  8 07:08:04]  [RUST] 2026-10-08T07:08:04.297950Z  WARN consensus_core::commit_syncer: ⚠️ [BASELINE] Attempt 1/5: Failed to fetch baseline commit #64000 from network. Retrying in 1s...[0m
[32m[INFO][Oct  8 07:08:04]  [RUST] 2026-10-08T07:08:04.297964Z  INFO consensus_core::commit_syncer: 🏃 [LIVENESS] Kicking Core to resume proposals after transitioning to Healthy...[0m
[33m[WARN][Oct  8 07:08:05]  [RUST] 2026-10-08T07:08:05.298957Z  WARN consensus_core::commit_syncer: ⚠️ [BASELINE] Attempt 2/5: Failed to fetch baseline commit #64000 from network. Retrying in 1s...[0m
[DIAG digest-gate] direct_ok=161 buffered=0 poll_recovered=0 dropped=0
[DIAG dispatch_commit] dispatched_txs=10 gei_guard_skips=0 gei_guard_skipped_txs=0 fast_skip_empty=303
[33m[WARN][Oct  8 07:08:06]  [RUST] 2026-10-08T07:08:06.300006Z  WARN consensus_core::commit_syncer: ⚠️ [BASELINE] Attempt 3/5: Failed to fetch baseline commit #64000 from network. Retrying in 1s...[0m
[33m[WARN][Oct  8 07:08:07]  [RUST] 2026-10-08T07:08:07.300298Z  WARN consensus_core::commit_syncer: ⚠️ [BASELINE] Attempt 4/5: Failed to fetch baseline commit #64000 from network. Retrying in 1s...[0m
[DIAG digest-gate] direct_ok=171 buffered=0 poll_recovered=0 dropped=0
[DIAG dispatch_commit] dispatched_txs=10 gei_guard_skips=0 gei_guard_skipped_txs=0 fast_skip_empty=313
[33m[WARN][Oct  8 07:08:08]  [RUST] 2026-10-08T07:08:08.302237Z  WARN consensus_core::commit_syncer: ⚠️ [BASELINE] Attempt 5/5: Failed to fetch baseline commit #64000 from network. Retrying in 1s...[0m
[DIAG tx_recycler] pending=2 submitted=4 confirmed=4 recycled=0 expired=0 capacity_evicted=0
[32m[INFO][Oct  8 07:08:09]  [RUST] 2026-10-08T07:08:09.147289Z  INFO metanode::consensus::commit_processor::processor: [DIAG leader-addr] preembedded=320 resolved_ok=0 waiting_iters=0 out_of_bounds=0 invalid_len=0[0m
[33m[WARN][Oct  8 07:08:09]  [RUST] 2026-10-08T07:08:09.303932Z  WARN consensus_core::commit_syncer: 🚨 [BASELINE] Failed to fetch baseline commit #64000 after 5 attempts. ALL peers unreachable (network partition?). Skipping baseline — entering ScheduleVerifying for natural rebuild. Fork-safe: no proposals until schedule is verified.[0m
[32m[INFO][Oct  8 07:08:09]  [RUST] 2026-10-08T07:08:09.304049Z  INFO consensus_core::commit_syncer: 🛡️ [UNIFIED STATE] Phase: Healthy | Local DAG Commit: 64025 | Synced: 64000 | Network Quorum: 64025 | Lag(dag): 0 | Lag(synced,gates-on-this): 25 | Block Source: CONSENSUS (Healthy)[0m
[32m[INFO][Oct  8 07:08:09]  [RUST] 2026-10-08T07:08:09.304087Z  INFO consensus_core::coordination_hub: 🔄 [HUB] Phase transition: Healthy -> CatchingUp[0m
[32m[INFO][Oct  8 07:08:09]  [RUST] 2026-10-08T07:08:09.304119Z  INFO consensus_core::coordination_hub: 🔄 [HUB] Phase transition: CatchingUp -> Healthy[0m
[32m[INFO][Oct  8 07:08:09]  [RUST] 2026-10-08T07:08:09.304130Z  INFO consensus_core::commit_syncer: 🛡️ [DAG-GC-GUARD] Transitioning to Healthy. Local committer will automatically remain blocked if it falls behind gc_round.[0m
[32m[INFO][Oct  8 07:08:09]  [RUST] 2026-10-08T07:08:09.304163Z  INFO consensus_core::commit_syncer: 🔗 [BASELINE] Fetching network schedule/digest data for boundary commit #63900 (current cycle: 213)[0m
[33m[WARN][Oct  8 07:08:09]  [RUST] 2026-10-08T07:08:09.304182Z  WARN consensus_core::commit_syncer: ⚠️ [BASELINE] Attempt 1/5: Failed to fetch baseline commit #64025 from network. Retrying in 1s...[0m
[32m[INFO][Oct  8 07:08:09]  [RUST] 2026-10-08T07:08:09.304205Z  INFO consensus_core::commit_syncer: 🏃 [LIVENESS] Kicking Core to resume proposals after transitioning to Healthy...[0m
[DIAG digest-gate] direct_ok=181 buffered=0 poll_recovered=0 dropped=0
[DIAG dispatch_commit] dispatched_txs=10 gei_guard_skips=0 gei_guard_skipped_txs=0 fast_skip_empty=323
[33m[WARN][Oct  8 07:08:10]  [RUST] 2026-10-08T07:08:10.305723Z  WARN consensus_core::commit_syncer: ⚠️ [BASELINE] Attempt 2/5: Failed to fetch baseline commit #64025 from network. Retrying in 1s...[0m
[33m[WARN][Oct  8 07:08:11]  [RUST] 2026-10-08T07:08:11.307475Z  WARN consensus_core::commit_syncer: ⚠️ [BASELINE] Attempt 3/5: Failed to fetch baseline commit #64025 from network. Retrying in 1s...[0m
[DIAG digest-gate] direct_ok=191 buffered=0 poll_recovered=0 dropped=0
[DIAG dispatch_commit] dispatched_txs=10 gei_guard_skips=0 gei_guard_skipped_txs=0 fast_skip_empty=333
[33m[WARN][Oct  8 07:08:12]  [RUST] 2026-10-08T07:08:12.308298Z  WARN consensus_core::commit_syncer: ⚠️ [BASELINE] Attempt 4/5: Failed to fetch baseline commit #64025 from network. Retrying in 1s...[0m
[33m[WARN][Oct  8 07:08:13]  [RUST] 2026-10-08T07:08:13.309626Z  WARN consensus_core::commit_syncer: ⚠️ [BASELINE] Attempt 5/5: Failed to fetch baseline commit #64025 from network. Retrying in 1s...[0m
[DIAG tx_recycler] pending=2 submitted=4 confirmed=4 recycled=0 expired=0 capacity_evicted=0
[DIAG digest-gate] direct_ok=201 buffered=0 poll_recovered=0 dropped=0
[32m[INFO][Oct  8 07:08:14]  [RUST] 2026-10-08T07:08:14.149591Z  INFO metanode::consensus::commit_processor::processor: [DIAG leader-addr] preembedded=345 resolved_ok=0 waiting_iters=0 out_of_bounds=0 invalid_len=0[0m
[DIAG dispatch_commit] dispatched_txs=10 gei_guard_skips=0 gei_guard_skipped_txs=0 fast_skip_empty=343
[33m[WARN][Oct  8 07:08:14]  [RUST] 2026-10-08T07:08:14.310271Z  WARN consensus_core::commit_syncer: 🚨 [BASELINE] Failed to fetch baseline commit #64025 after 5 attempts. ALL peers unreachable (network partition?). Skipping baseline — entering ScheduleVerifying for natural rebuild. Fork-safe: no proposals until schedule is verified.[0m
[32m[INFO][Oct  8 07:08:14]  [RUST] 2026-10-08T07:08:14.310419Z  INFO consensus_core::commit_syncer: 🛡️ [UNIFIED STATE] Phase: Healthy | Local DAG Commit: 64050 | Synced: 64025 | Network Quorum: 64050 | Lag(dag): 0 | Lag(synced,gates-on-this): 25 | Block Source: CONSENSUS (Healthy)[0m
[32m[INFO][Oct  8 07:08:14]  [RUST] 2026-10-08T07:08:14.310440Z  INFO consensus_core::coordination_hub: 🔄 [HUB] Phase transition: Healthy -> CatchingUp[0m
[32m[INFO][Oct  8 07:08:14]  [RUST] 2026-10-08T07:08:14.310457Z  INFO consensus_core::coordination_hub: 🔄 [HUB] Phase transition: CatchingUp -> Healthy[0m
[32m[INFO][Oct  8 07:08:14]  [RUST] 2026-10-08T07:08:14.310467Z  INFO consensus_core::commit_syncer: 🛡️ [DAG-GC-GUARD] Transitioning to Healthy. Local committer will automatically remain blocked if it falls behind gc_round.[0m
[32m[INFO][Oct  8 07:08:14]  [RUST] 2026-10-08T07:08:14.310482Z  INFO consensus_core::commit_syncer: 🔗 [BASELINE] Fetching network schedule/digest data for boundary commit #63900 (current cycle: 213)[0m
[33m[WARN][Oct  8 07:08:14]  [RUST] 2026-10-08T07:08:14.310494Z  WARN consensus_core::commit_syncer: ⚠️ [BASELINE] Attempt 1/5: Failed to fetch baseline commit #64050 from network. Retrying in 1s...[0m
[32m[INFO][Oct  8 07:08:14]  [RUST] 2026-10-08T07:08:14.310508Z  INFO consensus_core::commit_syncer: 🏃 [LIVENESS] Kicking Core to resume proposals after transitioning to Healthy...[0m
[33m[WARN][Oct  8 07:08:15]  [RUST] 2026-10-08T07:08:15.311381Z  WARN consensus_core::commit_syncer: ⚠️ [BASELINE] Attempt 2/5: Failed to fetch baseline commit #64050 from network. Retrying in 1s...[0m
[DIAG digest-gate] direct_ok=211 buffered=0 poll_recovered=0 dropped=0
[DIAG dispatch_commit] dispatched_txs=10 gei_guard_skips=0 gei_guard_skipped_txs=0 fast_skip_empty=353
[33m[WARN][Oct  8 07:08:16]  [RUST] 2026-10-08T07:08:16.312698Z  WARN consensus_core::commit_syncer: ⚠️ [BASELINE] Attempt 3/5: Failed to fetch baseline commit #64050 from network. Retrying in 1s...[0m
[33m[WARN][Oct  8 07:08:17]  [RUST] 2026-10-08T07:08:17.313949Z  WARN consensus_core::commit_syncer: ⚠️ [BASELINE] Attempt 4/5: Failed to fetch baseline commit #64050 from network. Retrying in 1s...[0m
[DIAG digest-gate] direct_ok=221 buffered=0 poll_recovered=0 dropped=0
[DIAG dispatch_commit] dispatched_txs=10 gei_guard_skips=0 gei_guard_skipped_txs=0 fast_skip_empty=363
[33m[WARN][Oct  8 07:08:18]  [RUST] 2026-10-08T07:08:18.314589Z  WARN consensus_core::commit_syncer: ⚠️ [BASELINE] Attempt 5/5: Failed to fetch baseline commit #64050 from network. Retrying in 1s...[0m
[DIAG tx_recycler] pending=2 submitted=4 confirmed=4 recycled=0 expired=0 capacity_evicted=0
[32m[INFO][Oct  8 07:08:19]  [RUST] 2026-10-08T07:08:19.153187Z  INFO metanode::consensus::commit_processor::processor: [DIAG leader-addr] preembedded=370 resolved_ok=0 waiting_iters=0 out_of_bounds=0 invalid_len=0[0m
[33m[WARN][Oct  8 07:08:19]  [RUST] 2026-10-08T07:08:19.315853Z  WARN consensus_core::commit_syncer: 🚨 [BASELINE] Failed to fetch baseline commit #64050 after 5 attempts. ALL peers unreachable (network partition?). Skipping baseline — entering ScheduleVerifying for natural rebuild. Fork-safe: no proposals until schedule is verified.[0m
[32m[INFO][Oct  8 07:08:19]  [RUST] 2026-10-08T07:08:19.315942Z  INFO consensus_core::commit_syncer: 🛡️ [UNIFIED STATE] Phase: Healthy | Local DAG Commit: 64075 | Synced: 64050 | Network Quorum: 64075 | Lag(dag): 0 | Lag(synced,gates-on-this): 25 | Block Source: CONSENSUS (Healthy)[0m
[32m[INFO][Oct  8 07:08:19]  [RUST] 2026-10-08T07:08:19.315991Z  INFO consensus_core::coordination_hub: 🔄 [HUB] Phase transition: Healthy -> CatchingUp[0m
[32m[INFO][Oct  8 07:08:19]  [RUST] 2026-10-08T07:08:19.316032Z  INFO consensus_core::coordination_hub: 🔄 [HUB] Phase transition: CatchingUp -> Healthy[0m
[32m[INFO][Oct  8 07:08:19]  [RUST] 2026-10-08T07:08:19.316117Z  INFO consensus_core::commit_syncer: 🛡️ [DAG-GC-GUARD] Transitioning to Healthy. Local committer will automatically remain blocked if it falls behind gc_round.[0m
[32m[INFO][Oct  8 07:08:19]  [RUST] 2026-10-08T07:08:19.316146Z  INFO consensus_core::commit_syncer: 🔗 [BASELINE] Fetching network schedule/digest data for boundary commit #63900 (current cycle: 213)[0m
[33m[WARN][Oct  8 07:08:19]  [RUST] 2026-10-08T07:08:19.316165Z  WARN consensus_core::commit_syncer: ⚠️ [BASELINE] Attempt 1/5: Failed to fetch baseline commit #64075 from network. Retrying in 1s...[0m
[32m[INFO][Oct  8 07:08:19]  [RUST] 2026-10-08T07:08:19.316191Z  INFO consensus_core::commit_syncer: 🏃 [LIVENESS] Kicking Core to resume proposals after transitioning to Healthy...[0m
[DIAG digest-gate] direct_ok=231 buffered=0 poll_recovered=0 dropped=0
[DIAG dispatch_commit] dispatched_txs=10 gei_guard_skips=0 gei_guard_skipped_txs=0 fast_skip_empty=373
[33m[WARN][Oct  8 07:08:20]  [RUST] 2026-10-08T07:08:20.317838Z  WARN consensus_core::commit_syncer: ⚠️ [BASELINE] Attempt 2/5: Failed to fetch baseline commit #64075 from network. Retrying in 1s...[0m
[33m[WARN][Oct  8 07:08:21]  [RUST] 2026-10-08T07:08:21.318548Z  WARN consensus_core::commit_syncer: ⚠️ [BASELINE] Attempt 3/5: Failed to fetch baseline commit #64075 from network. Retrying in 1s...[0m
[DIAG digest-gate] direct_ok=241 buffered=0 poll_recovered=0 dropped=0
[DIAG dispatch_commit] dispatched_txs=10 gei_guard_skips=0 gei_guard_skipped_txs=0 fast_skip_empty=383
[33m[WARN][Oct  8 07:08:22]  [RUST] 2026-10-08T07:08:22.319662Z  WARN consensus_core::commit_syncer: ⚠️ [BASELINE] Attempt 4/5: Failed to fetch baseline commit #64075 from network. Retrying in 1s...[0m
[33m[WARN][Oct  8 07:08:23]  [RUST] 2026-10-08T07:08:23.320960Z  WARN consensus_core::commit_syncer: ⚠️ [BASELINE] Attempt 5/5: Failed to fetch baseline commit #64075 from network. Retrying in 1s...[0m
[DIAG tx_recycler] pending=2 submitted=4 confirmed=4 recycled=0 expired=0 capacity_evicted=0
[DIAG digest-gate] direct_ok=251 buffered=0 poll_recovered=0 dropped=0
[DIAG dispatch_commit] dispatched_txs=10 gei_guard_skips=0 gei_guard_skipped_txs=0 fast_skip_empty=[32m[INFO][Oct  8 07:08:24]  [RUST] 2026-10-08T07:08:24.160251Z  INFO metanode::consensus::commit_processor::processor: [DIAG leader-addr] preembedded=395 resolved_ok=0 waiting_iters=0 out_of_bounds=0 invalid_len=0[0m
393
[33m[WARN][Oct  8 07:08:24]  [RUST] 2026-10-08T07:08:24.321833Z  WARN consensus_core::commit_syncer: 🚨 [BASELINE] Failed to fetch baseline commit #64075 after 5 attempts. ALL peers unreachable (network partition?). Skipping baseline — entering ScheduleVerifying for natural rebuild. Fork-safe: no proposals until schedule is verified.[0m
[32m[INFO][Oct  8 07:08:24]  [RUST] 2026-10-08T07:08:24.321920Z  INFO consensus_core::commit_syncer: 🛡️ [UNIFIED STATE] Phase: Healthy | Local DAG Commit: 64100 | Synced: 64075 | Network Quorum: 64100 | Lag(dag): 0 | Lag(synced,gates-on-this): 25 | Block Source: CONSENSUS (Healthy)[0m
[32m[INFO][Oct  8 07:08:24]  [RUST] 2026-10-08T07:08:24.321971Z  INFO consensus_core::coordination_hub: 🔄 [HUB] Phase transition: Healthy -> CatchingUp[0m
[32m[INFO][Oct  8 07:08:24]  [RUST] 2026-10-08T07:08:24.322032Z  INFO consensus_core::coordination_hub: 🔄 [HUB] Phase transition: CatchingUp -> Healthy[0m
[32m[INFO][Oct  8 07:08:24]  [RUST] 2026-10-08T07:08:24.322043Z  INFO consensus_core::commit_syncer: 🛡️ [DAG-GC-GUARD] Transitioning to Healthy. Local committer will automatically remain blocked if it falls behind gc_round.[0m
[32m[INFO][Oct  8 07:08:24]  [RUST] 2026-10-08T07:08:24.322067Z  INFO consensus_core::commit_syncer: 🔗 [BASELINE] Fetching network schedule/digest data for boundary commit #63900 (current cycle: 213)[0m
[33m[WARN][Oct  8 07:08:24]  [RUST] 2026-10-08T07:08:24.322091Z  WARN consensus_core::commit_syncer: ⚠️ [BASELINE] Attempt 1/5: Failed to fetch baseline commit #64100 from network. Retrying in 1s...[0m
[32m[INFO][Oct  8 07:08:24]  [RUST] 2026-10-08T07:08:24.322117Z  INFO consensus_core::commit_syncer: 🏃 [LIVENESS] Kicking Core to resume proposals after transitioning to Healthy...[0m
[33m[WARN][Oct  8 07:08:25]  [RUST] 2026-10-08T07:08:25.322775Z  WARN consensus_core::commit_syncer: ⚠️ [BASELINE] Attempt 2/5: Failed to fetch baseline commit #64100 from network. Retrying in 1s...[0m
[DIAG digest-gate] direct_ok=261 buffered=0 poll_recovered=0 dropped=0
[DIAG dispatch_commit] dispatched_txs=10 gei_guard_skips=0 gei_guard_skipped_txs=0 fast_skip_empty=403
[33m[WARN][Oct  8 07:08:26]  [RUST] 2026-10-08T07:08:26.324020Z  WARN consensus_core::commit_syncer: ⚠️ [BASELINE] Attempt 3/5: Failed to fetch baseline commit #64100 from network. Retrying in 1s...[0m
[33m[WARN][Oct  8 07:08:27]  [RUST] 2026-10-08T07:08:27.325671Z  WARN consensus_core::commit_syncer: ⚠️ [BASELINE] Attempt 4/5: Failed to fetch baseline commit #64100 from network. Retrying in 1s...[0m
[DIAG digest-gate] direct_ok=271 buffered=0 poll_recovered=0 dropped=0
[DIAG dispatch_commit] dispatched_txs=10 gei_guard_skips=0 gei_guard_skipped_txs=0 fast_skip_empty=413
[33m[WARN][Oct  8 07:08:28]  [RUST] 2026-10-08T07:08:28.326321Z  WARN consensus_core::commit_syncer: ⚠️ [BASELINE] Attempt 5/5: Failed to fetch baseline commit #64100 from network. Retrying in 1s...[0m
[DIAG tx_recycler] pending=2 submitted=4 confirmed=4 recycled=0 expired=0 capacity_evicted=0
[32m[INFO][Oct  8 07:08:28]  [RUST] 2026-10-08T07:08:28.865919Z  INFO metanode::consensus::tx_recycler: ♻️ [TX RECYCLER STATS] pending=2, submitted=4, confirmed=4, recycled=0, expired=0, capacity_evicted=0[0m
[32m[INFO][Oct  8 07:08:29]  [RUST] 2026-10-08T07:08:29.163293Z  INFO metanode::consensus::commit_processor::processor: [DIAG leader-addr] preembedded=420 resolved_ok=0 waiting_iters=0 out_of_bounds=0 invalid_len=0[0m
[33m[WARN][Oct  8 07:08:29]  [RUST] 2026-10-08T07:08:29.327860Z  WARN consensus_core::commit_syncer: 🚨 [BASELINE] Failed to fetch baseline commit #64100 after 5 attempts. ALL peers unreachable (network partition?). Skipping baseline — entering ScheduleVerifying for natural rebuild. Fork-safe: no proposals until schedule is verified.[0m
[32m[INFO][Oct  8 07:08:29]  [RUST] 2026-10-08T07:08:29.328012Z  INFO consensus_core::commit_syncer: 🛡️ [UNIFIED STATE] Phase: Healthy | Local DAG Commit: 64125 | Synced: 64100 | Network Quorum: 64125 | Lag(dag): 0 | Lag(synced,gates-on-this): 25 | Block Source: CONSENSUS (Healthy)[0m
[32m[INFO][Oct  8 07:08:29]  [RUST] 2026-10-08T07:08:29.328066Z  INFO consensus_core::coordination_hub: 🔄 [HUB] Phase transition: Healthy -> CatchingUp[0m
[32m[INFO][Oct  8 07:08:29]  [RUST] 2026-10-08T07:08:29.328096Z  INFO consensus_core::coordination_hub: 🔄 [HUB] Phase transition: CatchingUp -> Healthy[0m
[32m[INFO][Oct  8 07:08:29]  [RUST] 2026-10-08T07:08:29.328107Z  INFO consensus_core::commit_syncer: 🛡️ [DAG-GC-GUARD] Transitioning to Healthy. Local committer will automatically remain blocked if it falls behind gc_round.[0m
[32m[INFO][Oct  8 07:08:29]  [RUST] 2026-10-08T07:08:29.328137Z  INFO consensus_core::commit_syncer: 🔗 [BASELINE] Fetching network schedule/digest data for boundary commit #63900 (current cycle: 213)[0m
[33m[WARN][Oct  8 07:08:29]  [RUST] 2026-10-08T07:08:29.328158Z  WARN consensus_core::commit_syncer: ⚠️ [BASELINE] Attempt 1/5: Failed to fetch baseline commit #64125 from network. Retrying in 1s...[0m
[32m[INFO][Oct  8 07:08:29]  [RUST] 2026-10-08T07:08:29.328189Z  INFO consensus_core::commit_syncer: 🏃 [LIVENESS] Kicking Core to resume proposals after transitioning to Healthy...[0m
[DIAG digest-gate] direct_ok=281 buffered=0 poll_recovered=0 dropped=0
[DIAG dispatch_commit] dispatched_txs=10 gei_guard_skips=0 gei_guard_skipped_txs=0 fast_skip_empty=423
[33m[WARN][Oct  8 07:08:30]  [RUST] 2026-10-08T07:08:30.330027Z  WARN consensus_core::commit_syncer: ⚠️ [BASELINE] Attempt 2/5: Failed to fetch baseline commit #64125 from network. Retrying in 1s...[0m
[33m[WARN][Oct  8 07:08:31]  [RUST] 2026-10-08T07:08:31.331662Z  WARN consensus_core::commit_syncer: ⚠️ [BASELINE] Attempt 3/5: Failed to fetch baseline commit #64125 from network. Retrying in 1s...[0m
[DIAG digest-gate] direct_ok=291 buffered=0 poll_recovered=0 dropped=0
[DIAG dispatch_commit] dispatched_txs=10 gei_guard_skips=0 gei_guard_skipped_txs=0 fast_skip_empty=433
[33m[WARN][Oct  8 07:08:32]  [RUST] 2026-10-08T07:08:32.332485Z  WARN consensus_core::commit_syncer: ⚠️ [BASELINE] Attempt 4/5: Failed to fetch baseline commit #64125 from network. Retrying in 1s...[0m
[33m[WARN][Oct  8 07:08:33]  [RUST] 2026-10-08T07:08:33.333768Z  WARN consensus_core::commit_syncer: ⚠️ [BASELINE] Attempt 5/5: Failed to fetch baseline commit #64125 from network. Retrying in 1s...[0m
[DIAG tx_recycler] pending=2 submitted=4 confirmed=4 recycled=0 expired=0 capacity_evicted=0
[DIAG digest-gate] direct_ok=300 buffered=0 poll_recovered=0 dropped=0
[DIAG dispatch_commit] dispatched_txs=[32m[INFO][Oct  8 07:08:34]  [RUST] 2026-10-08T07:08:34.023114Z  INFO metanode::consensus::commit_processor::processor: [DIAG leader-addr] preembedded=444 resolved_ok=0 waiting_iters=0 out_of_bounds=0 invalid_len=0[0m
10 gei_guard_skips=0 gei_guard_skipped_txs=0 fast_skip_empty=442
[33m[WARN][Oct  8 07:08:34]  [RUST] 2026-10-08T07:08:34.335068Z  WARN consensus_core::commit_syncer: 🚨 [BASELINE] Failed to fetch baseline commit #64125 after 5 attempts. ALL peers unreachable (network partition?). Skipping baseline — entering ScheduleVerifying for natural rebuild. Fork-safe: no proposals until schedule is verified.[0m
[32m[INFO][Oct  8 07:08:34]  [RUST] 2026-10-08T07:08:34.335221Z  INFO consensus_core::commit_syncer: 🛡️ [UNIFIED STATE] Phase: Healthy | Local DAG Commit: 64150 | Synced: 64125 | Network Quorum: 64150 | Lag(dag): 0 | Lag(synced,gates-on-this): 25 | Block Source: CONSENSUS (Healthy)[0m
[32m[INFO][Oct  8 07:08:34]  [RUST] 2026-10-08T07:08:34.335270Z  INFO consensus_core::coordination_hub: 🔄 [HUB] Phase transition: Healthy -> CatchingUp[0m
[32m[INFO][Oct  8 07:08:34]  [RUST] 2026-10-08T07:08:34.335297Z  INFO consensus_core::coordination_hub: 🔄 [HUB] Phase transition: CatchingUp -> Healthy[0m
[32m[INFO][Oct  8 07:08:34]  [RUST] 2026-10-08T07:08:34.335306Z  INFO consensus_core::commit_syncer: 🛡️ [DAG-GC-GUARD] Transitioning to Healthy. Local committer will automatically remain blocked if it falls behind gc_round.[0m
[32m[INFO][Oct  8 07:08:34]  [RUST] 2026-10-08T07:08:34.335334Z  INFO consensus_core::commit_syncer: 🔗 [BASELINE] Fetching network schedule/digest data for boundary commit #63900 (current cycle: 213)[0m
[33m[WARN][Oct  8 07:08:34]  [RUST] 2026-10-08T07:08:34.335361Z  WARN consensus_core::commit_syncer: ⚠️ [BASELINE] Attempt 1/5: Failed to fetch baseline commit #64150 from network. Retrying in 1s...[0m
[32m[INFO][Oct  8 07:08:34]  [RUST] 2026-10-08T07:08:34.335388Z  INFO consensus_core::commit_syncer: 🏃 [LIVENESS] Kicking Core to resume proposals after transitioning to Healthy...[0m
[33m[WARN][Oct  8 07:08:35]  [RUST] 2026-10-08T07:08:35.336793Z  WARN consensus_core::commit_syncer: ⚠️ [BASELINE] Attempt 2/5: Failed to fetch baseline commit #64150 from network. Retrying in 1s...[0m
[DIAG digest-gate] direct_ok=311 buffered=0 poll_recovered=0 dropped=0
[DIAG dispatch_commit] dispatched_txs=10 gei_guard_skips=0 gei_guard_skipped_txs=0 fast_skip_empty=453
[33m[WARN][Oct  8 07:08:36]  [RUST] 2026-10-08T07:08:36.338184Z  WARN consensus_core::commit_syncer: ⚠️ [BASELINE] Attempt 3/5: Failed to fetch baseline commit #64150 from network. Retrying in 1s...[0m
[33m[WARN][Oct  8 07:08:37]  [RUST] 2026-10-08T07:08:37.339564Z  WARN consensus_core::commit_syncer: ⚠️ [BASELINE] Attempt 4/5: Failed to fetch baseline commit #64150 from network. Retrying in 1s...[0m
[DIAG digest-gate] direct_ok=321 buffered=0 poll_recovered=0 dropped=0
[DIAG dispatch_commit] dispatched_txs=10 gei_guard_skips=0 gei_guard_skipped_txs=0 fast_skip_empty=463
[33m[WARN][Oct  8 07:08:38]  [RUST] 2026-10-08T07:08:38.340871Z  WARN consensus_core::commit_syncer: ⚠️ [BASELINE] Attempt 5/5: Failed to fetch baseline commit #64150 from network. Retrying in 1s...[0m
[DIAG tx_recycler] pending=2 submitted=4 confirmed=4 recycled=0 expired=0 capacity_evicted=0
[32m[INFO][Oct  8 07:08:39]  [RUST] 2026-10-08T07:08:39.008205Z  INFO metanode::consensus::commit_processor::processor: [DIAG leader-addr] preembedded=469 resolved_ok=0 waiting_iters=0 out_of_bounds=0 invalid_len=0[0m
[33m[WARN][Oct  8 07:08:39]  [RUST] 2026-10-08T07:08:39.341905Z  WARN consensus_core::commit_syncer: 🚨 [BASELINE] Failed to fetch baseline commit #64150 after 5 attempts. ALL peers unreachable (network partition?). Skipping baseline — entering ScheduleVerifying for natural rebuild. Fork-safe: no proposals until schedule is verified.[0m
[32m[INFO][Oct  8 07:08:39]  [RUST] 2026-10-08T07:08:39.342027Z  INFO consensus_core::commit_syncer: 🛡️ [UNIFIED STATE] Phase: Healthy | Local DAG Commit: 64175 | Synced: 64150 | Network Quorum: 64175 | Lag(dag): 0 | Lag(synced,gates-on-this): 25 | Block Source: CONSENSUS (Healthy)[0m
[32m[INFO][Oct  8 07:08:39]  [RUST] 2026-10-08T07:08:39.342061Z  INFO consensus_core::coordination_hub: 🔄 [HUB] Phase transition: Healthy -> CatchingUp[0m
[32m[INFO][Oct  8 07:08:39]  [RUST] 2026-10-08T07:08:39.342088Z  INFO consensus_core::coordination_hub: 🔄 [HUB] Phase transition: CatchingUp -> Healthy[0m
[32m[INFO][Oct  8 07:08:39]  [RUST] 2026-10-08T07:08:39.342098Z  INFO consensus_core::commit_syncer: 🛡️ [DAG-GC-GUARD] Transitioning to Healthy. Local committer will automatically remain blocked if it falls behind gc_round.[0m
[32m[INFO][Oct  8 07:08:39]  [RUST] 2026-10-08T07:08:39.342145Z  INFO consensus_core::commit_syncer: 🔗 [BASELINE] Fetching network schedule/digest data for boundary commit #63900 (current cycle: 213)[0m
[33m[WARN][Oct  8 07:08:39]  [RUST] 2026-10-08T07:08:39.342173Z  WARN consensus_core::commit_syncer: ⚠️ [BASELINE] Attempt 1/5: Failed to fetch baseline commit #64175 from network. Retrying in 1s...[0m
[32m[INFO][Oct  8 07:08:39]  [RUST] 2026-10-08T07:08:39.342196Z  INFO consensus_core::commit_syncer: 🏃 [LIVENESS] Kicking Core to resume proposals after transitioning to Healthy...[0m
[DIAG digest-gate] direct_ok=331 buffered=0 poll_recovered=0 dropped=0
[DIAG dispatch_commit] dispatched_txs=10 gei_guard_skips=0 gei_guard_skipped_txs=0 fast_skip_empty=473
[33m[WARN][Oct  8 07:08:40]  [RUST] 2026-10-08T07:08:40.344210Z  WARN consensus_core::commit_syncer: ⚠️ [BASELINE] Attempt 2/5: Failed to fetch baseline commit #64175 from network. Retrying in 1s...[0m
[33m[WARN][Oct  8 07:08:41]  [RUST] 2026-10-08T07:08:41.345428Z  WARN consensus_core::commit_syncer: ⚠️ [BASELINE] Attempt 3/5: Failed to fetch baseline commit #64175 from network. Retrying in 1s...[0m
[DIAG digest-gate] direct_ok=341 buffered=0 poll_recovered=0 dropped=0
[DIAG dispatch_commit] dispatched_txs=10 gei_guard_skips=0 gei_guard_skipped_txs=0 fast_skip_empty=483
[33m[WARN][Oct  8 07:08:42]  [RUST] 2026-10-08T07:08:42.347022Z  WARN consensus_core::commit_syncer: ⚠️ [BASELINE] Attempt 4/5: Failed to fetch baseline commit #64175 from network. Retrying in 1s...[0m
[33m[WARN][Oct  8 07:08:43]  [RUST] 2026-10-08T07:08:43.348086Z  WARN consensus_core::commit_syncer: ⚠️ [BASELINE] Attempt 5/5: Failed to fetch baseline commit #64175 from network. Retrying in 1s...[0m
[DIAG tx_recycler] pending=2 submitted=4 confirmed=4 recycled=0 expired=0 capacity_evicted=0
[33m[WARN][Oct  8 07:08:44]  [RUST] 2026-10-08T07:08:44.186459Z  WARN consensus_core::core::commit_manager: 🚫 [SCHEDULE-RECOVERY] DAG lacks 300 commits at schedule update boundary (commit_index=64200). Skipping LeaderSchedule update to prevent reputation score divergence. Local committer will remain permanently blocked for this epoch.[0m
[DIAG digest-gate] direct_ok=351 buffered=0 poll_recovered=0 dropped=0
[DIAG dispatch_commit] dispatched_txs=10 gei_guard_skips=0 gei_guard_skipped_txs=0 fast_skip_empty=493
[32m[INFO][Oct  8 07:08:44]  [RUST] 2026-10-08T07:08:44.187190Z  INFO metanode::consensus::commit_processor::processor: [DIAG leader-addr] preembedded=495 resolved_ok=0 waiting_iters=0 out_of_bounds=0 invalid_len=0[0m
[33m[WARN][Oct  8 07:08:44]  [RUST] 2026-10-08T07:08:44.349833Z  WARN consensus_core::commit_syncer: 🚨 [BASELINE] Failed to fetch baseline commit #64175 after 5 attempts. ALL peers unreachable (network partition?). Skipping baseline — entering ScheduleVerifying for natural rebuild. Fork-safe: no proposals until schedule is verified.[0m
[32m[INFO][Oct  8 07:08:44]  [RUST] 2026-10-08T07:08:44.349912Z  INFO consensus_core::commit_syncer: 🛡️ [UNIFIED STATE] Phase: Healthy | Local DAG Commit: 64200 | Synced: 64175 | Network Quorum: 64200 | Lag(dag): 0 | Lag(synced,gates-on-this): 25 | Block Source: CONSENSUS (Healthy)[0m
[32m[INFO][Oct  8 07:08:44]  [RUST] 2026-10-08T07:08:44.349944Z  INFO consensus_core::coordination_hub: 🔄 [HUB] Phase transition: Healthy -> CatchingUp[0m
[32m[INFO][Oct  8 07:08:44]  [RUST] 2026-10-08T07:08:44.350057Z  INFO consensus_core::coordination_hub: 🔄 [HUB] Phase transition: CatchingUp -> Healthy[0m
[32m[INFO][Oct  8 07:08:44]  [RUST] 2026-10-08T07:08:44.350071Z  INFO consensus_core::commit_syncer: 🛡️ [DAG-GC-GUARD] Transitioning to Healthy. Local committer will automatically remain blocked if it falls behind gc_round.[0m
[32m[INFO][Oct  8 07:08:44]  [RUST] 2026-10-08T07:08:44.350100Z  INFO consensus_core::commit_syncer: 🔗 [BASELINE] Fetching network schedule/digest data for boundary commit #64200 (current cycle: 214)[0m
[33m[WARN][Oct  8 07:08:44]  [RUST] 2026-10-08T07:08:44.350122Z  WARN consensus_core::commit_syncer: ⚠️ [BASELINE] Attempt 1/5: Failed to fetch baseline commit #64200 from network. Retrying in 1s...[0m
[32m[INFO][Oct  8 07:08:44]  [RUST] 2026-10-08T07:08:44.350178Z  INFO consensus_core::commit_syncer: 🏃 [LIVENESS] Kicking Core to resume proposals after transitioning to Healthy...[0m
[33m[WARN][Oct  8 07:08:45]  [RUST] 2026-10-08T07:08:45.352168Z  WARN consensus_core::commit_syncer: ⚠️ [BASELINE] Attempt 2/5: Failed to fetch baseline commit #64200 from network. Retrying in 1s...[0m
[DIAG digest-gate] direct_ok=361 buffered=0 poll_recovered=0 dropped=0
[DIAG dispatch_commit] dispatched_txs=10 gei_guard_skips=0 gei_guard_skipped_txs=0 fast_skip_empty=503
[33m[WARN][Oct  8 07:08:46]  [RUST] 2026-10-08T07:08:46.353344Z  WARN consensus_core::commit_syncer: ⚠️ [BASELINE] Attempt 3/5: Failed to fetch baseline commit #64200 from network. Retrying in 1s...[0m
[33m[WARN][Oct  8 07:08:47]  [RUST] 2026-10-08T07:08:47.355086Z  WARN consensus_core::commit_syncer: ⚠️ [BASELINE] Attempt 4/5: Failed to fetch baseline commit #64200 from network. Retrying in 1s...[0m
[DIAG digest-gate] direct_ok=371 buffered=0 poll_recovered=0 dropped=0
[DIAG dispatch_commit] dispatched_txs=10 gei_guard_skips=0 gei_guard_skipped_txs=0 fast_skip_empty=513
[33m[WARN][Oct  8 07:08:48]  [RUST] 2026-10-08T07:08:48.356968Z  WARN consensus_core::commit_syncer: ⚠️ [BASELINE] Attempt 5/5: Failed to fetch baseline commit #64200 from network. Retrying in 1s...[0m
