[State Cleaner Thread] Started.
2026/10/08 07:02:19 Starting Parent Chain Node...
[nomt_ffi] Detected existing HT file for path '/tmp/gate_4val_p06/parent/parentchain_db/nomt' with 64000 pages (requested 64000). Overriding.
2026/10/08 07:02:19 🔍 [PARENT-CHAIN-STARTUP] NOMT state root verified with block #84: 0x7570d0a370e0b03336f7fd82fbc3edaa5e8a85acd6162235a2afde1b66b14e00
⚠️ Warning: Genesis has 1 validators (< 4). Minimum 4 required for BFT quorum in production.
2026/10/08 07:02:19 Loaded genesis from /tmp/gate_4val_p06/parent/parent_genesis.json: chain_id=991, validators=1
2026/10/08 07:02:19 ⚠️ open_cluster_registration=true: ANY key may register as a cluster and certify deposits (devnet only)
2026/10/08 07:02:19 Genesis float: 2 account(s) will be created in block 1
2026/10/08 07:02:19 ⚠️ allow_deposit_to_float=true: clusters can MINT float (devnet only)
2026/10/08 07:02:19 Parent Chain: Recovered at block #84 (GEI 84), stateRoot=0x7570d0a370e0b03336f7fd82fbc3edaa5e8a85acd6162235a2afde1b66b14e00
2026/10/08 07:02:19 Initializing FFI Bridge...
2026/10/08 07:02:19 Loaded last block #84 from DBStore (state_root=0x7570d0a370e0b03336f7fd82fbc3edaa5e8a85acd6162235a2afde1b66b14e00, commit_index=63705)
[32m[INFO][Oct  8 07:02:19]  ✅ [INIT-DEBUG] SetBlockchainInitDone() CALLED! flag=1 (should be 1), lastBlockNumber=84[0m
2026/10/08 07:02:19 Starting Parent Chain RPC server on :31601
Starting MetaNode Consensus Engine via CGo FFI. Config: /tmp/gate_4val_p06/parent/node_parent.toml
[32m[INFO][Oct  8 07:02:19]  [FFI Bridge] Starting MetaNode Consensus Engine via CGo FFI[0m
[33m[WARN][Oct  8 07:02:19]  [FFI Bridge] MetaNode Consensus Engine exited[0m
[32m[INFO][Oct  8 07:02:19]  [RUST] 2026-10-08T07:02:19.611764Z  INFO metanode::ffi: Starting MetaNode Consensus Engine (FFI Thread)...[0m
[32m[INFO][Oct  8 07:02:19]  [RUST] 2026-10-08T07:02:19.612056Z  INFO metanode::liveness_watchdog: 🐕 [LIVENESS WATCHDOG] started (timeout=30s) -- see liveness_watchdog.rs doc comment / project memory Phuong an A mục 21[0m
[32m[INFO][Oct  8 07:02:19]  [RUST] 2026-10-08T07:02:19.623679Z  INFO metanode::ffi: Storage path unified to Go data dir: "/tmp/gate_4val_p06/parent/consensus/rust_consensus"[0m
[32m[INFO][Oct  8 07:02:19]  [RUST] 2026-10-08T07:02:19.623714Z  INFO metanode::ffi: Node ID: 0[0m
[32m[INFO][Oct  8 07:02:19]  [RUST] 2026-10-08T07:02:19.623722Z  INFO metanode::ffi: Network address: 127.0.0.1:31001[0m
[32m[INFO][Oct  8 07:02:19]  [RUST] 2026-10-08T07:02:19.623778Z  INFO metanode::node::startup: 🔌 [STARTUP] Early FFI Transaction Channel initialized to prevent Go deadlocks.[0m
[32m[INFO][Oct  8 07:02:19]  [RUST] 2026-10-08T07:02:19.623911Z  INFO metanode::node::startup: Metrics server started at http://127.0.0.1:31901/metrics[0m
[32m[INFO][Oct  8 07:02:19]  [RUST] 2026-10-08T07:02:19.624013Z  INFO metanode::node::consensus_node: Initializing consensus node 0...[0m
[32m[INFO][Oct  8 07:02:19]  [RUST] 2026-10-08T07:02:19.624077Z  INFO metanode::node::setup_storage: 🚀 [STARTUP] Loading latest block, epoch and committee from Go state...[0m
[32m[INFO][Oct  8 07:02:19]  [RUST] 2026-10-08T07:02:19.624095Z  INFO metanode::node::executor_client: 🔧 [EXECUTOR CLIENT] Creating executor client: initial_next_expected=1, storage_path=Some("/tmp/gate_4val_p06/parent/consensus/rust_consensus")[0m
[32m[INFO][Oct  8 07:02:19]  [RUST] 2026-10-08T07:02:19.624125Z  INFO metanode::node::executor_client::connection_pool: 🏊 [CONN POOL] Created NO-OP pool (FFI mode — connections bypassed)[0m
[32m[INFO][Oct  8 07:02:19]  [RUST] 2026-10-08T07:02:19.625458Z  INFO metanode::node::setup_storage: ✅ [STARTUP] Got block number 84 from Go (is_ready=true) (attempt 1)[0m
[32m[INFO][Oct  8 07:02:19]  [RUST] 2026-10-08T07:02:19.625542Z  INFO metanode::node::setup_storage: ✅ [STARTUP] Got epoch 0 from Go (block=84)[0m
[32m[INFO][Oct  8 07:02:19]  [RUST] 2026-10-08T07:02:19.625552Z  INFO metanode::node::setup_storage: 📋 [STARTUP] Using LOCAL Go epoch 0 (skipping peer discovery to prevent deadlock)[0m
[32m[INFO][Oct  8 07:02:19]  [RUST] 2026-10-08T07:02:19.625560Z  INFO metanode::node::setup_storage: 📊 [STARTUP] Go State: Block 84, Epoch 0 (peer_block=84)[0m
[32m[INFO][Oct  8 07:02:19]  [RUST] 2026-10-08T07:02:19.625623Z  INFO metanode::node::setup_storage: 📊 [STARTUP] Using epoch 0 (synced with Go)[0m
[32m[INFO][Oct  8 07:02:19]  [Go Server] Received GetEpochBoundaryDataRequest (unified epoch boundary) for epoch 0[0m
[32m[INFO][Oct  8 07:02:19]  📊 [EPOCH BOUNDARY] Handling GetEpochBoundaryDataRequest%!(EXTRA string=epoch, uint64=0)[0m
[32m[INFO][Oct  8 07:02:19]  [Go Server] GetEpochBoundaryDataRequest handled, sending EpochBoundaryData with epoch=0, timestamp_ms=1700000000000, boundary_block=0, validator_count=1[0m
[32m[INFO][Oct  8 07:02:19]  [RUST] 2026-10-08T07:02:19.625950Z  INFO metanode::node::executor_client::rpc_queries_epoch: 📥 [EXECUTOR-REQ] Received 282 bytes from Go FFI (GetEpochBoundaryData), decoding...[0m
[32m[INFO][Oct  8 07:02:19]  [RUST] 2026-10-08T07:02:19.625971Z  INFO metanode::node::executor_client::rpc_queries_epoch: ✅ [EPOCH BOUNDARY] Received unified epoch boundary data from Go FFI: epoch=0, timestamp_ms=1700000000000, boundary_block=0, validator_count=1[0m
[32m[INFO][Oct  8 07:02:19]  [RUST] 2026-10-08T07:02:19.626007Z  INFO metanode::node::executor_client::rpc_queries_epoch: 📥 [RUST←GO] EpochBoundaryData Validator[0]: address=0x7e615e4a500AB42b7Bb3FdBb62Fbb8Bd10385fC5, stake=1000000000000000000, name=node-0, authority_key=91462b62f7ff7c3532805f3e9c874d013000967414dc16520f...[0m
[32m[INFO][Oct  8 07:02:19]  [RUST] 2026-10-08T07:02:19.626020Z  INFO metanode::node::setup_storage: ✅ [STARTUP] Got epoch boundary data for epoch 0 from Go (epoch_duration=86400s, boundary_gei=0)[0m
[32m[INFO][Oct  8 07:02:19]  [RUST] 2026-10-08T07:02:19.626030Z  INFO metanode::node::setup_storage: 📊 [STARTUP] Using epoch boundary data: epoch=0, boundary_block=0, epoch_timestamp=1700000000000ms, validators=1, boundary_gei=0[0m
[32m[INFO][Oct  8 07:02:19]  [RUST] 2026-10-08T07:02:19.626238Z  INFO metanode::node::committee: 📊 Built committee with 1 authorities and 1 eth_addresses for epoch 0[0m
[32m[INFO][Oct  8 07:02:19]  [RUST] 2026-10-08T07:02:19.626258Z  INFO metanode::node::setup_storage: ✅ Loaded committee with 1 authorities and 1 eth_addresses (from epoch boundary). Committee hash=355ccff787b55d59... (epoch 0)[0m
[32m[INFO][Oct  8 07:02:19]  [RUST] 2026-10-08T07:02:19.626268Z  INFO metanode::node::setup_storage:   📋 [COMMITTEE] Validator 0: ETH=0x7e615e4a500ab42b7bb3fdbb62fbb8bd10385fc5, Protocol=7cdfc1340f0f1728c4de1725ca3c6791882316547a336ee3a5ba1cabb5fce3b6, Network=8d9fe40cd34f06c657503dbc15cc4c2cb67ebc26426c426852f741f33811bee8[0m
[32m[INFO][Oct  8 07:02:19]  [Go Server] 📥 Received GetLastHandledCommitIndexRequest (GO-AUTH GEI recovery)[0m
[33m[WARN][Oct  8 07:02:19]  BlockChain instance has not been initialized. Call InitBlockChain() first.[0m
[32m[INFO][Oct  8 07:02:19]  🔑 [GO-AUTH GEI] Recovery query: last_commit=63705 (epoch=0), last_gei=84, last_block=84, current_epoch=0, authoritative=true, ts=0, state_root=[0m
[32m[INFO][Oct  8 07:02:19]  [Go Server] ✅ GetLastHandledCommitIndexRequest: last_commit=63705, last_gei=84, block=84, epoch=0[0m
[32m[INFO][Oct  8 07:02:19]  [RUST] 2026-10-08T07:02:19.626602Z  INFO metanode::node::executor_client::rpc_queries: 🔑 [GO-AUTH GEI] Recovery state received: last_commit=63705, last_gei=84, block=84, epoch=0, authoritative=true, timestamp=0, state_root=0 bytes[0m
[32m[INFO][Oct  8 07:02:19]  [RUST] 2026-10-08T07:02:19.626620Z  INFO metanode::node::setup_storage::index_sync: 🔑 [GO-AUTH GEI] Post-init query: state_root=0x, go_epoch=0, rust_epoch=0[0m
[32m[INFO][Oct  8 07:02:19]  [RUST] 2026-10-08T07:02:19.626641Z  INFO metanode::node::setup_storage::index_sync: 📊 [STARTUP] No peer reference, using Local Go Last GEI: 84 (Block: 84)[0m
[32m[INFO][Oct  8 07:02:19]  [RUST] 2026-10-08T07:02:19.626690Z  INFO metanode::node::setup_storage: ✅ [STARTUP] Using epoch_base=0 from Go boundary_gei (epoch=0, boundary_block=0)[0m
[32m[INFO][Oct  8 07:02:19]  [RUST] 2026-10-08T07:02:19.626704Z  INFO metanode::node::setup_storage: 📊 [STARTUP] Synchronizing executor client memory state from Go Master prior to recovery check...[0m
[32m[INFO][Oct  8 07:02:19]  [RUST] 2026-10-08T07:02:19.626752Z  INFO metanode::node::executor_client: 📊 [INIT] Fetched current epoch from Go: 0[0m
[32m[INFO][Oct  8 07:02:19]  [RUST] 2026-10-08T07:02:19.626826Z  INFO metanode::node::executor_client: 📊 [INIT] Connected to Go Master. Last block=84, GEI=84, Epoch=0[0m
[32m[INFO][Oct  8 07:02:19]  [RUST] 2026-10-08T07:02:19.626838Z  INFO metanode::node::executor_client: 📊 [INIT] Initialized next_block_number to 85 (from Go last_block_number=84, old=0)[0m
[32m[INFO][Oct  8 07:02:19]  [RUST] 2026-10-08T07:02:19.626847Z  INFO metanode::node::executor_client: 📊 [INIT] Initialized last_processed_epoch to 0[0m
[32m[INFO][Oct  8 07:02:19]  [RUST] 2026-10-08T07:02:19.626861Z  INFO metanode::node::executor_client: 📊 [INIT] Updating next_expected_index from 1 to 85 (last_global_exec_index=84, go_next_expected=85)[0m
[32m[INFO][Oct  8 07:02:19]  [RUST] 2026-10-08T07:02:19.626871Z  INFO metanode::node::executor_client: ✅ [READY] Rust executor: go_connection=connected, next_expected=85, go_last_block=84[0m
[32m[INFO][Oct  8 07:02:19]  [RUST] 2026-10-08T07:02:19.626898Z  INFO metanode::node::setup_storage: ✅ [STARTUP] Executor client memory state synchronized successfully (block/GEI guards updated).[0m
[32m[INFO][Oct  8 07:02:19]  [RUST] 2026-10-08T07:02:19.627116Z  INFO metanode::node::setup_storage: 🔑 [STARTUP] Rust Protocol PubKey (hex): 7cdfc1340f0f1728c4de1725ca3c6791882316547a336ee3a5ba1cabb5fce3b6[0m
[32m[INFO][Oct  8 07:02:19]  [RUST] 2026-10-08T07:02:19.627129Z  INFO metanode::node::setup_storage: 🔑 [STARTUP] Rust Network PubKey (hex): 8d9fe40cd34f06c657503dbc15cc4c2cb67ebc26426c426852f741f33811bee8[0m
[32m[INFO][Oct  8 07:02:19]  [RUST] 2026-10-08T07:02:19.627193Z  INFO metanode::node::setup_storage: ✅ [IDENTITY] Found self in committee at index [0] using protocol_key match[0m
[33m[WARN][Oct  8 07:02:19]  [RUST] 2026-10-08T07:02:19.627321Z  WARN consensus_core::recovery_barrier: 🛡️ [RECOVERY-BARRIER] ACTIVATED: Inactive → GoSyncing. Snapshot recovery detected. ALL proposals blocked until recovery completes.[0m
[32m[INFO][Oct  8 07:02:19]  [RUST] 2026-10-08T07:02:19.627358Z  INFO consensus_core::coordination_hub: 🛡️ [SPARSE-DAG-BOUNDARY] Recovery session activated. Sparse DAG Evaluation Prevention will be enabled when transitioning to Healthy.[0m
[32m[INFO][Oct  8 07:02:19]  [RUST] 2026-10-08T07:02:19.627367Z  INFO metanode::node::setup_consensus: 🛡️ [RECOVERY-BARRIER] Go has prior state (block=84, last_handled=Some(63705), dag_has_history=true). Activating unified recovery barrier. ALL proposals blocked until GoSyncing → DagCatchingUp → ScheduleVerifying → Ready.[0m
[32m[INFO][Oct  8 07:02:19]  [RUST] 2026-10-08T07:02:19.627387Z  INFO metanode::node::setup_consensus: 🔑 [GO-AUTH GEI] Setting go_replay_after=63705 based on Go Authoritative LastHandledCommitIndex.[0m
[32m[INFO][Oct  8 07:02:19]  [RUST] 2026-10-08T07:02:19.627395Z  INFO metanode::node::setup_consensus: 📊 [STARTUP] CommitConsumerArgs: go_replay_after=63705 (from authoritative Go/fallback)[0m
[32m[INFO][Oct  8 07:02:19]  [RUST] 2026-10-08T07:02:19.627402Z  INFO metanode::node::setup_consensus: 🤝 [HANDSHAKE] Passing last_executed_commit_hash from Go to Rust DAG: "b527c570ce75ae1e781c0fc062d4e91afd75fc665afef48c4ea40449ea71369b"[0m
[32m[INFO][Oct  8 07:02:19]  [RUST] 2026-10-08T07:02:19.627781Z  INFO metanode::node::transition::tx_recovery: 📋 [TX HASH REGISTRY] Loaded 148 committed transaction hashes from epoch 0[0m
[32m[INFO][Oct  8 07:02:19]  [RUST] 2026-10-08T07:02:19.627802Z  INFO metanode::node::setup_consensus: 💾 Loaded 148 committed transaction hashes from epoch 0[0m
[32m[INFO][Oct  8 07:02:19]  [RUST] 2026-10-08T07:02:19.627896Z  INFO metanode::node::setup_consensus: 📊 [COMMIT PROCESSOR INIT] Startup: next_expected_commit_index=63706, from go_replay_after=63705[0m
[32m[INFO][Oct  8 07:02:19]  [RUST] 2026-10-08T07:02:19.627930Z  INFO consensus_core::system_transaction_provider: 📅 SystemTransactionProvider initialized: epoch=0, epoch_start=1700000000000ms, now=1791442939627ms, elapsed=91442939s, duration=86400s, time_based_enabled=false[0m
[32m[INFO][Oct  8 07:02:19]  [RUST] 2026-10-08T07:02:19.627947Z  INFO metanode::node::executor_client: 🔧 [EXECUTOR CLIENT] Creating executor client: initial_next_expected=85, storage_path=Some("/tmp/gate_4val_p06/parent/consensus/rust_consensus")[0m
[32m[INFO][Oct  8 07:02:19]  [RUST] 2026-10-08T07:02:19.627957Z  INFO metanode::node::executor_client::connection_pool: 🏊 [CONN POOL] Created NO-OP pool (FFI mode — connections bypassed)[0m
[32m[INFO][Oct  8 07:02:19]  [RUST] 2026-10-08T07:02:19.627993Z  INFO consensus_core::coordination_hub: 🔒 [STARTUP-SYNC] Proposals LOCKED until sync completes[0m
[32m[INFO][Oct  8 07:02:20]  [RUST] 2026-10-08T07:02:20.128887Z  INFO metanode::node::setup_consensus::startup_sync: 📡 [PEER RPC] Starting EARLY server on 0.0.0.0:31501 to prevent STARTUP-SYNC deadlock[0m
[32m[INFO][Oct  8 07:02:20]  [RUST] 2026-10-08T07:02:20.129278Z  INFO metanode::node::setup_consensus::startup_sync: 📡 [PEER RPC] EARLY server confirmed bound on 0.0.0.0:31501[0m
[32m[INFO][Oct  8 07:02:20]  [RUST] 2026-10-08T07:02:20.129310Z  INFO metanode::node::setup_consensus::startup_sync: 📊 [STARTUP-SYNC] Barrier using verified block=84 from setup_storage()[0m
[32m[INFO][Oct  8 07:02:20]  [RUST] 2026-10-08T07:02:20.129280Z  INFO metanode::network::peer_rpc::server: 🌐 [PEER RPC] Started on 0.0.0.0:31501 (node_id=0, network_address=127.0.0.1:31001)[0m
[32m[INFO][Oct  8 07:02:20]  [RUST] 2026-10-08T07:02:20.129621Z  INFO metanode::node::setup_consensus::startup_sync: ✅ [STARTUP-SYNC] No peers configured (single-node or seed). Skipping startup sync.[0m
[32m[INFO][Oct  8 07:02:20]  [RUST] 2026-10-08T07:02:20.129650Z  INFO metanode::node::setup_consensus::startup_sync: 📡 [PEER RPC] Stopping early server. Handing over to full server in startup.rs...[0m
[32m[INFO][Oct  8 07:02:20]  [Go Server] 📥 Received GetLastHandledCommitIndexRequest (GO-AUTH GEI recovery)[0m
[33m[WARN][Oct  8 07:02:20]  BlockChain instance has not been initialized. Call InitBlockChain() first.[0m
[32m[INFO][Oct  8 07:02:20]  🔑 [GO-AUTH GEI] Recovery query: last_commit=63705 (epoch=0), last_gei=84, last_block=84, current_epoch=0, authoritative=true, ts=0, state_root=[0m
[32m[INFO][Oct  8 07:02:20]  [Go Server] ✅ GetLastHandledCommitIndexRequest: last_commit=63705, last_gei=84, block=84, epoch=0[0m
[32m[INFO][Oct  8 07:02:20]  [RUST] 2026-10-08T07:02:20.129882Z  INFO metanode::node::executor_client::rpc_queries: 🔑 [GO-AUTH GEI] Recovery state received: last_commit=63705, last_gei=84, block=84, epoch=0, authoritative=true, timestamp=0, state_root=0 bytes[0m
[32m[INFO][Oct  8 07:02:20]  [RUST] 2026-10-08T07:02:20.129902Z  INFO metanode::node::setup_consensus: 🔍 [CONSISTENCY CHECK] Go state: block=84, gei=84, commit_index=63705, epoch=0, Rust state: go_replay_after=63705, current_epoch=0, next_expected_commit=63706[0m
[32m[INFO][Oct  8 07:02:20]  [RUST] 2026-10-08T07:02:20.129916Z  INFO metanode::node::setup_consensus: ✅ [CONSISTENCY CHECK] Post-sync state OK: block=84, gei=84, commit_index=63705, epoch=0[0m
[32m[INFO][Oct  8 07:02:20]  [RUST] 2026-10-08T07:02:20.129967Z  INFO metanode::node::executor_client: 📊 [INIT] Fetched current epoch from Go: 0[0m
[32m[INFO][Oct  8 07:02:20]  [RUST] 2026-10-08T07:02:20.130113Z  INFO metanode::node::executor_client: 📊 [INIT] Connected to Go Master. Last block=84, GEI=84, Epoch=0[0m
[32m[INFO][Oct  8 07:02:20]  [RUST] 2026-10-08T07:02:20.130132Z  INFO metanode::node::executor_client: 📊 [INIT] Initialized next_block_number to 85 (from Go last_block_number=84, old=0)[0m
[32m[INFO][Oct  8 07:02:20]  [RUST] 2026-10-08T07:02:20.130151Z  INFO metanode::node::executor_client: 📊 [INIT] Initialized last_processed_epoch to 0[0m
[32m[INFO][Oct  8 07:02:20]  [RUST] 2026-10-08T07:02:20.130163Z  INFO metanode::node::executor_client: 📊 [INIT] next_expected_index matches Go Master: last_global_exec_index=84, next_expected=85[0m
[32m[INFO][Oct  8 07:02:20]  [RUST] 2026-10-08T07:02:20.130176Z  INFO metanode::node::executor_client: ✅ [READY] Rust executor: go_connection=connected, next_expected=85, go_last_block=84[0m
[32m[INFO][Oct  8 07:02:20]  [RUST] 2026-10-08T07:02:20.130189Z  INFO metanode::node::setup_consensus: ✅ [STARTUP] initialize_from_go() completed synchronously (block/GEI guards updated)[0m
[32m[INFO][Oct  8 07:02:20]  [Go Server] 📥 Received GetLastHandledCommitIndexRequest (GO-AUTH GEI recovery)[0m
[33m[WARN][Oct  8 07:02:20]  BlockChain instance has not been initialized. Call InitBlockChain() first.[0m
[32m[INFO][Oct  8 07:02:20]  🔑 [GO-AUTH GEI] Recovery query: last_commit=63705 (epoch=0), last_gei=84, last_block=84, current_epoch=0, authoritative=true, ts=0, state_root=[0m
[32m[INFO][Oct  8 07:02:20]  [Go Server] ✅ GetLastHandledCommitIndexRequest: last_commit=63705, last_gei=84, block=84, epoch=0[0m
[32m[INFO][Oct  8 07:02:20]  [RUST] 2026-10-08T07:02:20.130271Z  INFO metanode::node::executor_client::rpc_queries: 🔑 [GO-AUTH GEI] Recovery state received: last_commit=63705, last_gei=84, block=84, epoch=0, authoritative=true, timestamp=0, state_root=0 bytes[0m
[32m[INFO][Oct  8 07:02:20]  [RUST] 2026-10-08T07:02:20.130295Z  INFO metanode::node::setup_consensus: 🔍 [SYNC-PARITY] Post-init state comparison:
  CommitProcessor:  go_last_commit_index=63705, next_expected_index=63706
  ExecutorClient:   next_expected_index=85
  Go (authoritative): commit_index=63705, gei=84, block=84, epoch=0
  Go State Root: 0x[0m
[32m[INFO][Oct  8 07:02:20]  [RUST] 2026-10-08T07:02:20.130313Z  INFO metanode::node::setup_consensus: ✅ [SYNC-PARITY] ExecutorClient and CommitProcessor GEI matched (EC=85, CP=85)[0m
[32m[INFO][Oct  8 07:02:20]  [RUST] 2026-10-08T07:02:20.130403Z  INFO metanode::node::setup_consensus: 🔍 [GEI-CROSSCHECK] Post-startup state: block=84, gei=84[0m
[33m[WARN][Oct  8 07:02:20]  [RUST] 2026-10-08T07:02:20.130428Z  WARN metanode::consensus::commit_processor::gei_validator: 🔍 [GEI-VALIDATOR] No peers configured for cross-check (local_gei=84, block=84)[0m
[32m[INFO][Oct  8 07:02:20]  [RUST] 2026-10-08T07:02:20.130473Z  INFO metanode::node::setup_consensus: ✅ [GEI-CROSSCHECK] Post-startup GEI validation passed (gei=84, block=84)[0m
[32m[INFO][Oct  8 07:02:20]  [RUST] 2026-10-08T07:02:20.130510Z  INFO consensus_core::recovery_barrier: ✅ [RECOVERY-BARRIER] GoSyncing → DagCatchingUp. Go execution layer synced. Waiting for Rust DAG to catch up via CertifiedCommits.[0m
[32m[INFO][Oct  8 07:02:20]  [RUST] 2026-10-08T07:02:20.130531Z  INFO consensus_core::coordination_hub: ✅ [STARTUP-SYNC] Go sync completed, advancing barrier to DagCatchingUp[0m
[32m[INFO][Oct  8 07:02:20]  [RUST] 2026-10-08T07:02:20.130584Z  INFO consensus_core::coordination_hub: 🔄 [HUB] Phase transition: Initializing -> Bootstrapping[0m
[32m[INFO][Oct  8 07:02:20]  [RUST] 2026-10-08T07:02:20.130727Z  INFO metanode::node::setup_consensus: 🚀 Starting consensus authority node (phase=Bootstrapping)...[0m
[32m[INFO][Oct  8 07:02:20]  [RUST] 2026-10-08T07:02:20.130702Z  INFO metanode::node::setup_consensus::verification: ℹ️ [POST-GATE-VERIFY] No peers configured. Setting block_hash_verified=true (single-node mode).[0m
[32m[INFO][Oct  8 07:02:20]  [RUST] 2026-10-08T07:02:20.130766Z  INFO consensus_core::coordination_hub: ✅ [BLOCK-HASH-GATE] Block hash VERIFIED against peers. Gate 5 cleared — node state is bit-perfect.[0m
[32m[INFO][Oct  8 07:02:20]  [RUST] 2026-10-08T07:02:20.130955Z  INFO consensus_core::authority_node: Starting consensus authority [0] node-0, ProtocolVersion(105), epoch start timestamp 1700000000000, boot counter 0, replaying after commit index 63705, consumer last processed commit index 63705[0m
[32m[INFO][Oct  8 07:02:20]  [RUST] 2026-10-08T07:02:20.131006Z  INFO consensus_core::authority_node: Consensus authorities: [0]: node-0[0m
[32m[INFO][Oct  8 07:02:20]  [RUST] 2026-10-08T07:02:20.131016Z  INFO consensus_core::authority_node: Consensus parameters: Parameters { db_path: "/tmp/gate_4val_p06/parent/consensus/rust_consensus/epochs/epoch_0/consensus_db", leader_timeout: 200ms, min_round_delay: 25ms, max_forward_time_drift: 500ms, max_blocks_per_sync: 32, max_blocks_per_fetch: 1000, sync_last_known_own_block_timeout: 5s, round_prober_interval_ms: 5000, round_prober_request_timeout_ms: 4000, propagation_delay_stop_proposal_threshold: 100, dag_state_cached_rounds: 500, commit_sync_parallel_fetches: 32, commit_sync_batch_size: 500, commit_sync_batches_ahead: 128, tonic: TonicParameters { keepalive_interval: 10s, connection_buffer_size: 33554432, excessive_message_size: 16777216, message_size_limit: 67108864 }, adaptive_delay_enabled: false, compact_blocks_enabled: false }[0m
[32m[INFO][Oct  8 07:02:20]  [RUST] 2026-10-08T07:02:20.131085Z  INFO consensus_core::authority_node: Consensus committee: Committee { epoch: 0, total_stake: 1000000000000000000, quorum_threshold: 666666666666666667, validity_threshold: 333333333333333334, authorities: [Authority { stake: 1000000000000000000, address: Multiaddr(/ip4/127.0.0.1/tcp/31001), hostname: "node-0", authority_key: AuthorityPublicKey(kUYrYvf/fDUygF8+nIdNATAAlnQU3BZSD3aGuHNoAZQv3OJOIZKW+Uw+UbH/1LWCAlbyWnQra9vUSDJfFVIxlV4XlraaNkLsZSb3HMJJQK3qEc1L20Yqb5YM8uGRXvnB), protocol_key: ProtocolPublicKey(fN/BNA8PFyjE3hclyjxnkYgjFlR6M27jpbocq7X847Y=), network_key: NetworkPublicKey(jZ/kDNNPBsZXUD28FcxMLLZ+vCZCbEJoUvdB8zgRvug=) }] }[0m
[32m[INFO][Oct  8 07:02:20]  [RUST] 2026-10-08T07:02:20.132207Z  INFO consensus_core::transaction: TransactionConsumer initialized with max_num_transactions_in_block: 4000, max_transactions_in_block_bytes: 2097152[0m
[32m[INFO][Oct  8 07:02:20]  [RUST] 2026-10-08T07:02:20.132349Z  INFO consensus_core::authority_node: 📡 [AUTHORITY NODE] Broadcast sender keeper obtained, receiver_count=1, total_senders_should_be=3[0m
[32m[INFO][Oct  8 07:02:20]  [RUST] 2026-10-08T07:02:20.166226Z  INFO consensus_core::dag_state::dag_state_impl: ✅ Loaded 1 genesis block refs from storage for epoch 0[0m
[33m[WARN][Oct  8 07:02:20]  [RUST] 2026-10-08T07:02:20.166320Z  WARN consensus_core::dag_state::dag_state_impl: Missing genesis block for ref B0([0],TjU0bSUY8KHY6u0jkTMGbX53pNYIckp+8ya7DChrH5k=)[0m
[33m[WARN][Oct  8 07:02:20]  [RUST] 2026-10-08T07:02:20.166335Z  WARN consensus_core::dag_state::dag_state_impl: Incomplete genesis blocks in storage (0 vs 1), regenerating[0m
[32m[INFO][Oct  8 07:02:20]  [RUST] 2026-10-08T07:02:20.166342Z  INFO consensus_core::block: 🛠️ [GENESIS DEBUG] Generating genesis blocks for epoch 0 with timestamp 1700000000000ms. Committee size: 1[0m
[32m[INFO][Oct  8 07:02:20]  [RUST] 2026-10-08T07:02:20.166357Z  INFO consensus_core::block: 🛠️ [GENESIS DEBUG] Generated B0 for Auth AuthorityIndex(0) (KeyPrefix: [145, 70, 43, 98]): Hash=TjU0bSUY8KHY6u0jkTMGbX53pNYIckp+8ya7DChrH5k=, Timestamp=1700000000000ms[0m
[32m[INFO][Oct  8 07:02:20]  [RUST] 2026-10-08T07:02:20.166387Z  INFO consensus_core::threshold_clock: Recovered ThresholdClock at round 1[0m
[32m[INFO][Oct  8 07:02:20]  [RUST] 2026-10-08T07:02:20.166661Z  INFO consensus_core::dag_state::dag_state_impl: Recovering committed state from C63600(rUTf) CommitInfo { committed_rounds: [63600], reputation_scores: ReputationScores { scores_per_authority: [2852094820647174144], commit_range: CommitRange(63301..=63600) } }[0m
[32m[INFO][Oct  8 07:02:20]  [RUST] 2026-10-08T07:02:20.171304Z  INFO consensus_core::dag_state::dag_state_impl: DagState was initialized with the following state: Some(TrustedCommit { inner: V1(CommitV1 { index: 63849, previous_digest: 5zjXZA7mrbaceWIpy+18PGVmy8ajIJtx3ob9S8S9IIQ=, timestamp_ms: 1791434694562, leader: B63849([0],uFuEhKmi6vKnFMVUy2ecoIMLrVXYc7Yqnil5bpVjAr8=), blocks: [B63849([0],uFuEhKmi6vKnFMVUy2ecoIMLrVXYc7Yqnil5bpVjAr8=)], global_exec_index: 63849, leader_address: [126, 97, 94, 74, 80, 10, 180, 43, 123, 179, 253, 187, 98, 251, 184, 189, 16, 56, 95, 197] }), digest: qITBm5uCCK36C79gPnWm3MWh2WBPL5e5yvaL4tJyrjs=, serialized: b"\0i\xf9\0\0\xe78\xd7d\x0e\xe6\xad\xb6\x9cyb)\xcb\xed|<ef\xcb\xc6\xa3 \x9bq\xde\x86\xfdK\xc4\xbd \x84\xa2\x1f\xd4\x19\xa1\x01\0\0i\xf9\0\0\0\0\0\0\xb8[\x84\x84\xa9\xa2\xea\xf2\xa7\x14\xc5T\xcbg\x9c\xa0\x83\x0b\xadU\xd8s\xb6*\x9e)yn\x95c\x02\xbf\x01i\xf9\0\0\0\0\0\0\xb8[\x84\x84\xa9\xa2\xea\xf2\xa7\x14\xc5T\xcbg\x9c\xa0\x83\x0b\xadU\xd8s\xb6*\x9e)yn\x95c\x02\xbfi\xf9\0\0\0\0\0\0\x14~a^JP\n\xb4+{\xb3\xfd\xbbb\xfb\xb8\xbd\x108_\xc5" }); [63849]; 249 unscored committed subdags; 249 scored subdags[0m
[32m[INFO][Oct  8 07:02:20]  [RUST] 2026-10-08T07:02:20.173330Z  INFO consensus_core::dag_state::dag_state_impl: Recovering block commit statuses from commit index 63849 and backwards until leader of round <= gc_round 63649[0m
[32m[INFO][Oct  8 07:02:20]  [RUST] 2026-10-08T07:02:20.174809Z  INFO consensus_core::dag_state::dag_state_impl: Recovering finished, reached commit leader round 63649 <= gc_round 63649[0m
[32m[INFO][Oct  8 07:02:20]  [RUST] 2026-10-08T07:02:20.175621Z  INFO consensus_core::authority_node: 📊 [STARTUP] CommitConsumerMonitor aligned: go_handled=63705, dag_handled=63849, effective=63849[0m
[32m[INFO][Oct  8 07:02:20]  [RUST] 2026-10-08T07:02:20.175639Z  INFO consensus_core::authority_node: 🔴 [GUARD-POLICY] Recovery Mode (dag=63849, go=63705): RECOVERY-GUARD active. Waiting for 5 network CertifiedCommits to prove density before local evaluation.[0m
[32m[INFO][Oct  8 07:02:20]  [RUST] 2026-10-08T07:02:20.175739Z  INFO consensus_core::block: 🛠️ [GENESIS DEBUG] Generating genesis blocks for epoch 0 with timestamp 1700000000000ms. Committee size: 1[0m
[32m[INFO][Oct  8 07:02:20]  [RUST] 2026-10-08T07:02:20.175749Z  INFO consensus_core::block: 🛠️ [GENESIS DEBUG] Generated B0 for Auth AuthorityIndex(0) (KeyPrefix: [145, 70, 43, 98]): Hash=TjU0bSUY8KHY6u0jkTMGbX53pNYIckp+8ya7DChrH5k=, Timestamp=1700000000000ms[0m
[32m[INFO][Oct  8 07:02:20]  [RUST] 2026-10-08T07:02:20.175762Z  INFO consensus_core::authority_node: 📡 [AUTHORITY NODE] About to spawn ProposedBlockHandler, keeper receiver_count=2[0m
[32m[INFO][Oct  8 07:02:20]  [RUST] 2026-10-08T07:02:20.175775Z  INFO consensus_core::authority_node: Sync last known own block: false[0m
[32m[INFO][Oct  8 07:02:20]  [RUST] 2026-10-08T07:02:20.175861Z  INFO consensus_core::leader_schedule: LeaderSchedule recovered using LeaderSwapTable for CommitRange(63301..=63600), good_nodes: [] with stake: 0, bad_nodes: Map { iter: [] } with stake: 0. There are 249 committed subdags scored in DagState. schedule_confirmed=true[0m
[33m[WARN][Oct  8 07:02:20]  [RUST] 2026-10-08T07:02:20.175912Z  WARN consensus_core::commit_observer: ⚠️ [ANTI-FORK] Hash mismatch detected! Hash from Go ([181, 39, 197, 112, 206, 117, 174, 30, 120, 28, 15, 192, 98, 212, 233, 26, 253, 117, 252, 102, 90, 254, 244, 140, 78, 164, 4, 73, 234, 113, 54, 155]) != Local hash at block 63705 ([81, 196, 159, 135, 11, 227, 255, 208, 77, 95, 78, 14, 223, 175, 22, 104, 141, 115, 167, 1, 5, 253, 200, 248, 169, 59, 59, 79, 172, 78, 56, 236]). Auto-aligning to local DAG hash (single source of truth) to prevent deadlock and preserve data.[0m
[32m[INFO][Oct  8 07:02:20]  [RUST] 2026-10-08T07:02:20.175946Z  INFO consensus_core::commit_observer: Recovering commit observer in the range [63706..=63849][0m
[32m[INFO][Oct  8 07:02:20]  [RUST] 2026-10-08T07:02:20.175903Z  INFO consensus_core::dag_state_actor: 🟢 [DAG-STATE-ACTOR] Started on dedicated thread[0m
[32m[INFO][Oct  8 07:02:20]  [RUST] 2026-10-08T07:02:20.175923Z  INFO consensus_core::proposed_block_handler: 🚀 [PROPOSED BLOCK HANDLER] RUN LOOP STARTED[0m
[32m[INFO][Oct  8 07:02:20]  [RUST] 2026-10-08T07:02:20.175927Z  INFO consensus_core::commit_finalizer: 🚀 [COMMIT FINALIZER] RUN LOOP STARTED[0m
[32m[INFO][Oct  8 07:02:20]  [RUST] 2026-10-08T07:02:20.176207Z  INFO consensus_core::commit_observer: Recovering 144 unsent commits in range [63706..=63849][0m
[32m[INFO][Oct  8 07:02:20]  [RUST] 2026-10-08T07:02:20.176058Z  INFO metanode::node::setup_consensus: 🔄 [ANTI-FORK] Aligner callback triggered, calling Go to set hash to: 51c49f870be3ffd04d5f4e0edfaf16688d73a70105fdc8f8a93b3b4fac4e38ec[0m
[32m[INFO][Oct  8 07:02:20]  [Go Server] 📥 Received SetLastExecutedCommitHashRequest[0m
[32m[INFO][Oct  8 07:02:20]  ✅ [RPC] Aligned LastExecutedCommitHash to: 51c49f870be3ffd04d5f4e0edfaf16688d73a70105fdc8f8a93b3b4fac4e38ec[0m
[32m[INFO][Oct  8 07:02:20]  [RUST] 2026-10-08T07:02:20.177010Z  INFO metanode::node::executor_client::rpc_queries: ✅ [EXECUTOR-REQ] SetLastExecutedCommitHash successful[0m
[32m[INFO][Oct  8 07:02:20]  [RUST] 2026-10-08T07:02:20.178783Z  INFO consensus_core::commit_observer: Commit observer recovery [63706..=63849] completed, took 2.895503ms[0m
[32m[INFO][Oct  8 07:02:20]  [RUST] 2026-10-08T07:02:20.178908Z  INFO consensus_core::transaction_certifier: Recovering certifier state from round 63650[0m
[32m[INFO][Oct  8 07:02:20]  [RUST] 2026-10-08T07:02:20.181249Z  INFO consensus_core::transaction_certifier: Recovered and voting on 202 blocks from authority [0] node-0[0m
[32m[INFO][Oct  8 07:02:20]  [RUST] 2026-10-08T07:02:20.181690Z  INFO consensus_core::authority_node: Adaptive delay enabled: base_delay=25ms[0m
[32m[INFO][Oct  8 07:02:20]  [RUST] 2026-10-08T07:02:20.181773Z  INFO consensus_core::core::commit_manager: 🛡️ [PHASE-GUARD] Blocking local committer. Node is in Bootstrapping phase (startup_sync_active=true). Waiting for DAG to fully catch up.[0m
[33m[WARN][Oct  8 07:02:20]  [RUST] 2026-10-08T07:02:20.181786Z  WARN consensus_core::core::proposer: Skip proposing for round 63852: node phase is Bootstrapping[0m
[33m[WARN][Oct  8 07:02:20]  [RUST] 2026-10-08T07:02:20.181805Z  WARN consensus_core::core::proposer: Skip proposing for round 63852: node phase is Bootstrapping[0m
[32m[INFO][Oct  8 07:02:20]  [RUST] 2026-10-08T07:02:20.181830Z  INFO consensus_core::core: Core recovery completed with last proposed block B63851([0],LYqhQabe6fGNiwgYAlq75mClGm4e4xVHWYi5hH/RrOk=)([B63850([0],kQeb)];1791434695167ms;0t;1c)[0m
[32m[INFO][Oct  8 07:02:20]  [RUST] 2026-10-08T07:02:20.181896Z  INFO consensus_core::authority_node: ℹ️ [AUTHORITY START] No existing LegacyEpochStoreManager provided[0m
[32m[INFO][Oct  8 07:02:20]  [RUST] 2026-10-08T07:02:20.181919Z  INFO consensus_core::network::tonic_network: Starting tonic service[0m
[32m[INFO][Oct  8 07:02:20]  [RUST] 2026-10-08T07:02:20.181964Z  INFO consensus_core::core_thread: 🚀 [CORE THREAD] Started core thread[0m
[32m[INFO][Oct  8 07:02:20]  [RUST] 2026-10-08T07:02:20.182067Z  INFO consensus_core::commit_syncer: 🛡️ [SUPERVISOR] Starting CommitSyncer task...[0m
[32m[INFO][Oct  8 07:02:20]  [RUST] 2026-10-08T07:02:20.182122Z  INFO consensus_core::commit_syncer: 🛡️ [SUPERVISOR] Pre-seeded CommitVoteMonitor with highest_handled=63705 before restart[0m
🔧 [COMMIT-SYNCER-LOOP] ENTERED! phase=Bootstrapping, synced=63849, interval=200ms
[32m[INFO][Oct  8 07:02:20]  [RUST] 2026-10-08T07:02:20.182236Z  INFO consensus_core::commit_syncer: 🔗 [BASELINE] Fetching network schedule/digest data for boundary commit #63600 (current cycle: 212)[0m
[33m[WARN][Oct  8 07:02:20]  [RUST] 2026-10-08T07:02:20.182303Z  WARN consensus_core::commit_syncer: ⚠️ [BASELINE] Attempt 1/5: Failed to fetch baseline commit #63849 from network. Retrying in 1s...[0m
[32m[INFO][Oct  8 07:02:20]  [RUST] 2026-10-08T07:02:20.182431Z  INFO consensus_core::network::tonic_network: Server started at: 127.0.0.1:31001[0m
[32m[INFO][Oct  8 07:02:20]  [RUST] 2026-10-08T07:02:20.182445Z  INFO consensus_core::authority_node: ✅ [AUTHORITY NODE] Consensus authority started, took 50.249347ms[0m
[32m[INFO][Oct  8 07:02:20]  [RUST] 2026-10-08T07:02:20.182455Z  INFO metanode::node::setup_consensus: 🔍 [RECOVERY] Initiating block recovery check using the active consensus store instance...[0m
[32m[INFO][Oct  8 07:02:20]  [RUST] 2026-10-08T07:02:20.182461Z  INFO metanode::node::recovery: 🔍 [RECOVERY] Checking for missing blocks from index 85 (epoch_base=0)...[0m
[32m[INFO][Oct  8 07:02:20]  [RUST] 2026-10-08T07:02:20.182763Z  INFO metanode::node::recovery: 🔍 [RECOVERY] Scanning 144 commit(s) above Go's last commit 63705 (next GEI 85)...[0m
[33m[WARN][Oct  8 07:02:20]  [RUST] 2026-10-08T07:02:20.183344Z  WARN consensus_core::core::proposer: Skip proposing for round 63852: node phase is Bootstrapping[0m
[33m[WARN][Oct  8 07:02:20]  [RUST] 2026-10-08T07:02:20.183515Z  WARN consensus_core::core::proposer: Skip proposing for round 63852: node phase is Bootstrapping[0m
[32m[INFO][Oct  8 07:02:20]  [RUST] 2026-10-08T07:02:20.192154Z  INFO metanode::node::recovery: ✅ [RECOVERY] No missing commits found in local DB that need replaying.[0m
[32m[INFO][Oct  8 07:02:20]  [RUST] 2026-10-08T07:02:20.192181Z  INFO metanode::node::setup_consensus: ♻️ [TX RECYCLER] Created shared TxRecycler instance[0m
[32m[INFO][Oct  8 07:02:20]  [RUST] 2026-10-08T07:02:20.192215Z  INFO consensus_core::legacy_store: 📦 [LEGACY STORE] Creating LegacyEpochStoreManager with max_epochs=5[0m
[32m[INFO][Oct  8 07:02:20]  [RUST] 2026-10-08T07:02:20.192223Z  INFO metanode::node::epoch_transition_manager: 🔧 [STATE MANAGER] Initializing: epoch=0, mode=Validator[0m
[32m[INFO][Oct  8 07:02:20]  [RUST] 2026-10-08T07:02:20.192227Z  INFO metanode::node::consensus_node: 🔧 [STARTUP] Initialized StateTransitionManager: epoch=0, mode=Validator[0m
[32m[INFO][Oct  8 07:02:20]  [RUST] 2026-10-08T07:02:20.192251Z  INFO metanode::node::epoch_monitor: 🔄 [EPOCH MONITOR] Starting unified epoch monitor for node-0 (poll_interval=5s)[0m
[32m[INFO][Oct  8 07:02:20]  [RUST] 2026-10-08T07:02:20.192259Z  INFO metanode::node::consensus_node: 🔄 Started unified epoch monitor for Validator mode at epoch=0[0m
[32m[INFO][Oct  8 07:02:20]  [RUST] 2026-10-08T07:02:20.192264Z  INFO metanode::node::recovery: 🔍 [FORK DETECTION] Checking state (Epoch: 0, LastCommit: 84)[0m
[32m[INFO][Oct  8 07:02:20]  [RUST] 2026-10-08T07:02:20.192284Z  INFO metanode::node::consensus_node: ♻️ [TX RECYCLER] Background recycler task spawned[0m
[32m[INFO][Oct  8 07:02:20]  [RUST] 2026-10-08T07:02:20.192302Z  INFO metanode::node: ✅ Registered node in global transition handler registry[0m
[32m[INFO][Oct  8 07:02:20]  [RUST] 2026-10-08T07:02:20.192313Z  INFO metanode::node::startup: RPC server available at http://127.0.0.1:32901[0m
[32m[INFO][Oct  8 07:02:20]  [RUST] 2026-10-08T07:02:20.192319Z  INFO metanode::node::startup: ♻️ [TX RECYCLER] Injected into UDS server[0m
[32m[INFO][Oct  8 07:02:20]  [RUST] 2026-10-08T07:02:20.192327Z  INFO metanode::node::startup: FFI transaction interface initialized[0m
[32m[INFO][Oct  8 07:02:20]  [RUST] 2026-10-08T07:02:20.192334Z  INFO metanode::node::startup: 📡 [PEER RPC] Node reference injected for dynamic transaction routing[0m
[32m[INFO][Oct  8 07:02:20]  [RUST] 2026-10-08T07:02:20.192322Z  INFO metanode::consensus::commit_processor::processor: 🛡️ [DIGEST-GATE] Initialized: committee_size=1, quorum_threshold=1, digest_verifier=true[0m
[32m[INFO][Oct  8 07:02:20]  [RUST] 2026-10-08T07:02:20.192427Z  INFO metanode::consensus::commit_processor::wal: 📝 [WAL] Initialized FFI Write-Ahead Log at "/tmp/gate_4val_p06/parent/consensus/rust_consensus/commit_ffi_wal.log"[0m
[32m[INFO][Oct  8 07:02:20]  [RUST] 2026-10-08T07:02:20.192508Z  INFO metanode::node::setup_consensus: 🛡️ [DAG-GATE] Waiting for CommitSyncer to explicitly complete historical sync...[0m
[32m[INFO][Oct  8 07:02:20]  [RUST] 2026-10-08T07:02:20.192560Z  INFO metanode::node::block_delivery: 🚚 [STATION 4: DELIVERY] Started BlockDeliveryManager loop. Conveyor belt active.[0m
[32m[INFO][Oct  8 07:02:20]  [RUST] 2026-10-08T07:02:20.192591Z  INFO metanode::consensus::tx_recycler: ♻️ [TX RECYCLER] Background recycler started (timeout=300s, max_retries=3)[0m
[32m[INFO][Oct  8 07:02:20]  [RUST] 2026-10-08T07:02:20.192681Z  INFO metanode::node::startup: 📡 [PEER RPC] Server started on 0.0.0.0:31501 for WAN sync[0m
[32m[INFO][Oct  8 07:02:20]  [RUST] 2026-10-08T07:02:20.192693Z  INFO metanode::node::startup: ✅ [STARTUP] Node initialized. Entering supervisor loop.[0m
[32m[INFO][Oct  8 07:02:20]  [RUST] 2026-10-08T07:02:20.192674Z  INFO metanode::network::peer_rpc::server: 🌐 [PEER RPC] Started on 0.0.0.0:31501 (node_id=0, network_address=127.0.0.1:31001)[0m
[32m[INFO][Oct  8 07:02:20]  [RUST] 2026-10-08T07:02:20.192661Z  INFO metanode::network::rpc: RPC server started on 127.0.0.1:32901 (supports HTTP POST and length-prefixed binary)[0m
[32m[INFO][Oct  8 07:02:20]  [RUST] 2026-10-08T07:02:20.192849Z  INFO metanode::consensus::tx_recycler: 💾 [TX RECYCLER] Hydrated 2 pending transactions from disk[0m
[DIAG tx_recycler] pending=2 submitted=0 confirmed=0 recycled=0 expired=0 capacity_evicted=0
[33m[WARN][Oct  8 07:02:20]  [RUST] 2026-10-08T07:02:20.208254Z  WARN consensus_core::core::proposer: Skip proposing for round 63852: node phase is Bootstrapping[0m
[DIAG dispatch_commit] dispatched_txs=0 gei_guard_skips=0 gei_guard_skipped_txs=0 fast_skip_empty=1
[32m[INFO][Oct  8 07:02:20]  [RUST] 2026-10-08T07:02:20.228300Z  INFO metanode::consensus::commit_processor::processor: 🚀 [COMMIT PROCESSOR] PHASE-B: Go-Authoritative GEI. epoch=0, next_expected_index=63706[0m
[32m[INFO][Oct  8 07:02:20]  [RUST] 2026-10-08T07:02:20.228319Z  INFO metanode::consensus::commit_processor::processor: 🛡️ LagMonitor spawned for CommitProcessor.[0m
[32m[INFO][Oct  8 07:02:20]  [RUST] 2026-10-08T07:02:20.228323Z  INFO metanode::consensus::commit_processor::processor: 📡 [COMMIT PROCESSOR] Waiting for commits from consensus...[0m
[32m[INFO][Oct  8 07:02:20]  [RUST] 2026-10-08T07:02:20.228329Z  INFO metanode::consensus::commit_processor::processor: 💓 [COMMIT PROCESSOR HEARTBEAT] Processed 63706 commits (last 1000 commits in 0s, pending_ooo=0, next_expected=63706)[0m
[32m[INFO][Oct  8 07:02:20]  [RUST] 2026-10-08T07:02:20.228363Z  INFO metanode::consensus::commit_processor::processor: [DIAG leader-addr] preembedded=1 resolved_ok=0 waiting_iters=0 out_of_bounds=0 invalid_len=0[0m
[32m[INFO][Oct  8 07:02:20]  [RUST] 2026-10-08T07:02:20.229480Z  INFO metanode::consensus::commit_processor::lag_monitor: 🛡️ [LAG-MONITOR] Started with moderate_threshold=100, severe_threshold=200[0m
[33m[WARN][Oct  8 07:02:20]  [RUST] 2026-10-08T07:02:20.383012Z  WARN consensus_core::core::proposer: Skip proposing for round 63852: node phase is Bootstrapping[0m
[33m[WARN][Oct  8 07:02:21]  [RUST] 2026-10-08T07:02:21.119773Z  WARN metanode::ffi: ⚠️ [FFI TX FLOW] Rust FFI channel is highly saturated! Capacity remaining: 128/10000[0m
[32m[INFO][Oct  8 07:02:21]  [RUST] 2026-10-08T07:02:21.119853Z  INFO metanode::ffi: 📊 [FFI TX METRICS] total_batches=1, total_bytes=336, channel_full_events=0, capacity_remaining=128/10000[0m
[33m[WARN][Oct  8 07:02:21]  [RUST] 2026-10-08T07:02:21.125543Z  WARN metanode::ffi: ⚠️ [FFI TX FLOW] Rust FFI channel is highly saturated! Capacity remaining: 128/10000[0m
[33m[WARN][Oct  8 07:02:21]  [RUST] 2026-10-08T07:02:21.184087Z  WARN consensus_core::commit_syncer: ⚠️ [BASELINE] Attempt 2/5: Failed to fetch baseline commit #63849 from network. Retrying in 1s...[0m
[33m[WARN][Oct  8 07:02:22]  [RUST] 2026-10-08T07:02:22.182932Z  WARN metanode::ffi: ⚠️ [FFI TX FLOW] Rust FFI channel is highly saturated! Capacity remaining: 128/10000[0m
[33m[WARN][Oct  8 07:02:22]  [RUST] 2026-10-08T07:02:22.185410Z  WARN consensus_core::commit_syncer: ⚠️ [BASELINE] Attempt 3/5: Failed to fetch baseline commit #63849 from network. Retrying in 1s...[0m
[33m[WARN][Oct  8 07:02:22]  [RUST] 2026-10-08T07:02:22.189599Z  WARN metanode::ffi: ⚠️ [FFI TX FLOW] Rust FFI channel is highly saturated! Capacity remaining: 128/10000[0m
[33m[WARN][Oct  8 07:02:23]  [RUST] 2026-10-08T07:02:23.186633Z  WARN consensus_core::commit_syncer: ⚠️ [BASELINE] Attempt 4/5: Failed to fetch baseline commit #63849 from network. Retrying in 1s...[0m
[33m[WARN][Oct  8 07:02:23]  [RUST] 2026-10-08T07:02:23.189845Z  WARN metanode::ffi: ⚠️ [FFI TX FLOW] Rust FFI channel is highly saturated! Capacity remaining: 128/10000[0m
[33m[WARN][Oct  8 07:02:23]  [RUST] 2026-10-08T07:02:23.196828Z  WARN metanode::ffi: ⚠️ [FFI TX FLOW] Rust FFI channel is highly saturated! Capacity remaining: 128/10000[0m
[33m[WARN][Oct  8 07:02:24]  [RUST] 2026-10-08T07:02:24.187837Z  WARN consensus_core::commit_syncer: ⚠️ [BASELINE] Attempt 5/5: Failed to fetch baseline commit #63849 from network. Retrying in 1s...[0m
[33m[WARN][Oct  8 07:02:24]  [RUST] 2026-10-08T07:02:24.261031Z  WARN metanode::ffi: ⚠️ [FFI TX FLOW] Rust FFI channel is highly saturated! Capacity remaining: 128/10000[0m
[33m[WARN][Oct  8 07:02:24]  [RUST] 2026-10-08T07:02:24.267548Z  WARN metanode::ffi: ⚠️ [FFI TX FLOW] Rust FFI channel is highly saturated! Capacity remaining: 128/10000[0m
[33m[WARN][Oct  8 07:02:25]  [RUST] 2026-10-08T07:02:25.183139Z  WARN consensus_core::core::proposer: Skip proposing for round 63852: node phase is Bootstrapping[0m
[33m[WARN][Oct  8 07:02:25]  [RUST] 2026-10-08T07:02:25.183235Z  WARN consensus_core::core::proposer: Skip proposing for round 63852: node phase is Bootstrapping[0m
[33m[WARN][Oct  8 07:02:25]  [RUST] 2026-10-08T07:02:25.188456Z  WARN consensus_core::commit_syncer: 🚨 [BASELINE] Failed to fetch baseline commit #63849 after 5 attempts. ALL peers unreachable (network partition?). Skipping baseline — entering ScheduleVerifying for natural rebuild. Fork-safe: no proposals until schedule is verified.[0m
[32m[INFO][Oct  8 07:02:25]  [RUST] 2026-10-08T07:02:25.188546Z  INFO consensus_core::commit_syncer: 🔍 [BOOTSTRAP] Actively polling peers to discover true quorum_commit_index...[0m
[32m[INFO][Oct  8 07:02:25]  [RUST] 2026-10-08T07:02:25.188562Z  INFO consensus_core::commit_syncer: ℹ️ [BOOTSTRAP] Single-node cluster detected. Skipping peer polling.[0m
[32m[INFO][Oct  8 07:02:25]  [RUST] 2026-10-08T07:02:25.188578Z  INFO consensus_core::commit_syncer: 🚀 [COMMIT-SYNCER] Starting with phase=Bootstrapping, interval=200ms[0m
[33m[WARN][Oct  8 07:02:25]  [RUST] 2026-10-08T07:02:25.189702Z  WARN consensus_core::commit_syncer: ⚠️ [RECOVERY-BARRIER] Lag is 0, but schedule_recovery_pending=true. Node restored from snapshot but failed to fetch baseline. MUST enter ScheduleVerifying to rebuild LeaderSchedule naturally.[0m
[32m[INFO][Oct  8 07:02:25]  [RUST] 2026-10-08T07:02:25.189737Z  INFO consensus_core::recovery_barrier: ✅ [RECOVERY-BARRIER] DagCatchingUp → ScheduleVerifying. DAG reached quorum. Waiting for a full 300-commit LeaderSchedule scoring cycle.[0m
[32m[INFO][Oct  8 07:02:25]  [RUST] 2026-10-08T07:02:25.189759Z  INFO consensus_core::commit_syncer::cold_start: 🚀 [BOOTSTRAP] Snapshot restore complete. quorum=63849, transitioning to CatchingUp.[0m
[32m[INFO][Oct  8 07:02:25]  [RUST] 2026-10-08T07:02:25.189777Z  INFO consensus_core::coordination_hub: 🔄 [HUB] Phase transition: Bootstrapping -> CatchingUp[0m
[DIAG tx_recycler] pending=4 submitted=2 confirmed=0 recycled=0 expired=0 capacity_evicted=0
[32m[INFO][Oct  8 07:02:25]  [RUST] 2026-10-08T07:02:25.389619Z  INFO consensus_core::commit_syncer::cold_start: ✅ [COMMIT-SYNCER] Mathematical parity reached (synced=63849 >= quorum=63849, network_synced=0) and RecoveryBarrier=Ready. Clearing startup_sync. Local committer will unlock after DAG density confirmed.[0m
[32m[INFO][Oct  8 07:02:25]  [RUST] 2026-10-08T07:02:25.389706Z  INFO consensus_core::coordination_hub: 🔓 [STARTUP-SYNC] Proposals UNLOCKED — sync complete[0m
[32m[INFO][Oct  8 07:02:25]  [RUST] 2026-10-08T07:02:25.389722Z  INFO consensus_core::coordination_hub: 🔄 [HUB] Phase transition: CatchingUp -> Healthy[0m
[32m[INFO][Oct  8 07:02:25]  [RUST] 2026-10-08T07:02:25.389734Z  INFO consensus_core::commit_syncer: 🛡️ [DAG-GC-GUARD] Transitioning to Healthy. Local committer will automatically remain blocked if it falls behind gc_round.[0m
[32m[INFO][Oct  8 07:02:25]  [RUST] 2026-10-08T07:02:25.389837Z  INFO consensus_core::commit_syncer: 🏃 [LIVENESS] Kicking Core to resume proposals after transitioning to Healthy...[0m
[32m[INFO][Oct  8 07:02:25]  [RUST] 2026-10-08T07:02:25.390119Z  INFO consensus_core::transaction: Proposing block with 8 transactions (2184 bytes). Limit reached: AllTransactionsIncluded[0m
[DIAG submit_no_wait] ok=1 gc=0 timeout=0
[33m[WARN][Oct  8 07:02:25]  [RUST] 2026-10-08T07:02:25.390992Z  WARN consensus_core::commit_finalizer: ⚠️ [COMMIT FINALIZER] Non-sequential commit: expected index 63706, got 63850. Gap of 144 commits (likely FORWARD-JUMP catch-up). Proceeding.[0m
[DIAG digest-gate] direct_ok=1 buffered=0 poll_recovered=0 dropped=0
[DIAG dispatch_commit] dispatched_txs=0 gei_guard_skips=0 gei_guard_skipped_txs=0 fast_skip_empty=145
[32m[INFO][Oct  8 07:02:25]  [RUST] 2026-10-08T07:02:25.392189Z  INFO metanode::consensus::commit_processor::processor: [DIAG leader-addr] preembedded=145 resolved_ok=0 waiting_iters=0 out_of_bounds=0 invalid_len=0[0m
[33m[WARN][Oct  8 07:02:25]  [RUST] 2026-10-08T07:02:25.525863Z  WARN metanode::ffi: ⚠️ [FFI TX FLOW] Rust FFI channel is highly saturated! Capacity remaining: 128/10000[0m
[33m[WARN][Oct  8 07:02:25]  [RUST] 2026-10-08T07:02:25.531413Z  WARN metanode::ffi: ⚠️ [FFI TX FLOW] Rust FFI channel is highly saturated! Capacity remaining: 128/10000[0m
[32m[INFO][Oct  8 07:02:25]  [RUST] 2026-10-08T07:02:25.589959Z  INFO consensus_core::commit_syncer: 🔗 [BASELINE] Fetching network schedule/digest data for boundary commit #63600 (current cycle: 212)[0m
[33m[WARN][Oct  8 07:02:25]  [RUST] 2026-10-08T07:02:25.590091Z  WARN consensus_core::commit_syncer: ⚠️ [BASELINE] Attempt 1/5: Failed to fetch baseline commit #63849 from network. Retrying in 1s...[0m
[32m[INFO][Oct  8 07:02:25]  [RUST] 2026-10-08T07:02:25.592406Z  INFO consensus_core::transaction: Proposing block with 2 transactions (546 bytes). Limit reached: AllTransactionsIncluded[0m
[32m[INFO][Oct  8 07:02:25]  [RUST] 2026-10-08T07:02:25.704077Z  INFO metanode::node::setup_consensus: ✅ [DAG-GATE] CommitSyncer explicitly unlocked node! Notifying SystemTransactionProvider.[0m
[32m[INFO][Oct  8 07:02:25]  [RUST] 2026-10-08T07:02:25.795039Z  INFO metanode::consensus::tx_recycler: ♻️ [TX RECYCLER] Confirmed 2 TXs from committed sub-DAG (4 still pending)[0m
[32m[INFO][Oct  8 07:02:25]  [RUST] 2026-10-08T07:02:25.795158Z  INFO metanode::node::executor_client::block_sending: 🔪 [FRAGMENT-BUILD] Built sorted TX list: input=8, filtered=0, deduped=6, final=2, system_txs=0[0m
[32m[INFO][Oct  8 07:02:25]  [RUST] 2026-10-08T07:02:25.795209Z  INFO metanode::node::executor_client::block_sending: 📊 [BLOCK-NUM-ASSIGN] Assigned block_number=85 for GEI=85, epoch=0, commit_idx=63852, txs_user=2, txs_sys=0[0m
2026/10/08 07:02:25 Parent Chain: Processing block 85 (GEI 85) with 2 txs
[32m[INFO][Oct  8 07:02:25]  🔄 [FORCE COMMIT] Received ForceCommitRequest from Rust (reason: commit_g85_e0)[0m
[32m[INFO][Oct  8 07:02:25]  [RUST] 2026-10-08T07:02:25.795788Z  INFO metanode::node::executor_client::rpc_queries: ✅ [EXECUTOR-REQ] ForceCommit successful: ForceCommit callback is not initialized[0m
[32m[INFO][Oct  8 07:02:26]  [RUST] 2026-10-08T07:02:26.063615Z  INFO metanode::consensus::tx_recycler: ♻️ [TX RECYCLER] Confirmed 2 TXs from committed sub-DAG (2 still pending)[0m
[32m[INFO][Oct  8 07:02:26]  🔄 [FORCE COMMIT] Received ForceCommitRequest from Rust (reason: commit_g86_e0)[0m
[32m[INFO][Oct  8 07:02:26]  [RUST] 2026-10-08T07:02:26.063900Z  INFO metanode::node::executor_client::rpc_queries: ✅ [EXECUTOR-REQ] ForceCommit successful: ForceCommit callback is not initialized[0m
2026/10/08 07:02:26 block_processor: tx 0x25e8438a rejected in block #85: errCode=215 err=RegisterAccount: float account: account already registered
2026/10/08 07:02:26 Parent Chain: Block #85 applied successfully: txs=2 receipts=2 hash=0x45a2ae3ed99d6e0e stateRoot=0x57b87f9910643ca7
[33m[WARN][Oct  8 07:02:26]  ⏱️ [FFI-TRACE] gei=85 stage=GO_CGO unmarshal_ns=12151 queue_to_resp_ns=275501150 serialize_ns=152834 total_ns=275674570[0m
[33m[WARN][Oct  8 07:02:26]  [RUST] 2026-10-08T07:02:26.071145Z  WARN metanode::node::executor_client::block_sending: ⏱️ [FFI-TRACE] gei=85 stage=RUST sched_ns=119293 cgo_ns=275712909 decode_ns=53035[0m
[33m[WARN][Oct  8 07:02:26]  [RUST] 2026-10-08T07:02:26.071202Z  WARN metanode::node::executor_client::block_sending: ⏱️ [PERF-RUST] FFI execute_block for gei 85 (size=643 bytes): 275.947048ms[0m
[32m[INFO][Oct  8 07:02:26]  [RUST] 2026-10-08T07:02:26.071240Z  INFO metanode::node::executor_client::block_sending: 💾 [BLOCK-SEND] Go computed StateRoot for GEI=85: 0x57b87f9910643ca78259e5f0f3aafbfa335ccbd55433f5ce39f3a8a688d1afda[0m
[DIAG block_delivery] ok_commits=1 ok_txs=8
[32m[INFO][Oct  8 07:02:26]  [RUST] 2026-10-08T07:02:26.071597Z  INFO metanode::node::executor_client::block_store: 💾 [BLOCK STORE] Stored 1 executable blocks (GEI 85→85)[0m
[33m[WARN][Oct  8 07:02:26]  [RUST] 2026-10-08T07:02:26.071641Z  WARN metanode::node::block_delivery: 🐌 [PERF-WARN] send_committed_subdag took 276.734204ms for commit 63852 (GEI=85). Go Execution is lagging![0m
[32m[INFO][Oct  8 07:02:26]  [RUST] 2026-10-08T07:02:26.071775Z  INFO metanode::node::executor_client::block_sending: 🔪 [FRAGMENT-BUILD] Built sorted TX list: input=2, filtered=0, deduped=0, final=2, system_txs=0[0m
[32m[INFO][Oct  8 07:02:26]  [RUST] 2026-10-08T07:02:26.071800Z  INFO metanode::node::executor_client::block_sending: 📊 [BLOCK-NUM-ASSIGN] Assigned block_number=86 for GEI=86, epoch=0, commit_idx=63853, txs_user=2, txs_sys=0[0m
2026/10/08 07:02:26 Parent Chain: Processing block 86 (GEI 86) with 2 txs
2026/10/08 07:02:26 block_processor: tx 0xdfd4bba3 rejected in block #86: errCode=215 err=RegisterAccount: float account: account already registered
2026/10/08 07:02:26 Parent Chain: Block #86 applied successfully: txs=2 receipts=2 hash=0x0ccfcbaa7f1d0e1b stateRoot=0x6428254ad6c0a1fc
[33m[WARN][Oct  8 07:02:26]  ⏱️ [FFI-TRACE] gei=86 stage=GO_CGO unmarshal_ns=17244 queue_to_resp_ns=13585474 serialize_ns=11957 total_ns=13641669[0m
[33m[WARN][Oct  8 07:02:26]  [RUST] 2026-10-08T07:02:26.085757Z  WARN metanode::node::executor_client::block_sending: ⏱️ [FFI-TRACE] gei=86 stage=RUST sched_ns=87722 cgo_ns=13682617 decode_ns=129128[0m
[33m[WARN][Oct  8 07:02:26]  [RUST] 2026-10-08T07:02:26.085814Z  WARN metanode::node::executor_client::block_sending: ⏱️ [PERF-RUST] FFI execute_block for gei 86 (size=643 bytes): 13.958415ms[0m
[32m[INFO][Oct  8 07:02:26]  [RUST] 2026-10-08T07:02:26.085833Z  INFO metanode::node::executor_client::block_sending: 💾 [BLOCK-SEND] Go computed StateRoot for GEI=86: 0x6428254ad6c0a1fcd524d88755540b8fb6073d2303569ef548c54fa74f3cf7fe[0m
[32m[INFO][Oct  8 07:02:26]  [RUST] 2026-10-08T07:02:26.086284Z  INFO metanode::node::executor_client::block_store: 💾 [BLOCK STORE] Stored 1 executable blocks (GEI 86→86)[0m
[33m[WARN][Oct  8 07:02:26]  [RUST] 2026-10-08T07:02:26.591383Z  WARN consensus_core::commit_syncer: ⚠️ [BASELINE] Attempt 2/5: Failed to fetch baseline commit #63849 from network. Retrying in 1s...[0m
[DIAG digest-gate] direct_ok=9 buffered=0 poll_recovered=0 dropped=0
[DIAG dispatch_commit] dispatched_txs=10 gei_guard_skips=0 gei_guard_skipped_txs=0 fast_skip_empty=151
[33m[WARN][Oct  8 07:02:27]  [RUST] 2026-10-08T07:02:27.595029Z  WARN consensus_core::commit_syncer: ⚠️ [BASELINE] Attempt 3/5: Failed to fetch baseline commit #63849 from network. Retrying in 1s...[0m
[33m[WARN][Oct  8 07:02:28]  [RUST] 2026-10-08T07:02:28.599022Z  WARN consensus_core::commit_syncer: ⚠️ [BASELINE] Attempt 4/5: Failed to fetch baseline commit #63849 from network. Retrying in 1s...[0m
[DIAG digest-gate] direct_ok=19 buffered=0 poll_recovered=0 dropped=0
[DIAG dispatch_commit] dispatched_txs=10 gei_guard_skips=0 gei_guard_skipped_txs=0 fast_skip_empty=161
[33m[WARN][Oct  8 07:02:29]  [RUST] 2026-10-08T07:02:29.600016Z  WARN consensus_core::commit_syncer: ⚠️ [BASELINE] Attempt 5/5: Failed to fetch baseline commit #63849 from network. Retrying in 1s...[0m
[32m[INFO][Oct  8 07:02:30]  [RUST] 2026-10-08T07:02:30.055199Z  INFO metanode::consensus::commit_processor::processor: [DIAG leader-addr] preembedded=168 resolved_ok=0 waiting_iters=0 out_of_bounds=0 invalid_len=0[0m
[DIAG tx_recycler] pending=2 submitted=4 confirmed=4 recycled=0 expired=0 capacity_evicted=0
[33m[WARN][Oct  8 07:02:30]  [RUST] 2026-10-08T07:02:30.601030Z  WARN consensus_core::commit_syncer: 🚨 [BASELINE] Failed to fetch baseline commit #63849 after 5 attempts. ALL peers unreachable (network partition?). Skipping baseline — entering ScheduleVerifying for natural rebuild. Fork-safe: no proposals until schedule is verified.[0m
[32m[INFO][Oct  8 07:02:30]  [RUST] 2026-10-08T07:02:30.601150Z  INFO consensus_core::commit_syncer: 🛡️ [UNIFIED STATE] Phase: Healthy | Local DAG Commit: 63875 | Synced: 63849 | Network Quorum: 63875 | Lag(dag): 0 | Lag(synced,gates-on-this): 26 | Block Source: CONSENSUS (Healthy)[0m
[32m[INFO][Oct  8 07:02:30]  [RUST] 2026-10-08T07:02:30.601180Z  INFO consensus_core::coordination_hub: 🔄 [HUB] Phase transition: Healthy -> CatchingUp[0m
[32m[INFO][Oct  8 07:02:30]  [RUST] 2026-10-08T07:02:30.601204Z  INFO consensus_core::coordination_hub: 🔄 [HUB] Phase transition: CatchingUp -> Healthy[0m
[32m[INFO][Oct  8 07:02:30]  [RUST] 2026-10-08T07:02:30.601212Z  INFO consensus_core::commit_syncer: 🛡️ [DAG-GC-GUARD] Transitioning to Healthy. Local committer will automatically remain blocked if it falls behind gc_round.[0m
[32m[INFO][Oct  8 07:02:30]  [RUST] 2026-10-08T07:02:30.601231Z  INFO consensus_core::commit_syncer: 🔗 [BASELINE] Fetching network schedule/digest data for boundary commit #63600 (current cycle: 212)[0m
[33m[WARN][Oct  8 07:02:30]  [RUST] 2026-10-08T07:02:30.601249Z  WARN consensus_core::commit_syncer: ⚠️ [BASELINE] Attempt 1/5: Failed to fetch baseline commit #63875 from network. Retrying in 1s...[0m
[32m[INFO][Oct  8 07:02:30]  [RUST] 2026-10-08T07:02:30.601273Z  INFO consensus_core::commit_syncer: 🏃 [LIVENESS] Kicking Core to resume proposals after transitioning to Healthy...[0m
[DIAG digest-gate] direct_ok=29 buffered=0 poll_recovered=0 dropped=0
[DIAG dispatch_commit] dispatched_txs=10 gei_guard_skips=0 gei_guard_skipped_txs=0 fast_skip_empty=171
[33m[WARN][Oct  8 07:02:31]  [RUST] 2026-10-08T07:02:31.601469Z  WARN consensus_core::commit_syncer: ⚠️ [BASELINE] Attempt 2/5: Failed to fetch baseline commit #63875 from network. Retrying in 1s...[0m
[33m[WARN][Oct  8 07:02:32]  [RUST] 2026-10-08T07:02:32.603169Z  WARN consensus_core::commit_syncer: ⚠️ [BASELINE] Attempt 3/5: Failed to fetch baseline commit #63875 from network. Retrying in 1s...[0m
[DIAG digest-gate] direct_ok=39 buffered=0 poll_recovered=0 dropped=0
[DIAG dispatch_commit] dispatched_txs=10 gei_guard_skips=0 gei_guard_skipped_txs=0 fast_skip_empty=181
[33m[WARN][Oct  8 07:02:33]  [RUST] 2026-10-08T07:02:33.604560Z  WARN consensus_core::commit_syncer: ⚠️ [BASELINE] Attempt 4/5: Failed to fetch baseline commit #63875 from network. Retrying in 1s...[0m
[33m[WARN][Oct  8 07:02:34]  [RUST] 2026-10-08T07:02:34.605632Z  WARN consensus_core::commit_syncer: ⚠️ [BASELINE] Attempt 5/5: Failed to fetch baseline commit #63875 from network. Retrying in 1s...[0m
[DIAG digest-gate] direct_ok=49 buffered=0 poll_recovered=0 dropped=0
[32m[INFO][Oct  8 07:02:35]  [RUST] 2026-10-08T07:02:35.046594Z  INFO metanode::consensus::commit_processor::processor: [DIAG leader-addr] preembedded=193 resolved_ok=0 waiting_iters=0 out_of_bounds=0 invalid_len=0[0m
[DIAG dispatch_commit] dispatched_txs=10 gei_guard_skips=0 gei_guard_skipped_txs=0 fast_skip_empty=191
[DIAG tx_recycler] pending=2 submitted=4 confirmed=4 recycled=0 expired=0 capacity_evicted=0
[33m[WARN][Oct  8 07:02:35]  [RUST] 2026-10-08T07:02:35.446593Z  WARN consensus_core::core::commit_manager: 🚫 [SCHEDULE-RECOVERY] DAG lacks 300 commits at schedule update boundary (commit_index=63900). Skipping LeaderSchedule update to prevent reputation score divergence. Local committer will remain permanently blocked for this epoch.[0m
[33m[WARN][Oct  8 07:02:35]  [RUST] 2026-10-08T07:02:35.607322Z  WARN consensus_core::commit_syncer: 🚨 [BASELINE] Failed to fetch baseline commit #63875 after 5 attempts. ALL peers unreachable (network partition?). Skipping baseline — entering ScheduleVerifying for natural rebuild. Fork-safe: no proposals until schedule is verified.[0m
[32m[INFO][Oct  8 07:02:35]  [RUST] 2026-10-08T07:02:35.607479Z  INFO consensus_core::commit_syncer: 🛡️ [UNIFIED STATE] Phase: Healthy | Local DAG Commit: 63900 | Synced: 63875 | Network Quorum: 63900 | Lag(dag): 0 | Lag(synced,gates-on-this): 25 | Block Source: CONSENSUS (Healthy)[0m
[32m[INFO][Oct  8 07:02:35]  [RUST] 2026-10-08T07:02:35.607505Z  INFO consensus_core::coordination_hub: 🔄 [HUB] Phase transition: Healthy -> CatchingUp[0m
[32m[INFO][Oct  8 07:02:35]  [RUST] 2026-10-08T07:02:35.607531Z  INFO consensus_core::coordination_hub: 🔄 [HUB] Phase transition: CatchingUp -> Healthy[0m
[32m[INFO][Oct  8 07:02:35]  [RUST] 2026-10-08T07:02:35.607538Z  INFO consensus_core::commit_syncer: 🛡️ [DAG-GC-GUARD] Transitioning to Healthy. Local committer will automatically remain blocked if it falls behind gc_round.[0m
[32m[INFO][Oct  8 07:02:35]  [RUST] 2026-10-08T07:02:35.607571Z  INFO consensus_core::commit_syncer: 🔗 [BASELINE] Fetching network schedule/digest data for boundary commit #63900 (current cycle: 213)[0m
[33m[WARN][Oct  8 07:02:35]  [RUST] 2026-10-08T07:02:35.607582Z  WARN consensus_core::commit_syncer: ⚠️ [BASELINE] Attempt 1/5: Failed to fetch baseline commit #63900 from network. Retrying in 1s...[0m
[32m[INFO][Oct  8 07:02:35]  [RUST] 2026-10-08T07:02:35.607595Z  INFO consensus_core::commit_syncer: 🏃 [LIVENESS] Kicking Core to resume proposals after transitioning to Healthy...[0m
[33m[WARN][Oct  8 07:02:36]  [RUST] 2026-10-08T07:02:36.609256Z  WARN consensus_core::commit_syncer: ⚠️ [BASELINE] Attempt 2/5: Failed to fetch baseline commit #63900 from network. Retrying in 1s...[0m
[DIAG digest-gate] direct_ok=59 buffered=0 poll_recovered=0 dropped=0
[DIAG dispatch_commit] dispatched_txs=10 gei_guard_skips=0 gei_guard_skipped_txs=0 fast_skip_empty=201
[33m[WARN][Oct  8 07:02:37]  [RUST] 2026-10-08T07:02:37.610385Z  WARN consensus_core::commit_syncer: ⚠️ [BASELINE] Attempt 3/5: Failed to fetch baseline commit #63900 from network. Retrying in 1s...[0m
[33m[WARN][Oct  8 07:02:38]  [RUST] 2026-10-08T07:02:38.611664Z  WARN consensus_core::commit_syncer: ⚠️ [BASELINE] Attempt 4/5: Failed to fetch baseline commit #63900 from network. Retrying in 1s...[0m
[DIAG digest-gate] direct_ok=69 buffered=0 poll_recovered=0 dropped=0
[DIAG dispatch_commit] dispatched_txs=10 gei_guard_skips=0 gei_guard_skipped_txs=0 fast_skip_empty=211
[33m[WARN][Oct  8 07:02:39]  [RUST] 2026-10-08T07:02:39.612859Z  WARN consensus_core::commit_syncer: ⚠️ [BASELINE] Attempt 5/5: Failed to fetch baseline commit #63900 from network. Retrying in 1s...[0m
[32m[INFO][Oct  8 07:02:40]  [RUST] 2026-10-08T07:02:40.045448Z  INFO metanode::consensus::commit_processor::processor: [DIAG leader-addr] preembedded=218 resolved_ok=0 waiting_iters=0 out_of_bounds=0 invalid_len=0[0m
[DIAG tx_recycler] pending=2 submitted=4 confirmed=4 recycled=0 expired=0 capacity_evicted=0
[33m[WARN][Oct  8 07:02:40]  [RUST] 2026-10-08T07:02:40.613906Z  WARN consensus_core::commit_syncer: 🚨 [BASELINE] Failed to fetch baseline commit #63900 after 5 attempts. ALL peers unreachable (network partition?). Skipping baseline — entering ScheduleVerifying for natural rebuild. Fork-safe: no proposals until schedule is verified.[0m
[32m[INFO][Oct  8 07:02:40]  [RUST] 2026-10-08T07:02:40.614079Z  INFO consensus_core::commit_syncer: 🛡️ [UNIFIED STATE] Phase: Healthy | Local DAG Commit: 63925 | Synced: 63900 | Network Quorum: 63925 | Lag(dag): 0 | Lag(synced,gates-on-this): 25 | Block Source: CONSENSUS (Healthy)[0m
[32m[INFO][Oct  8 07:02:40]  [RUST] 2026-10-08T07:02:40.614134Z  INFO consensus_core::coordination_hub: 🔄 [HUB] Phase transition: Healthy -> CatchingUp[0m
[32m[INFO][Oct  8 07:02:40]  [RUST] 2026-10-08T07:02:40.614176Z  INFO consensus_core::coordination_hub: 🔄 [HUB] Phase transition: CatchingUp -> Healthy[0m
[32m[INFO][Oct  8 07:02:40]  [RUST] 2026-10-08T07:02:40.614190Z  INFO consensus_core::commit_syncer: 🛡️ [DAG-GC-GUARD] Transitioning to Healthy. Local committer will automatically remain blocked if it falls behind gc_round.[0m
[32m[INFO][Oct  8 07:02:40]  [RUST] 2026-10-08T07:02:40.614220Z  INFO consensus_core::commit_syncer: 🔗 [BASELINE] Fetching network schedule/digest data for boundary commit #63900 (current cycle: 213)[0m
[33m[WARN][Oct  8 07:02:40]  [RUST] 2026-10-08T07:02:40.614239Z  WARN consensus_core::commit_syncer: ⚠️ [BASELINE] Attempt 1/5: Failed to fetch baseline commit #63925 from network. Retrying in 1s...[0m
[32m[INFO][Oct  8 07:02:40]  [RUST] 2026-10-08T07:02:40.614263Z  INFO consensus_core::commit_syncer: 🏃 [LIVENESS] Kicking Core to resume proposals after transitioning to Healthy...[0m
[DIAG digest-gate] direct_ok=79 buffered=0 poll_recovered=0 dropped=0
[DIAG dispatch_commit] dispatched_txs=10 gei_guard_skips=0 gei_guard_skipped_txs=0 fast_skip_empty=221
[33m[WARN][Oct  8 07:02:41]  [RUST] 2026-10-08T07:02:41.615101Z  WARN consensus_core::commit_syncer: ⚠️ [BASELINE] Attempt 2/5: Failed to fetch baseline commit #63925 from network. Retrying in 1s...[0m
[33m[WARN][Oct  8 07:02:42]  [RUST] 2026-10-08T07:02:42.615576Z  WARN consensus_core::commit_syncer: ⚠️ [BASELINE] Attempt 3/5: Failed to fetch baseline commit #63925 from network. Retrying in 1s...[0m
[DIAG digest-gate] direct_ok=89 buffered=0 poll_recovered=0 dropped=0
[DIAG dispatch_commit] dispatched_txs=10 gei_guard_skips=0 gei_guard_skipped_txs=0 fast_skip_empty=231
[33m[WARN][Oct  8 07:02:43]  [RUST] 2026-10-08T07:02:43.617230Z  WARN consensus_core::commit_syncer: ⚠️ [BASELINE] Attempt 4/5: Failed to fetch baseline commit #63925 from network. Retrying in 1s...[0m
[33m[WARN][Oct  8 07:02:44]  [RUST] 2026-10-08T07:02:44.618646Z  WARN consensus_core::commit_syncer: ⚠️ [BASELINE] Attempt 5/5: Failed to fetch baseline commit #63925 from network. Retrying in 1s...[0m
[DIAG digest-gate] direct_ok=99 buffered=0 poll_recovered=0 dropped=0
[DIAG dispatch_commit] dispatched_txs=10 gei_guard_skips=0 gei_guard_skipped_txs=0 fast_skip_empty=241
[32m[INFO][Oct  8 07:02:45]  [RUST] 2026-10-08T07:02:45.051592Z  INFO metanode::consensus::commit_processor::processor: [DIAG leader-addr] preembedded=243 resolved_ok=0 waiting_iters=0 out_of_bounds=0 invalid_len=0[0m
[DIAG tx_recycler] pending=2 submitted=4 confirmed=4 recycled=0 expired=0 capacity_evicted=0
[33m[WARN][Oct  8 07:02:45]  [RUST] 2026-10-08T07:02:45.619541Z  WARN consensus_core::commit_syncer: 🚨 [BASELINE] Failed to fetch baseline commit #63925 after 5 attempts. ALL peers unreachable (network partition?). Skipping baseline — entering ScheduleVerifying for natural rebuild. Fork-safe: no proposals until schedule is verified.[0m
[32m[INFO][Oct  8 07:02:45]  [RUST] 2026-10-08T07:02:45.619612Z  INFO consensus_core::commit_syncer: 🛡️ [UNIFIED STATE] Phase: Healthy | Local DAG Commit: 63950 | Synced: 63925 | Network Quorum: 63950 | Lag(dag): 0 | Lag(synced,gates-on-this): 25 | Block Source: CONSENSUS (Healthy)[0m
[32m[INFO][Oct  8 07:02:45]  [RUST] 2026-10-08T07:02:45.619643Z  INFO consensus_core::coordination_hub: 🔄 [HUB] Phase transition: Healthy -> CatchingUp[0m
[32m[INFO][Oct  8 07:02:45]  [RUST] 2026-10-08T07:02:45.619660Z  INFO consensus_core::coordination_hub: 🔄 [HUB] Phase transition: CatchingUp -> Healthy[0m
[32m[INFO][Oct  8 07:02:45]  [RUST] 2026-10-08T07:02:45.619666Z  INFO consensus_core::commit_syncer: 🛡️ [DAG-GC-GUARD] Transitioning to Healthy. Local committer will automatically remain blocked if it falls behind gc_round.[0m
[32m[INFO][Oct  8 07:02:45]  [RUST] 2026-10-08T07:02:45.619686Z  INFO consensus_core::commit_syncer: 🔗 [BASELINE] Fetching network schedule/digest data for boundary commit #63900 (current cycle: 213)[0m
[33m[WARN][Oct  8 07:02:45]  [RUST] 2026-10-08T07:02:45.619697Z  WARN consensus_core::commit_syncer: ⚠️ [BASELINE] Attempt 1/5: Failed to fetch baseline commit #63950 from network. Retrying in 1s...[0m
[32m[INFO][Oct  8 07:02:45]  [RUST] 2026-10-08T07:02:45.619713Z  INFO consensus_core::commit_syncer: 🏃 [LIVENESS] Kicking Core to resume proposals after transitioning to Healthy...[0m
[33m[WARN][Oct  8 07:02:46]  [RUST] 2026-10-08T07:02:46.620946Z  WARN consensus_core::commit_syncer: ⚠️ [BASELINE] Attempt 2/5: Failed to fetch baseline commit #63950 from network. Retrying in 1s...[0m
[DIAG digest-gate] direct_ok=109 buffered=0 poll_recovered=0 dropped=0
[DIAG dispatch_commit] dispatched_txs=10 gei_guard_skips=0 gei_guard_skipped_txs=0 fast_skip_empty=251
[33m[WARN][Oct  8 07:02:47]  [RUST] 2026-10-08T07:02:47.622227Z  WARN consensus_core::commit_syncer: ⚠️ [BASELINE] Attempt 3/5: Failed to fetch baseline commit #63950 from network. Retrying in 1s...[0m
[33m[WARN][Oct  8 07:02:48]  [RUST] 2026-10-08T07:02:48.624022Z  WARN consensus_core::commit_syncer: ⚠️ [BASELINE] Attempt 4/5: Failed to fetch baseline commit #63950 from network. Retrying in 1s...[0m
[DIAG digest-gate] direct_ok=119 buffered=0 poll_recovered=0 dropped=0
[DIAG dispatch_commit] dispatched_txs=10 gei_guard_skips=0 gei_guard_skipped_txs=0 fast_skip_empty=261
[33m[WARN][Oct  8 07:02:49]  [RUST] 2026-10-08T07:02:49.625148Z  WARN consensus_core::commit_syncer: ⚠️ [BASELINE] Attempt 5/5: Failed to fetch baseline commit #63950 from network. Retrying in 1s...[0m
[32m[INFO][Oct  8 07:02:50]  [RUST] 2026-10-08T07:02:50.067712Z  INFO metanode::consensus::commit_processor::processor: [DIAG leader-addr] preembedded=268 resolved_ok=0 waiting_iters=0 out_of_bounds=0 invalid_len=0[0m
[DIAG tx_recycler] pending=2 submitted=4 confirmed=4 recycled=0 expired=0 capacity_evicted=0
[33m[WARN][Oct  8 07:02:50]  [RUST] 2026-10-08T07:02:50.193896Z  WARN metanode::node::health_check: ⚠️ [HEALTH] No peers configured. Skipping health check.[0m
[32m[INFO][Oct  8 07:02:50]  [RUST] 2026-10-08T07:02:50.194016Z  INFO metanode::node::setup_consensus: ✅ [HEALTH] Post-recovery health check PASSED (attempt 1/3): HealthCheckResult { block_parity: true, gei_parity: true, state_root_match: true, committee_match: true }[0m
[33m[WARN][Oct  8 07:02:50]  [RUST] 2026-10-08T07:02:50.625425Z  WARN consensus_core::commit_syncer: 🚨 [BASELINE] Failed to fetch baseline commit #63950 after 5 attempts. ALL peers unreachable (network partition?). Skipping baseline — entering ScheduleVerifying for natural rebuild. Fork-safe: no proposals until schedule is verified.[0m
[32m[INFO][Oct  8 07:02:50]  [RUST] 2026-10-08T07:02:50.625619Z  INFO consensus_core::commit_syncer: 🛡️ [UNIFIED STATE] Phase: Healthy | Local DAG Commit: 63975 | Synced: 63950 | Network Quorum: 63975 | Lag(dag): 0 | Lag(synced,gates-on-this): 25 | Block Source: CONSENSUS (Healthy)[0m
[32m[INFO][Oct  8 07:02:50]  [RUST] 2026-10-08T07:02:50.625643Z  INFO consensus_core::coordination_hub: 🔄 [HUB] Phase transition: Healthy -> CatchingUp[0m
[32m[INFO][Oct  8 07:02:50]  [RUST] 2026-10-08T07:02:50.625670Z  INFO consensus_core::coordination_hub: 🔄 [HUB] Phase transition: CatchingUp -> Healthy[0m
[32m[INFO][Oct  8 07:02:50]  [RUST] 2026-10-08T07:02:50.625676Z  INFO consensus_core::commit_syncer: 🛡️ [DAG-GC-GUARD] Transitioning to Healthy. Local committer will automatically remain blocked if it falls behind gc_round.[0m
[32m[INFO][Oct  8 07:02:50]  [RUST] 2026-10-08T07:02:50.625693Z  INFO consensus_core::commit_syncer: 🔗 [BASELINE] Fetching network schedule/digest data for boundary commit #63900 (current cycle: 213)[0m
[33m[WARN][Oct  8 07:02:50]  [RUST] 2026-10-08T07:02:50.625708Z  WARN consensus_core::commit_syncer: ⚠️ [BASELINE] Attempt 1/5: Failed to fetch baseline commit #63975 from network. Retrying in 1s...[0m
[32m[INFO][Oct  8 07:02:50]  [RUST] 2026-10-08T07:02:50.625726Z  INFO consensus_core::commit_syncer: 🏃 [LIVENESS] Kicking Core to resume proposals after transitioning to Healthy...[0m
[DIAG digest-gate] direct_ok=129 buffered=0 poll_recovered=0 dropped=0
[DIAG dispatch_commit] dispatched_txs=10 gei_guard_skips=0 gei_guard_skipped_txs=0 fast_skip_empty=271
[33m[WARN][Oct  8 07:02:51]  [RUST] 2026-10-08T07:02:51.627182Z  WARN consensus_core::commit_syncer: ⚠️ [BASELINE] Attempt 2/5: Failed to fetch baseline commit #63975 from network. Retrying in 1s...[0m
[33m[WARN][Oct  8 07:02:52]  [RUST] 2026-10-08T07:02:52.627598Z  WARN consensus_core::commit_syncer: ⚠️ [BASELINE] Attempt 3/5: Failed to fetch baseline commit #63975 from network. Retrying in 1s...[0m
[DIAG digest-gate] direct_ok=139 buffered=0 poll_recovered=0 dropped=0
[DIAG dispatch_commit] dispatched_txs=10 gei_guard_skips=0 gei_guard_skipped_txs=0 fast_skip_empty=281
[33m[WARN][Oct  8 07:02:53]  [RUST] 2026-10-08T07:02:53.629359Z  WARN consensus_core::commit_syncer: ⚠️ [BASELINE] Attempt 4/5: Failed to fetch baseline commit #63975 from network. Retrying in 1s...[0m
[33m[WARN][Oct  8 07:02:54]  [RUST] 2026-10-08T07:02:54.630789Z  WARN consensus_core::commit_syncer: ⚠️ [BASELINE] Attempt 5/5: Failed to fetch baseline commit #63975 from network. Retrying in 1s...[0m
[DIAG digest-gate] direct_ok=149 buffered=0 poll_recovered=0 dropped=0
[32m[INFO][Oct  8 07:02:55]  [RUST] 2026-10-08T07:02:55.081964Z  INFO metanode::consensus::commit_processor::processor: [DIAG leader-addr] preembedded=293 resolved_ok=0 waiting_iters=0 out_of_bounds=0 invalid_len=0[0m
[DIAG dispatch_commit] dispatched_txs=10 gei_guard_skips=0 gei_guard_skipped_txs=0 fast_skip_empty=291
[DIAG tx_recycler] pending=2 submitted=4 confirmed=4 recycled=0 expired=0 capacity_evicted=0
[33m[WARN][Oct  8 07:02:55]  [RUST] 2026-10-08T07:02:55.632217Z  WARN consensus_core::commit_syncer: 🚨 [BASELINE] Failed to fetch baseline commit #63975 after 5 attempts. ALL peers unreachable (network partition?). Skipping baseline — entering ScheduleVerifying for natural rebuild. Fork-safe: no proposals until schedule is verified.[0m
[32m[INFO][Oct  8 07:02:55]  [RUST] 2026-10-08T07:02:55.632368Z  INFO consensus_core::commit_syncer: 🛡️ [UNIFIED STATE] Phase: Healthy | Local DAG Commit: 64000 | Synced: 63975 | Network Quorum: 64000 | Lag(dag): 0 | Lag(synced,gates-on-this): 25 | Block Source: CONSENSUS (Healthy)[0m
[32m[INFO][Oct  8 07:02:55]  [RUST] 2026-10-08T07:02:55.632424Z  INFO consensus_core::coordination_hub: 🔄 [HUB] Phase transition: Healthy -> CatchingUp[0m
[32m[INFO][Oct  8 07:02:55]  [RUST] 2026-10-08T07:02:55.632461Z  INFO consensus_core::coordination_hub: 🔄 [HUB] Phase transition: CatchingUp -> Healthy[0m
[32m[INFO][Oct  8 07:02:55]  [RUST] 2026-10-08T07:02:55.632476Z  INFO consensus_core::commit_syncer: 🛡️ [DAG-GC-GUARD] Transitioning to Healthy. Local committer will automatically remain blocked if it falls behind gc_round.[0m
[32m[INFO][Oct  8 07:02:55]  [RUST] 2026-10-08T07:02:55.632512Z  INFO consensus_core::commit_syncer: 🔗 [BASELINE] Fetching network schedule/digest data for boundary commit #63900 (current cycle: 213)[0m
[33m[WARN][Oct  8 07:02:55]  [RUST] 2026-10-08T07:02:55.632537Z  WARN consensus_core::commit_syncer: ⚠️ [BASELINE] Attempt 1/5: Failed to fetch baseline commit #64000 from network. Retrying in 1s...[0m
[32m[INFO][Oct  8 07:02:55]  [RUST] 2026-10-08T07:02:55.632562Z  INFO consensus_core::commit_syncer: 🏃 [LIVENESS] Kicking Core to resume proposals after transitioning to Healthy...[0m
[33m[WARN][Oct  8 07:02:56]  [RUST] 2026-10-08T07:02:56.633911Z  WARN consensus_core::commit_syncer: ⚠️ [BASELINE] Attempt 2/5: Failed to fetch baseline commit #64000 from network. Retrying in 1s...[0m
[DIAG digest-gate] direct_ok=159 buffered=0 poll_recovered=0 dropped=0
[DIAG dispatch_commit] dispatched_txs=10 gei_guard_skips=0 gei_guard_skipped_txs=0 fast_skip_empty=301
[33m[WARN][Oct  8 07:02:57]  [RUST] 2026-10-08T07:02:57.635010Z  WARN consensus_core::commit_syncer: ⚠️ [BASELINE] Attempt 3/5: Failed to fetch baseline commit #64000 from network. Retrying in 1s...[0m
[33m[WARN][Oct  8 07:02:58]  [RUST] 2026-10-08T07:02:58.635662Z  WARN consensus_core::commit_syncer: ⚠️ [BASELINE] Attempt 4/5: Failed to fetch baseline commit #64000 from network. Retrying in 1s...[0m
[DIAG digest-gate] direct_ok=169 buffered=0 poll_recovered=0 dropped=0
[DIAG dispatch_commit] dispatched_txs=10 gei_guard_skips=0 gei_guard_skipped_txs=0 fast_skip_empty=311
[33m[WARN][Oct  8 07:02:59]  [RUST] 2026-10-08T07:02:59.637229Z  WARN consensus_core::commit_syncer: ⚠️ [BASELINE] Attempt 5/5: Failed to fetch baseline commit #64000 from network. Retrying in 1s...[0m
[32m[INFO][Oct  8 07:03:00]  [RUST] 2026-10-08T07:03:00.070998Z  INFO metanode::consensus::commit_processor::processor: [DIAG leader-addr] preembedded=318 resolved_ok=0 waiting_iters=0 out_of_bounds=0 invalid_len=0[0m
[DIAG tx_recycler] pending=2 submitted=4 confirmed=4 recycled=0 expired=0 capacity_evicted=0
[33m[WARN][Oct  8 07:03:00]  [RUST] 2026-10-08T07:03:00.638766Z  WARN consensus_core::commit_syncer: 🚨 [BASELINE] Failed to fetch baseline commit #64000 after 5 attempts. ALL peers unreachable (network partition?). Skipping baseline — entering ScheduleVerifying for natural rebuild. Fork-safe: no proposals until schedule is verified.[0m
[32m[INFO][Oct  8 07:03:00]  [RUST] 2026-10-08T07:03:00.638923Z  INFO consensus_core::commit_syncer: 🛡️ [UNIFIED STATE] Phase: Healthy | Local DAG Commit: 64025 | Synced: 64000 | Network Quorum: 64025 | Lag(dag): 0 | Lag(synced,gates-on-this): 25 | Block Source: CONSENSUS (Healthy)[0m
[32m[INFO][Oct  8 07:03:00]  [RUST] 2026-10-08T07:03:00.639033Z  INFO consensus_core::coordination_hub: 🔄 [HUB] Phase transition: Healthy -> CatchingUp[0m
[32m[INFO][Oct  8 07:03:00]  [RUST] 2026-10-08T07:03:00.639064Z  INFO consensus_core::coordination_hub: 🔄 [HUB] Phase transition: CatchingUp -> Healthy[0m
[32m[INFO][Oct  8 07:03:00]  [RUST] 2026-10-08T07:03:00.639082Z  INFO consensus_core::commit_syncer: 🛡️ [DAG-GC-GUARD] Transitioning to Healthy. Local committer will automatically remain blocked if it falls behind gc_round.[0m
[32m[INFO][Oct  8 07:03:00]  [RUST] 2026-10-08T07:03:00.639109Z  INFO consensus_core::commit_syncer: 🔗 [BASELINE] Fetching network schedule/digest data for boundary commit #63900 (current cycle: 213)[0m
[33m[WARN][Oct  8 07:03:00]  [RUST] 2026-10-08T07:03:00.639129Z  WARN consensus_core::commit_syncer: ⚠️ [BASELINE] Attempt 1/5: Failed to fetch baseline commit #64025 from network. Retrying in 1s...[0m
[32m[INFO][Oct  8 07:03:00]  [RUST] 2026-10-08T07:03:00.639161Z  INFO consensus_core::commit_syncer: 🏃 [LIVENESS] Kicking Core to resume proposals after transitioning to Healthy...[0m
[DIAG digest-gate] direct_ok=179 buffered=0 poll_recovered=0 dropped=0
[DIAG dispatch_commit] dispatched_txs=10 gei_guard_skips=0 gei_guard_skipped_txs=0 fast_skip_empty=321
[33m[WARN][Oct  8 07:03:01]  [RUST] 2026-10-08T07:03:01.639591Z  WARN consensus_core::commit_syncer: ⚠️ [BASELINE] Attempt 2/5: Failed to fetch baseline commit #64025 from network. Retrying in 1s...[0m
[33m[WARN][Oct  8 07:03:02]  [RUST] 2026-10-08T07:03:02.640548Z  WARN consensus_core::commit_syncer: ⚠️ [BASELINE] Attempt 3/5: Failed to fetch baseline commit #64025 from network. Retrying in 1s...[0m
[DIAG digest-gate] direct_ok=189 buffered=0 poll_recovered=0 dropped=0
[DIAG dispatch_commit] dispatched_txs=10 gei_guard_skips=0 gei_guard_skipped_txs=0 fast_skip_empty=331
[33m[WARN][Oct  8 07:03:03]  [RUST] 2026-10-08T07:03:03.642279Z  WARN consensus_core::commit_syncer: ⚠️ [BASELINE] Attempt 4/5: Failed to fetch baseline commit #64025 from network. Retrying in 1s...[0m
[33m[WARN][Oct  8 07:03:04]  [RUST] 2026-10-08T07:03:04.643931Z  WARN consensus_core::commit_syncer: ⚠️ [BASELINE] Attempt 5/5: Failed to fetch baseline commit #64025 from network. Retrying in 1s...[0m
[DIAG digest-gate] direct_ok=199 buffered=0 poll_recovered=0 dropped=0
[32m[INFO][Oct  8 07:03:05]  [RUST] 2026-10-08T07:03:05.075841Z  INFO metanode::consensus::commit_processor::processor: [DIAG leader-addr] preembedded=343 resolved_ok=0 waiting_iters=0 out_of_bounds=0 invalid_len=0[0m
[DIAG dispatch_commit] dispatched_txs=10 gei_guard_skips=0 gei_guard_skipped_txs=0 fast_skip_empty=341
[DIAG tx_recycler] pending=2 submitted=4 confirmed=4 recycled=0 expired=0 capacity_evicted=0
[33m[WARN][Oct  8 07:03:05]  [RUST] 2026-10-08T07:03:05.645004Z  WARN consensus_core::commit_syncer: 🚨 [BASELINE] Failed to fetch baseline commit #64025 after 5 attempts. ALL peers unreachable (network partition?). Skipping baseline — entering ScheduleVerifying for natural rebuild. Fork-safe: no proposals until schedule is verified.[0m
[32m[INFO][Oct  8 07:03:05]  [RUST] 2026-10-08T07:03:05.645169Z  INFO consensus_core::commit_syncer: 🛡️ [UNIFIED STATE] Phase: Healthy | Local DAG Commit: 64050 | Synced: 64025 | Network Quorum: 64050 | Lag(dag): 0 | Lag(synced,gates-on-this): 25 | Block Source: CONSENSUS (Healthy)[0m
[32m[INFO][Oct  8 07:03:05]  [RUST] 2026-10-08T07:03:05.645187Z  INFO consensus_core::coordination_hub: 🔄 [HUB] Phase transition: Healthy -> CatchingUp[0m
[32m[INFO][Oct  8 07:03:05]  [RUST] 2026-10-08T07:03:05.645203Z  INFO consensus_core::coordination_hub: 🔄 [HUB] Phase transition: CatchingUp -> Healthy[0m
[32m[INFO][Oct  8 07:03:05]  [RUST] 2026-10-08T07:03:05.645207Z  INFO consensus_core::commit_syncer: 🛡️ [DAG-GC-GUARD] Transitioning to Healthy. Local committer will automatically remain blocked if it falls behind gc_round.[0m
[32m[INFO][Oct  8 07:03:05]  [RUST] 2026-10-08T07:03:05.645225Z  INFO consensus_core::commit_syncer: 🔗 [BASELINE] Fetching network schedule/digest data for boundary commit #63900 (current cycle: 213)[0m
[33m[WARN][Oct  8 07:03:05]  [RUST] 2026-10-08T07:03:05.645254Z  WARN consensus_core::commit_syncer: ⚠️ [BASELINE] Attempt 1/5: Failed to fetch baseline commit #64050 from network. Retrying in 1s...[0m
[32m[INFO][Oct  8 07:03:05]  [RUST] 2026-10-08T07:03:05.645267Z  INFO consensus_core::commit_syncer: 🏃 [LIVENESS] Kicking Core to resume proposals after transitioning to Healthy...[0m
[33m[WARN][Oct  8 07:03:06]  [RUST] 2026-10-08T07:03:06.646144Z  WARN consensus_core::commit_syncer: ⚠️ [BASELINE] Attempt 2/5: Failed to fetch baseline commit #64050 from network. Retrying in 1s...[0m
[DIAG digest-gate] direct_ok=209 buffered=0 poll_recovered=0 dropped=0
[DIAG dispatch_commit] dispatched_txs=10 gei_guard_skips=0 gei_guard_skipped_txs=0 fast_skip_empty=351
[33m[WARN][Oct  8 07:03:07]  [RUST] 2026-10-08T07:03:07.647351Z  WARN consensus_core::commit_syncer: ⚠️ [BASELINE] Attempt 3/5: Failed to fetch baseline commit #64050 from network. Retrying in 1s...[0m
[33m[WARN][Oct  8 07:03:08]  [RUST] 2026-10-08T07:03:08.649018Z  WARN consensus_core::commit_syncer: ⚠️ [BASELINE] Attempt 4/5: Failed to fetch baseline commit #64050 from network. Retrying in 1s...[0m
[DIAG digest-gate] direct_ok=219 buffered=0 poll_recovered=0 dropped=0
[DIAG dispatch_commit] dispatched_txs=10 gei_guard_skips=0 gei_guard_skipped_txs=0 fast_skip_empty=361
[33m[WARN][Oct  8 07:03:09]  [RUST] 2026-10-08T07:03:09.649967Z  WARN consensus_core::commit_syncer: ⚠️ [BASELINE] Attempt 5/5: Failed to fetch baseline commit #64050 from network. Retrying in 1s...[0m
[32m[INFO][Oct  8 07:03:10]  [RUST] 2026-10-08T07:03:10.081476Z  INFO metanode::consensus::commit_processor::processor: [DIAG leader-addr] preembedded=368 resolved_ok=0 waiting_iters=0 out_of_bounds=0 invalid_len=0[0m
[DIAG tx_recycler] pending=2 submitted=4 confirmed=4 recycled=0 expired=0 capacity_evicted=0
[33m[WARN][Oct  8 07:03:10]  [RUST] 2026-10-08T07:03:10.650799Z  WARN consensus_core::commit_syncer: 🚨 [BASELINE] Failed to fetch baseline commit #64050 after 5 attempts. ALL peers unreachable (network partition?). Skipping baseline — entering ScheduleVerifying for natural rebuild. Fork-safe: no proposals until schedule is verified.[0m
[32m[INFO][Oct  8 07:03:10]  [RUST] 2026-10-08T07:03:10.650925Z  INFO consensus_core::commit_syncer: 🛡️ [UNIFIED STATE] Phase: Healthy | Local DAG Commit: 64075 | Synced: 64050 | Network Quorum: 64075 | Lag(dag): 0 | Lag(synced,gates-on-this): 25 | Block Source: CONSENSUS (Healthy)[0m
[32m[INFO][Oct  8 07:03:10]  [RUST] 2026-10-08T07:03:10.650957Z  INFO consensus_core::coordination_hub: 🔄 [HUB] Phase transition: Healthy -> CatchingUp[0m
[32m[INFO][Oct  8 07:03:10]  [RUST] 2026-10-08T07:03:10.651031Z  INFO consensus_core::coordination_hub: 🔄 [HUB] Phase transition: CatchingUp -> Healthy[0m
[32m[INFO][Oct  8 07:03:10]  [RUST] 2026-10-08T07:03:10.651043Z  INFO consensus_core::commit_syncer: 🛡️ [DAG-GC-GUARD] Transitioning to Healthy. Local committer will automatically remain blocked if it falls behind gc_round.[0m
[32m[INFO][Oct  8 07:03:10]  [RUST] 2026-10-08T07:03:10.651071Z  INFO consensus_core::commit_syncer: 🔗 [BASELINE] Fetching network schedule/digest data for boundary commit #63900 (current cycle: 213)[0m
[33m[WARN][Oct  8 07:03:10]  [RUST] 2026-10-08T07:03:10.651117Z  WARN consensus_core::commit_syncer: ⚠️ [BASELINE] Attempt 1/5: Failed to fetch baseline commit #64075 from network. Retrying in 1s...[0m
[32m[INFO][Oct  8 07:03:10]  [RUST] 2026-10-08T07:03:10.651144Z  INFO consensus_core::commit_syncer: 🏃 [LIVENESS] Kicking Core to resume proposals after transitioning to Healthy...[0m
[DIAG digest-gate] direct_ok=229 buffered=0 poll_recovered=0 dropped=0
[DIAG dispatch_commit] dispatched_txs=10 gei_guard_skips=0 gei_guard_skipped_txs=0 fast_skip_empty=371
[33m[WARN][Oct  8 07:03:11]  [RUST] 2026-10-08T07:03:11.651543Z  WARN consensus_core::commit_syncer: ⚠️ [BASELINE] Attempt 2/5: Failed to fetch baseline commit #64075 from network. Retrying in 1s...[0m
[33m[WARN][Oct  8 07:03:12]  [RUST] 2026-10-08T07:03:12.652464Z  WARN consensus_core::commit_syncer: ⚠️ [BASELINE] Attempt 3/5: Failed to fetch baseline commit #64075 from network. Retrying in 1s...[0m
[DIAG digest-gate] direct_ok=239 buffered=0 poll_recovered=0 dropped=0
[DIAG dispatch_commit] dispatched_txs=10 gei_guard_skips=0 gei_guard_skipped_txs=0 fast_skip_empty=381
[33m[WARN][Oct  8 07:03:13]  [RUST] 2026-10-08T07:03:13.654285Z  WARN consensus_core::commit_syncer: ⚠️ [BASELINE] Attempt 4/5: Failed to fetch baseline commit #64075 from network. Retrying in 1s...[0m
[33m[WARN][Oct  8 07:03:14]  [RUST] 2026-10-08T07:03:14.656034Z  WARN consensus_core::commit_syncer: ⚠️ [BASELINE] Attempt 5/5: Failed to fetch baseline commit #64075 from network. Retrying in 1s...[0m
[DIAG digest-gate] direct_ok=249 buffered=0 poll_recovered=0 dropped=0
[DIAG dispatch_commit] dispatched_txs=10 gei_guard_skips=0 gei_guard_skipped_txs=0 fast_skip_empty=391
[32m[INFO][Oct  8 07:03:15]  [RUST] 2026-10-08T07:03:15.088850Z  INFO metanode::consensus::commit_processor::processor: [DIAG leader-addr] preembedded=393 resolved_ok=0 waiting_iters=0 out_of_bounds=0 invalid_len=0[0m
[DIAG tx_recycler] pending=2 submitted=4 confirmed=4 recycled=0 expired=0 capacity_evicted=0
[33m[WARN][Oct  8 07:03:15]  [RUST] 2026-10-08T07:03:15.657141Z  WARN consensus_core::commit_syncer: 🚨 [BASELINE] Failed to fetch baseline commit #64075 after 5 attempts. ALL peers unreachable (network partition?). Skipping baseline — entering ScheduleVerifying for natural rebuild. Fork-safe: no proposals until schedule is verified.[0m
[32m[INFO][Oct  8 07:03:15]  [RUST] 2026-10-08T07:03:15.657236Z  INFO consensus_core::commit_syncer: 🛡️ [UNIFIED STATE] Phase: Healthy | Local DAG Commit: 64100 | Synced: 64075 | Network Quorum: 64100 | Lag(dag): 0 | Lag(synced,gates-on-this): 25 | Block Source: CONSENSUS (Healthy)[0m
[32m[INFO][Oct  8 07:03:15]  [RUST] 2026-10-08T07:03:15.657267Z  INFO consensus_core::coordination_hub: 🔄 [HUB] Phase transition: Healthy -> CatchingUp[0m
[32m[INFO][Oct  8 07:03:15]  [RUST] 2026-10-08T07:03:15.657320Z  INFO consensus_core::coordination_hub: 🔄 [HUB] Phase transition: CatchingUp -> Healthy[0m
[32m[INFO][Oct  8 07:03:15]  [RUST] 2026-10-08T07:03:15.657332Z  INFO consensus_core::commit_syncer: 🛡️ [DAG-GC-GUARD] Transitioning to Healthy. Local committer will automatically remain blocked if it falls behind gc_round.[0m
[32m[INFO][Oct  8 07:03:15]  [RUST] 2026-10-08T07:03:15.657364Z  INFO consensus_core::commit_syncer: 🔗 [BASELINE] Fetching network schedule/digest data for boundary commit #63900 (current cycle: 213)[0m
[33m[WARN][Oct  8 07:03:15]  [RUST] 2026-10-08T07:03:15.657387Z  WARN consensus_core::commit_syncer: ⚠️ [BASELINE] Attempt 1/5: Failed to fetch baseline commit #64100 from network. Retrying in 1s...[0m
[32m[INFO][Oct  8 07:03:15]  [RUST] 2026-10-08T07:03:15.657411Z  INFO consensus_core::commit_syncer: 🏃 [LIVENESS] Kicking Core to resume proposals after transitioning to Healthy...[0m
[33m[WARN][Oct  8 07:03:16]  [RUST] 2026-10-08T07:03:16.658791Z  WARN consensus_core::commit_syncer: ⚠️ [BASELINE] Attempt 2/5: Failed to fetch baseline commit #64100 from network. Retrying in 1s...[0m
[DIAG digest-gate] direct_ok=259 buffered=0 poll_recovered=0 dropped=0
[DIAG dispatch_commit] dispatched_txs=10 gei_guard_skips=0 gei_guard_skipped_txs=0 fast_skip_empty=401
[33m[WARN][Oct  8 07:03:17]  [RUST] 2026-10-08T07:03:17.660343Z  WARN consensus_core::commit_syncer: ⚠️ [BASELINE] Attempt 3/5: Failed to fetch baseline commit #64100 from network. Retrying in 1s...[0m
[33m[WARN][Oct  8 07:03:18]  [RUST] 2026-10-08T07:03:18.662143Z  WARN consensus_core::commit_syncer: ⚠️ [BASELINE] Attempt 4/5: Failed to fetch baseline commit #64100 from network. Retrying in 1s...[0m
[DIAG digest-gate] direct_ok=269 buffered=0 poll_recovered=0 dropped=0
[DIAG dispatch_commit] dispatched_txs=10 gei_guard_skips=0 gei_guard_skipped_txs=0 fast_skip_empty=411
[33m[WARN][Oct  8 07:03:19]  [RUST] 2026-10-08T07:03:19.662710Z  WARN consensus_core::commit_syncer: ⚠️ [BASELINE] Attempt 5/5: Failed to fetch baseline commit #64100 from network. Retrying in 1s...[0m
[32m[INFO][Oct  8 07:03:20]  [RUST] 2026-10-08T07:03:20.095689Z  INFO metanode::consensus::commit_processor::processor: [DIAG leader-addr] preembedded=418 resolved_ok=0 waiting_iters=0 out_of_bounds=0 invalid_len=0[0m
[DIAG tx_recycler] pending=[32m[INFO][Oct  8 07:03:20]  [RUST] 2026-10-08T07:03:20.194167Z  INFO metanode::consensus::tx_recycler: ♻️ [TX RECYCLER STATS] pending=2, submitted=4, confirmed=4, recycled=0, expired=0, capacity_evicted=0[0m
2 submitted=4 confirmed=4 recycled=0 expired=0 capacity_evicted=0
[33m[WARN][Oct  8 07:03:20]  [RUST] 2026-10-08T07:03:20.663693Z  WARN consensus_core::commit_syncer: 🚨 [BASELINE] Failed to fetch baseline commit #64100 after 5 attempts. ALL peers unreachable (network partition?). Skipping baseline — entering ScheduleVerifying for natural rebuild. Fork-safe: no proposals until schedule is verified.[0m
[32m[INFO][Oct  8 07:03:20]  [RUST] 2026-10-08T07:03:20.663850Z  INFO consensus_core::commit_syncer: 🛡️ [UNIFIED STATE] Phase: Healthy | Local DAG Commit: 64125 | Synced: 64100 | Network Quorum: 64125 | Lag(dag): 0 | Lag(synced,gates-on-this): 25 | Block Source: CONSENSUS (Healthy)[0m
[32m[INFO][Oct  8 07:03:20]  [RUST] 2026-10-08T07:03:20.663964Z  INFO consensus_core::coordination_hub: 🔄 [HUB] Phase transition: Healthy -> CatchingUp[0m
[32m[INFO][Oct  8 07:03:20]  [RUST] 2026-10-08T07:03:20.664011Z  INFO consensus_core::coordination_hub: 🔄 [HUB] Phase transition: CatchingUp -> Healthy[0m
[32m[INFO][Oct  8 07:03:20]  [RUST] 2026-10-08T07:03:20.664023Z  INFO consensus_core::commit_syncer: 🛡️ [DAG-GC-GUARD] Transitioning to Healthy. Local committer will automatically remain blocked if it falls behind gc_round.[0m
[32m[INFO][Oct  8 07:03:20]  [RUST] 2026-10-08T07:03:20.664050Z  INFO consensus_core::commit_syncer: 🔗 [BASELINE] Fetching network schedule/digest data for boundary commit #63900 (current cycle: 213)[0m
[33m[WARN][Oct  8 07:03:20]  [RUST] 2026-10-08T07:03:20.664086Z  WARN consensus_core::commit_syncer: ⚠️ [BASELINE] Attempt 1/5: Failed to fetch baseline commit #64125 from network. Retrying in 1s...[0m
[32m[INFO][Oct  8 07:03:20]  [RUST] 2026-10-08T07:03:20.664112Z  INFO consensus_core::commit_syncer: 🏃 [LIVENESS] Kicking Core to resume proposals after transitioning to Healthy...[0m
[DIAG digest-gate] direct_ok=279 buffered=0 poll_recovered=0 dropped=0
[DIAG dispatch_commit] dispatched_txs=10 gei_guard_skips=0 gei_guard_skipped_txs=0 fast_skip_empty=421
[33m[WARN][Oct  8 07:03:21]  [RUST] 2026-10-08T07:03:21.664823Z  WARN consensus_core::commit_syncer: ⚠️ [BASELINE] Attempt 2/5: Failed to fetch baseline commit #64125 from network. Retrying in 1s...[0m
[33m[WARN][Oct  8 07:03:22]  [RUST] 2026-10-08T07:03:22.666012Z  WARN consensus_core::commit_syncer: ⚠️ [BASELINE] Attempt 3/5: Failed to fetch baseline commit #64125 from network. Retrying in 1s...[0m
[DIAG digest-gate] direct_ok=289 buffered=0 poll_recovered=0 dropped=0
[DIAG dispatch_commit] dispatched_txs=10 gei_guard_skips=0 gei_guard_skipped_txs=0 fast_skip_empty=431
[33m[WARN][Oct  8 07:03:23]  [RUST] 2026-10-08T07:03:23.667381Z  WARN consensus_core::commit_syncer: ⚠️ [BASELINE] Attempt 4/5: Failed to fetch baseline commit #64125 from network. Retrying in 1s...[0m
[33m[WARN][Oct  8 07:03:24]  [RUST] 2026-10-08T07:03:24.668774Z  WARN consensus_core::commit_syncer: ⚠️ [BASELINE] Attempt 5/5: Failed to fetch baseline commit #64125 from network. Retrying in 1s...[0m
[DIAG digest-gate] direct_ok=299 buffered=0 poll_recovered=0 dropped=0
[DIAG dispatch_commit] dispatched_txs=10 gei_guard_skips=0 gei_guard_skipped_txs=0 fast_skip_empty=441
[32m[INFO][Oct  8 07:03:25]  [RUST] 2026-10-08T07:03:25.104013Z  INFO metanode::consensus::commit_processor::processor: [DIAG leader-addr] preembedded=443 resolved_ok=0 waiting_iters=0 out_of_bounds=0 invalid_len=0[0m
[DIAG tx_recycler] pending=2 submitted=4 confirmed=4 recycled=0 expired=0 capacity_evicted=0
[33m[WARN][Oct  8 07:03:25]  [RUST] 2026-10-08T07:03:25.670221Z  WARN consensus_core::commit_syncer: 🚨 [BASELINE] Failed to fetch baseline commit #64125 after 5 attempts. ALL peers unreachable (network partition?). Skipping baseline — entering ScheduleVerifying for natural rebuild. Fork-safe: no proposals until schedule is verified.[0m
[32m[INFO][Oct  8 07:03:25]  [RUST] 2026-10-08T07:03:25.670296Z  INFO consensus_core::commit_syncer: 🛡️ [UNIFIED STATE] Phase: Healthy | Local DAG Commit: 64150 | Synced: 64125 | Network Quorum: 64150 | Lag(dag): 0 | Lag(synced,gates-on-this): 25 | Block Source: CONSENSUS (Healthy)[0m
[32m[INFO][Oct  8 07:03:25]  [RUST] 2026-10-08T07:03:25.670315Z  INFO consensus_core::coordination_hub: 🔄 [HUB] Phase transition: Healthy -> CatchingUp[0m
[32m[INFO][Oct  8 07:03:25]  [RUST] 2026-10-08T07:03:25.670332Z  INFO consensus_core::coordination_hub: 🔄 [HUB] Phase transition: CatchingUp -> Healthy[0m
[32m[INFO][Oct  8 07:03:25]  [RUST] 2026-10-08T07:03:25.670336Z  INFO consensus_core::commit_syncer: 🛡️ [DAG-GC-GUARD] Transitioning to Healthy. Local committer will automatically remain blocked if it falls behind gc_round.[0m
[32m[INFO][Oct  8 07:03:25]  [RUST] 2026-10-08T07:03:25.670381Z  INFO consensus_core::commit_syncer: 🔗 [BASELINE] Fetching network schedule/digest data for boundary commit #63900 (current cycle: 213)[0m
[33m[WARN][Oct  8 07:03:25]  [RUST] 2026-10-08T07:03:25.670392Z  WARN consensus_core::commit_syncer: ⚠️ [BASELINE] Attempt 1/5: Failed to fetch baseline commit #64150 from network. Retrying in 1s...[0m
[32m[INFO][Oct  8 07:03:25]  [RUST] 2026-10-08T07:03:25.670404Z  INFO consensus_core::commit_syncer: 🏃 [LIVENESS] Kicking Core to resume proposals after transitioning to Healthy...[0m
[33m[WARN][Oct  8 07:03:26]  [RUST] 2026-10-08T07:03:26.671435Z  WARN consensus_core::commit_syncer: ⚠️ [BASELINE] Attempt 2/5: Failed to fetch baseline commit #64150 from network. Retrying in 1s...[0m
[DIAG digest-gate] direct_ok=309 buffered=0 poll_recovered=0 dropped=0
[DIAG dispatch_commit] dispatched_txs=10 gei_guard_skips=0 gei_guard_skipped_txs=0 fast_skip_empty=451
[33m[WARN][Oct  8 07:03:27]  [RUST] 2026-10-08T07:03:27.673210Z  WARN consensus_core::commit_syncer: ⚠️ [BASELINE] Attempt 3/5: Failed to fetch baseline commit #64150 from network. Retrying in 1s...[0m
[33m[WARN][Oct  8 07:03:28]  [RUST] 2026-10-08T07:03:28.674548Z  WARN consensus_core::commit_syncer: ⚠️ [BASELINE] Attempt 4/5: Failed to fetch baseline commit #64150 from network. Retrying in 1s...[0m
[DIAG digest-gate] direct_ok=319 buffered=0 poll_recovered=0 dropped=0
[DIAG dispatch_commit] dispatched_txs=10 gei_guard_skips=0 gei_guard_skipped_txs=0 fast_skip_empty=461
[33m[WARN][Oct  8 07:03:29]  [RUST] 2026-10-08T07:03:29.675682Z  WARN consensus_core::commit_syncer: ⚠️ [BASELINE] Attempt 5/5: Failed to fetch baseline commit #64150 from network. Retrying in 1s...[0m
[32m[INFO][Oct  8 07:03:30]  [RUST] 2026-10-08T07:03:30.106772Z  INFO metanode::consensus::commit_processor::processor: [DIAG leader-addr] preembedded=468 resolved_ok=0 waiting_iters=0 out_of_bounds=0 invalid_len=0[0m
[DIAG tx_recycler] pending=2 submitted=4 confirmed=4 recycled=0 expired=0 capacity_evicted=0
[33m[WARN][Oct  8 07:03:30]  [RUST] 2026-10-08T07:03:30.677282Z  WARN consensus_core::commit_syncer: 🚨 [BASELINE] Failed to fetch baseline commit #64150 after 5 attempts. ALL peers unreachable (network partition?). Skipping baseline — entering ScheduleVerifying for natural rebuild. Fork-safe: no proposals until schedule is verified.[0m
[32m[INFO][Oct  8 07:03:30]  [RUST] 2026-10-08T07:03:30.677361Z  INFO consensus_core::commit_syncer: 🛡️ [UNIFIED STATE] Phase: Healthy | Local DAG Commit: 64175 | Synced: 64150 | Network Quorum: 64175 | Lag(dag): 0 | Lag(synced,gates-on-this): 25 | Block Source: CONSENSUS (Healthy)[0m
[32m[INFO][Oct  8 07:03:30]  [RUST] 2026-10-08T07:03:30.677379Z  INFO consensus_core::coordination_hub: 🔄 [HUB] Phase transition: Healthy -> CatchingUp[0m
[32m[INFO][Oct  8 07:03:30]  [RUST] 2026-10-08T07:03:30.677434Z  INFO consensus_core::coordination_hub: 🔄 [HUB] Phase transition: CatchingUp -> Healthy[0m
[32m[INFO][Oct  8 07:03:30]  [RUST] 2026-10-08T07:03:30.677440Z  INFO consensus_core::commit_syncer: 🛡️ [DAG-GC-GUARD] Transitioning to Healthy. Local committer will automatically remain blocked if it falls behind gc_round.[0m
[32m[INFO][Oct  8 07:03:30]  [RUST] 2026-10-08T07:03:30.677464Z  INFO consensus_core::commit_syncer: 🔗 [BASELINE] Fetching network schedule/digest data for boundary commit #63900 (current cycle: 213)[0m
[33m[WARN][Oct  8 07:03:30]  [RUST] 2026-10-08T07:03:30.677476Z  WARN consensus_core::commit_syncer: ⚠️ [BASELINE] Attempt 1/5: Failed to fetch baseline commit #64175 from network. Retrying in 1s...[0m
[32m[INFO][Oct  8 07:03:30]  [RUST] 2026-10-08T07:03:30.677490Z  INFO consensus_core::commit_syncer: 🏃 [LIVENESS] Kicking Core to resume proposals after transitioning to Healthy...[0m
[DIAG digest-gate] direct_ok=329 buffered=0 poll_recovered=0 dropped=0
[DIAG dispatch_commit] dispatched_txs=10 gei_guard_skips=0 gei_guard_skipped_txs=0 fast_skip_empty=471
[33m[WARN][Oct  8 07:03:31]  [RUST] 2026-10-08T07:03:31.679178Z  WARN consensus_core::commit_syncer: ⚠️ [BASELINE] Attempt 2/5: Failed to fetch baseline commit #64175 from network. Retrying in 1s...[0m
[33m[WARN][Oct  8 07:03:32]  [RUST] 2026-10-08T07:03:32.680490Z  WARN consensus_core::commit_syncer: ⚠️ [BASELINE] Attempt 3/5: Failed to fetch baseline commit #64175 from network. Retrying in 1s...[0m
[DIAG digest-gate] direct_ok=339 buffered=0 poll_recovered=0 dropped=0
[DIAG dispatch_commit] dispatched_txs=10 gei_guard_skips=0 gei_guard_skipped_txs=0 fast_skip_empty=481
[33m[WARN][Oct  8 07:03:33]  [RUST] 2026-10-08T07:03:33.682301Z  WARN consensus_core::commit_syncer: ⚠️ [BASELINE] Attempt 4/5: Failed to fetch baseline commit #64175 from network. Retrying in 1s...[0m
[33m[WARN][Oct  8 07:03:34]  [RUST] 2026-10-08T07:03:34.683877Z  WARN consensus_core::commit_syncer: ⚠️ [BASELINE] Attempt 5/5: Failed to fetch baseline commit #64175 from network. Retrying in 1s...[0m
[DIAG digest-gate] direct_ok=349 buffered=0 poll_recovered=0 dropped=0
[32m[INFO][Oct  8 07:03:35]  [RUST] 2026-10-08T07:03:35.119364Z  INFO metanode::consensus::commit_processor::processor: [DIAG leader-addr] preembedded=493 resolved_ok=0 waiting_iters=0 out_of_bounds=0 invalid_len=0[0m
[DIAG dispatch_commit] dispatched_txs=10 gei_guard_skips=0 gei_guard_skipped_txs=0 fast_skip_empty=491
[DIAG tx_recycler] pending=2 submitted=4 confirmed=4 recycled=0 expired=0 capacity_evicted=0
[33m[WARN][Oct  8 07:03:35]  [RUST] 2026-10-08T07:03:35.519916Z  WARN consensus_core::core::commit_manager: 🚫 [SCHEDULE-RECOVERY] DAG lacks 300 commits at schedule update boundary (commit_index=64200). Skipping LeaderSchedule update to prevent reputation score divergence. Local committer will remain permanently blocked for this epoch.[0m
[33m[WARN][Oct  8 07:03:35]  [RUST] 2026-10-08T07:03:35.684523Z  WARN consensus_core::commit_syncer: 🚨 [BASELINE] Failed to fetch baseline commit #64175 after 5 attempts. ALL peers unreachable (network partition?). Skipping baseline — entering ScheduleVerifying for natural rebuild. Fork-safe: no proposals until schedule is verified.[0m
[32m[INFO][Oct  8 07:03:35]  [RUST] 2026-10-08T07:03:35.684750Z  INFO consensus_core::commit_syncer: 🛡️ [UNIFIED STATE] Phase: Healthy | Local DAG Commit: 64200 | Synced: 64175 | Network Quorum: 64200 | Lag(dag): 0 | Lag(synced,gates-on-this): 25 | Block Source: CONSENSUS (Healthy)[0m
[32m[INFO][Oct  8 07:03:35]  [RUST] 2026-10-08T07:03:35.684785Z  INFO consensus_core::coordination_hub: 🔄 [HUB] Phase transition: Healthy -> CatchingUp[0m
[32m[INFO][Oct  8 07:03:35]  [RUST] 2026-10-08T07:03:35.684822Z  INFO consensus_core::coordination_hub: 🔄 [HUB] Phase transition: CatchingUp -> Healthy[0m
[32m[INFO][Oct  8 07:03:35]  [RUST] 2026-10-08T07:03:35.684833Z  INFO consensus_core::commit_syncer: 🛡️ [DAG-GC-GUARD] Transitioning to Healthy. Local committer will automatically remain blocked if it falls behind gc_round.[0m
[32m[INFO][Oct  8 07:03:35]  [RUST] 2026-10-08T07:03:35.684866Z  INFO consensus_core::commit_syncer: 🔗 [BASELINE] Fetching network schedule/digest data for boundary commit #64200 (current cycle: 214)[0m
[33m[WARN][Oct  8 07:03:35]  [RUST] 2026-10-08T07:03:35.684888Z  WARN consensus_core::commit_syncer: ⚠️ [BASELINE] Attempt 1/5: Failed to fetch baseline commit #64200 from network. Retrying in 1s...[0m
[32m[INFO][Oct  8 07:03:35]  [RUST] 2026-10-08T07:03:35.684918Z  INFO consensus_core::commit_syncer: 🏃 [LIVENESS] Kicking Core to resume proposals after transitioning to Healthy...[0m
[33m[WARN][Oct  8 07:03:36]  [RUST] 2026-10-08T07:03:36.686256Z  WARN consensus_core::commit_syncer: ⚠️ [BASELINE] Attempt 2/5: Failed to fetch baseline commit #64200 from network. Retrying in 1s...[0m
[DIAG digest-gate] direct_ok=359 buffered=0 poll_recovered=0 dropped=0
[DIAG dispatch_commit] dispatched_txs=10 gei_guard_skips=0 gei_guard_skipped_txs=0 fast_skip_empty=501
[33m[WARN][Oct  8 07:03:37]  [RUST] 2026-10-08T07:03:37.688314Z  WARN consensus_core::commit_syncer: ⚠️ [BASELINE] Attempt 3/5: Failed to fetch baseline commit #64200 from network. Retrying in 1s...[0m
[33m[WARN][Oct  8 07:03:38]  [RUST] 2026-10-08T07:03:38.689632Z  WARN consensus_core::commit_syncer: ⚠️ [BASELINE] Attempt 4/5: Failed to fetch baseline commit #64200 from network. Retrying in 1s...[0m
[DIAG digest-gate] direct_ok=369 buffered=0 poll_recovered=0 dropped=0
[DIAG dispatch_commit] dispatched_txs=10 gei_guard_skips=0 gei_guard_skipped_txs=0 fast_skip_empty=511
[33m[WARN][Oct  8 07:03:39]  [RUST] 2026-10-08T07:03:39.690709Z  WARN consensus_core::commit_syncer: ⚠️ [BASELINE] Attempt 5/5: Failed to fetch baseline commit #64200 from network. Retrying in 1s...[0m
[32m[INFO][Oct  8 07:03:40]  [RUST] 2026-10-08T07:03:40.125935Z  INFO metanode::consensus::commit_processor::processor: [DIAG leader-addr] preembedded=518 resolved_ok=0 waiting_iters=0 out_of_bounds=0 invalid_len=0[0m
[DIAG tx_recycler] pending=2 submitted=4 confirmed=4 recycled=0 expired=0 capacity_evicted=0
[33m[WARN][Oct  8 07:03:40]  [RUST] 2026-10-08T07:03:40.691944Z  WARN consensus_core::commit_syncer: 🚨 [BASELINE] Failed to fetch baseline commit #64200 after 5 attempts. ALL peers unreachable (network partition?). Skipping baseline — entering ScheduleVerifying for natural rebuild. Fork-safe: no proposals until schedule is verified.[0m
[32m[INFO][Oct  8 07:03:40]  [RUST] 2026-10-08T07:03:40.692159Z  INFO consensus_core::commit_syncer: 🛡️ [UNIFIED STATE] Phase: Healthy | Local DAG Commit: 64225 | Synced: 64200 | Network Quorum: 64225 | Lag(dag): 0 | Lag(synced,gates-on-this): 25 | Block Source: CONSENSUS (Healthy)[0m
[32m[INFO][Oct  8 07:03:40]  [RUST] 2026-10-08T07:03:40.692195Z  INFO consensus_core::coordination_hub: 🔄 [HUB] Phase transition: Healthy -> CatchingUp[0m
[32m[INFO][Oct  8 07:03:40]  [RUST] 2026-10-08T07:03:40.692226Z  INFO consensus_core::coordination_hub: 🔄 [HUB] Phase transition: CatchingUp -> Healthy[0m
[32m[INFO][Oct  8 07:03:40]  [RUST] 2026-10-08T07:03:40.692244Z  INFO consensus_core::commit_syncer: 🛡️ [DAG-GC-GUARD] Transitioning to Healthy. Local committer will automatically remain blocked if it falls behind gc_round.[0m
[32m[INFO][Oct  8 07:03:40]  [RUST] 2026-10-08T07:03:40.692271Z  INFO consensus_core::commit_syncer: 🔗 [BASELINE] Fetching network schedule/digest data for boundary commit #64200 (current cycle: 214)[0m
[33m[WARN][Oct  8 07:03:40]  [RUST] 2026-10-08T07:03:40.692291Z  WARN consensus_core::commit_syncer: ⚠️ [BASELINE] Attempt 1/5: Failed to fetch baseline commit #64225 from network. Retrying in 1s...[0m
[32m[INFO][Oct  8 07:03:40]  [RUST] 2026-10-08T07:03:40.692319Z  INFO consensus_core::commit_syncer: 🏃 [LIVENESS] Kicking Core to resume proposals after transitioning to Healthy...[0m
[DIAG digest-gate] direct_ok=379 buffered=0 poll_recovered=0 dropped=0
[DIAG dispatch_commit] dispatched_txs=10 gei_guard_skips=0 gei_guard_skipped_txs=0 fast_skip_empty=521
[33m[WARN][Oct  8 07:03:41]  [RUST] 2026-10-08T07:03:41.694059Z  WARN consensus_core::commit_syncer: ⚠️ [BASELINE] Attempt 2/5: Failed to fetch baseline commit #64225 from network. Retrying in 1s...[0m
[33m[WARN][Oct  8 07:03:42]  [RUST] 2026-10-08T07:03:42.694697Z  WARN consensus_core::commit_syncer: ⚠️ [BASELINE] Attempt 3/5: Failed to fetch baseline commit #64225 from network. Retrying in 1s...[0m
[DIAG digest-gate] direct_ok=389 buffered=0 poll_recovered=0 dropped=0
[DIAG dispatch_commit] dispatched_txs=10 gei_guard_skips=0 gei_guard_skipped_txs=0 fast_skip_empty=531
[33m[WARN][Oct  8 07:03:43]  [RUST] 2026-10-08T07:03:43.695846Z  WARN consensus_core::commit_syncer: ⚠️ [BASELINE] Attempt 4/5: Failed to fetch baseline commit #64225 from network. Retrying in 1s...[0m
[33m[WARN][Oct  8 07:03:44]  [RUST] 2026-10-08T07:03:44.696476Z  WARN consensus_core::commit_syncer: ⚠️ [BASELINE] Attempt 5/5: Failed to fetch baseline commit #64225 from network. Retrying in 1s...[0m
[DIAG digest-gate] direct_ok=399 buffered=0 poll_recovered=0 dropped=0
[DIAG dispatch_commit] dispatched_txs=10 gei_guard_skips=0 gei_guard_skipped_txs=0 fast_skip_empty=[32m[INFO][Oct  8 07:03:45]  [RUST] 2026-10-08T07:03:45.135873Z  INFO metanode::consensus::commit_processor::processor: [DIAG leader-addr] preembedded=543 resolved_ok=0 waiting_iters=0 out_of_bounds=0 invalid_len=0[0m
541
[DIAG tx_recycler] pending=2 submitted=4 confirmed=4 recycled=0 expired=0 capacity_evicted=0
[33m[WARN][Oct  8 07:03:45]  [RUST] 2026-10-08T07:03:45.697832Z  WARN consensus_core::commit_syncer: 🚨 [BASELINE] Failed to fetch baseline commit #64225 after 5 attempts. ALL peers unreachable (network partition?). Skipping baseline — entering ScheduleVerifying for natural rebuild. Fork-safe: no proposals until schedule is verified.[0m
[32m[INFO][Oct  8 07:03:45]  [RUST] 2026-10-08T07:03:45.697918Z  INFO consensus_core::commit_syncer: 🛡️ [UNIFIED STATE] Phase: Healthy | Local DAG Commit: 64250 | Synced: 64225 | Network Quorum: 64250 | Lag(dag): 0 | Lag(synced,gates-on-this): 25 | Block Source: CONSENSUS (Healthy)[0m
[32m[INFO][Oct  8 07:03:45]  [RUST] 2026-10-08T07:03:45.697948Z  INFO consensus_core::coordination_hub: 🔄 [HUB] Phase transition: Healthy -> CatchingUp[0m
[32m[INFO][Oct  8 07:03:45]  [RUST] 2026-10-08T07:03:45.697973Z  INFO consensus_core::coordination_hub: 🔄 [HUB] Phase transition: CatchingUp -> Healthy[0m
[32m[INFO][Oct  8 07:03:45]  [RUST] 2026-10-08T07:03:45.698042Z  INFO consensus_core::commit_syncer: 🛡️ [DAG-GC-GUARD] Transitioning to Healthy. Local committer will automatically remain blocked if it falls behind gc_round.[0m
[32m[INFO][Oct  8 07:03:45]  [RUST] 2026-10-08T07:03:45.698094Z  INFO consensus_core::commit_syncer: 🔗 [BASELINE] Fetching network schedule/digest data for boundary commit #64200 (current cycle: 214)[0m
[33m[WARN][Oct  8 07:03:45]  [RUST] 2026-10-08T07:03:45.698117Z  WARN consensus_core::commit_syncer: ⚠️ [BASELINE] Attempt 1/5: Failed to fetch baseline commit #64250 from network. Retrying in 1s...[0m
[32m[INFO][Oct  8 07:03:45]  [RUST] 2026-10-08T07:03:45.698140Z  INFO consensus_core::commit_syncer: 🏃 [LIVENESS] Kicking Core to resume proposals after transitioning to Healthy...[0m
[33m[WARN][Oct  8 07:03:46]  [RUST] 2026-10-08T07:03:46.699207Z  WARN consensus_core::commit_syncer: ⚠️ [BASELINE] Attempt 2/5: Failed to fetch baseline commit #64250 from network. Retrying in 1s...[0m
